15149;2011-06-24;10000
15152;2011-06-27;9998.66
15153;2011-06-28;10072.74
15154;2011-06-29;10209.21
15155;2011-06-30;10279.41
15156;2011-07-01;10292.57
15159;2011-07-04;10371.07
15160;2011-07-05;10365.05
15161;2011-07-06;10407.79
15162;2011-07-07;10410.96
15163;2011-07-08;10441.06
15166;2011-07-11;10443.41
15167;2011-07-12;10369.75
15168;2011-07-13;10384.23
15169;2011-07-14;10295.21
15170;2011-07-15;10315.62
15173;2011-07-18;10313.86
15174;2011-07-19;10273.94
15175;2011-07-20;10317.32
15176;2011-07-21;10296.27
15177;2011-07-22;10373.99
15180;2011-07-25;10362.4
15181;2011-07-26;10386.04
15182;2011-07-27;10312.52
15183;2011-07-28;10183.53
15184;2011-07-29;10081.11
15187;2011-08-01;10150.63
15188;2011-08-02;10036.74
15189;2011-08-03;9890.89
15190;2011-08-04;9911.48
15191;2011-08-05;9673.84
15194;2011-08-08;9492.23
15195;2011-08-09;9414.16
15196;2011-08-10;9499.61
15202;2011-08-16;9575.62
15203;2011-08-17;9570.71
15208;2011-08-22;9216.83
15209;2011-08-23;9318.65
15210;2011-08-24;9261.54
15215;2011-08-29;9445.4
15216;2011-08-30;9564.11
15217;2011-08-31;9606.09
15222;2011-09-05;9446.67
15223;2011-09-06;9315.17
15224;2011-09-07;9415.53
15229;2011-09-12;9297.71
15230;2011-09-13;9407.28
15231;2011-09-14;9295.9
15236;2011-09-19;9644.13
15237;2011-09-20;9496.04
15238;2011-09-21;9469.46
15243;2011-09-26;9176.11
15244;2011-09-27;9401.68
15245;2011-09-28;9649.26
15250;2011-10-03;9615.3
15251;2011-10-04;9488.18
15252;2011-10-05;9334.96
15257;2011-10-10;9518.94
15258;2011-10-11;9623.91
15259;2011-10-12;9600.76
15264;2011-10-17;9602.17
15265;2011-10-18;9496.57
15266;2011-10-19;9500.99
15271;2011-10-24;9472.99
15272;2011-10-25;9382.51
15273;2011-10-26;9374.43
15280;2011-11-02;9241.89
15285;2011-11-07;9174.83
15286;2011-11-08;9052.77
15287;2011-11-09;9128.27
15288;2011-11-10;8967.8
15289;2011-11-11;8949.37
15292;2011-11-14;8989.1
15293;2011-11-15;8952.75
15294;2011-11-16;8862.4
15295;2011-11-17;8916.8
15296;2011-11-18;8860.81
15299;2011-11-21;8823.28
15300;2011-11-22;8845.3
15301;2011-11-23;8844.81
15302;2011-11-24;8738.79
15303;2011-11-25;8723.36
15306;2011-11-28;8824.17
15307;2011-11-29;8990.24
15308;2011-11-30;9018.32
15309;2011-12-01;9099.32
15310;2011-12-02;9143.06
15313;2011-12-05;9211.68
15314;2011-12-06;9070.08
15315;2011-12-07;9190.61
15316;2011-12-08;9173.25
15317;2011-12-09;9143.53
15320;2011-12-12;9263.13
15321;2011-12-13;9234.35
15322;2011-12-14;9198.49
15323;2011-12-15;9096.19
15324;2011-12-16;9032.96
15327;2011-12-19;8957.55
15328;2011-12-20;9004.32
15329;2011-12-21;9096.77
15330;2011-12-22;9070.52
15331;2011-12-23;9070.1
15335;2011-12-27;9091.91
15336;2011-12-28;9081.51
15337;2011-12-29;9104.1
15338;2011-12-30;9207.87
15341;2012-01-02;9206.51
15342;2012-01-03;9206.01
15343;2012-01-04;9350.57
15344;2012-01-05;9284.73
15345;2012-01-06;9218.13
15348;2012-01-09;9216.77
15349;2012-01-10;9252.15
15350;2012-01-11;9279.8
15351;2012-01-12;9209.1
15352;2012-01-13;9295.76
15355;2012-01-16;9230.86
15356;2012-01-17;9286.16
15357;2012-01-18;9310.03
15358;2012-01-19;9357.01
15359;2012-01-20;9503.67
15362;2012-01-23;9517.71
15363;2012-01-24;9494.18
15364;2012-01-25;9596.87
15369;2012-01-30;9532.59
15370;2012-01-31;9551.48
15371;2012-02-01;9550.98
15372;2012-02-02;9584.45
15373;2012-02-03;9535.96
15376;2012-02-06;9619.73
15377;2012-02-07;9633.12
15378;2012-02-08;9747.5
15379;2012-02-09;9781.68
15380;2012-02-10;9726.8
15383;2012-02-13;9742.4
15384;2012-02-14;9818.16
15385;2012-02-15;9932.65
15386;2012-02-16;9892.83
15387;2012-02-17;9987.37
15390;2012-02-20;10021.74
15391;2012-02-21;10039.04
15392;2012-02-22;10179.96
15393;2012-02-23;10231.61
15394;2012-02-24;10275.04
15397;2012-02-27;10315
15398;2012-02-28;10372.68
15399;2012-02-29;10312.85
15400;2012-03-01;10248.32
15401;2012-03-02;10326.9
15404;2012-03-05;10277.28
15405;2012-03-06;10262.86
15406;2012-03-07;10291.07
15407;2012-03-08;10379.62
15408;2012-03-09;10471.29
15411;2012-03-12;10424.12
15412;2012-03-13;10392.27
15413;2012-03-14;10452.15
15414;2012-03-15;10509.34
15415;2012-03-16;10554.14
15418;2012-03-19;10580.64
15419;2012-03-20;10579.94
15420;2012-03-21;10498.66
15421;2012-03-22;10526.36
15422;2012-03-23;10512.22
15425;2012-03-26;10450.96
15426;2012-03-27;10641.41
15427;2012-03-28;10657.86
15428;2012-03-29;10651.28
15429;2012-03-30;10682.47
15432;2012-04-02;10621.5
15433;2012-04-03;10575.15
15434;2012-04-04;10424.54
15435;2012-04-05;10370.16
15440;2012-04-10;10190.26
15441;2012-04-11;10091.96
15442;2012-04-12;10154.24
15443;2012-04-13;10179.98
15446;2012-04-16;10078.14
15447;2012-04-17;10103.16
15448;2012-04-18;10288.71
15449;2012-04-19;10205.35
15450;2012-04-20;10225.86
15453;2012-04-23;10184.91
15454;2012-04-24;10138.19
15455;2012-04-25;10195.72
15456;2012-04-26;10200.27
15457;2012-04-27;10092.42
15460;2012-04-30;10090.92
15462;2012-05-02;10078.06
15463;2012-05-03;10077.57
15464;2012-05-04;10077.06
15467;2012-05-07;9838.44
15468;2012-05-08;9905.47
15469;2012-05-09;9766.87
15470;2012-05-10;9818.81
15471;2012-05-11;9679.1
15474;2012-05-14;9591.55
15475;2012-05-15;9459.48
15476;2012-05-16;9343.7
15478;2012-05-18;9236.57
15481;2012-05-21;9259.71
15482;2012-05-22;9333.75
15483;2012-05-23;9205.95
15484;2012-05-24;9213.21
15485;2012-05-25;9181.34
15489;2012-05-29;9180.52
15490;2012-05-30;9160.69
15491;2012-05-31;9134.72
15492;2012-06-01;8990.36
15495;2012-06-04;8889.52
15496;2012-06-05;9025
15497;2012-06-06;9190.24
15498;2012-06-07;9336.69
15499;2012-06-08;9254.4
15502;2012-06-11;9385.13
15503;2012-06-12;9359.13
15504;2012-06-13;9362.82
15505;2012-06-14;9352.52
15506;2012-06-15;9339.62
15509;2012-06-18;9430.85
15510;2012-06-19;9356.24
15511;2012-06-20;9482.67
15512;2012-06-21;9551.13
15513;2012-06-22;9523.79
15516;2012-06-25;9480.15
15517;2012-06-26;9421.97
15518;2012-06-27;9526.94
15519;2012-06-28;9688.95
15523;2012-07-02;9795.76
15524;2012-07-03;9869.04
15525;2012-07-04;9869.56
15526;2012-07-05;9848.45
15527;2012-07-06;9818.06
15530;2012-07-09;9757.84
15531;2012-07-10;9705.65
15532;2012-07-11;9644.25
15533;2012-07-12;9513.55
15534;2012-07-13;9534.69
15537;2012-07-16;9533.31
15538;2012-07-17;9459.1
15539;2012-07-18;9402.15
15540;2012-07-19;9488.64
15541;2012-07-20;9342.66
15544;2012-07-23;9179.71
15545;2012-07-24;9151.15
15546;2012-07-25;9044.11
15547;2012-07-26;9159.68
15548;2012-07-27;9258.78
15551;2012-07-30;9341.08
15552;2012-07-31;9352.79
15553;2012-08-01;9322.49
15554;2012-08-02;9340.94
15555;2012-08-03;9188.85
15558;2012-08-06;9257.66
15559;2012-08-07;9290.08
15560;2012-08-08;9350.96
15561;2012-08-09;9415.54
15562;2012-08-10;9412.02
15565;2012-08-13;9405.3
15566;2012-08-14;9521.32
15568;2012-08-16;9567.35
15569;2012-08-17;9619.39
15572;2012-08-20;9589.45
15573;2012-08-21;9613.15
15574;2012-08-22;9561.46
15575;2012-08-23;9563.58
15576;2012-08-24;9505.58
15579;2012-08-27;9466.31
15580;2012-08-28;9332.79
15581;2012-08-29;9354
15582;2012-08-30;9276.31
15583;2012-08-31;9156.09
15586;2012-09-03;9120.67
15587;2012-09-04;9050.01
15588;2012-09-05;8933.22
15589;2012-09-06;8909.01
15590;2012-09-07;9009.44
15593;2012-09-10;9035.59
15594;2012-09-11;9019.23
15595;2012-09-12;9140.18
15596;2012-09-13;9179.11
15597;2012-09-14;9284.93
15600;2012-09-17;9283.09
15601;2012-09-18;9318.74
15602;2012-09-19;9360.31
15603;2012-09-20;9270.27
15607;2012-09-24;9304.09
15608;2012-09-25;9379.47
15609;2012-09-26;9382.88
15610;2012-09-27;9358.6
15611;2012-09-28;9309.79
15614;2012-10-01;9301.68
15616;2012-10-03;9118.33
15617;2012-10-04;9161.17
15618;2012-10-05;9199.16
15621;2012-10-08;9197.42
15622;2012-10-09;9097.83
15623;2012-10-10;8931.88
15624;2012-10-11;8890.37
15625;2012-10-12;8880.84
15628;2012-10-15;8951.45
15629;2012-10-16;8995.51
15630;2012-10-17;9129.51
15631;2012-10-18;9252.36
15632;2012-10-19;9278.72
15635;2012-10-22;9278.68
15636;2012-10-23;9232.12
15637;2012-10-24;9215.8
15638;2012-10-25;9278.4
15639;2012-10-26;9230.56
15642;2012-10-29;9221.01
15643;2012-10-30;9134.35
15644;2012-10-31;9215.28
15646;2012-11-02;9364.42
15649;2012-11-05;9300.09
15650;2012-11-06;9233.41
15651;2012-11-07;9232.44
15652;2012-11-08;9148.73
15653;2012-11-09;9067.67
15656;2012-11-12;8984.42
15657;2012-11-13;8987.01
15658;2012-11-14;9001.45
15659;2012-11-15;9144.66
15660;2012-11-16;9269.58
15663;2012-11-19;9352.44
15664;2012-11-20;9397.2
15665;2012-11-21;9457.85
15666;2012-11-22;9564.94
15667;2012-11-23;9564.36
15670;2012-11-26;9619.78
15671;2012-11-27;9692.44
15672;2012-11-28;9566.76
15673;2012-11-29;9628.47
15674;2012-11-30;9606.83
15678;2012-12-04;9671.27
15679;2012-12-05;9677.56
15680;2012-12-06;9790.67
15681;2012-12-07;9773.97
15684;2012-12-10;9762.87
15685;2012-12-11;9741.26
15686;2012-12-12;9790.07
15687;2012-12-13;9838.44
15688;2012-12-14;9852.92
15691;2012-12-17;9904.11
15692;2012-12-18;9969.32
15693;2012-12-19;10119.31
15694;2012-12-20;10178.49
15695;2012-12-21;10161.3
15701;2012-12-27;10370.18
15702;2012-12-28;10421.18
15705;2012-12-31;10419.29
15707;2013-01-02;10418.25
15708;2013-01-03;10417.33
15709;2013-01-04;10665.49
15712;2013-01-07;10656.34
15713;2013-01-08;10575.36
15714;2013-01-09;10656.97
15715;2013-01-10;10766.61
15716;2013-01-11;10836.36
15719;2013-01-14;10834.37
15720;2013-01-15;10942.23
15721;2013-01-16;10822.04
15722;2013-01-17;10790.78
15723;2013-01-18;10988.26
15726;2013-01-21;11020.08
15727;2013-01-22;10973.56
15728;2013-01-23;10877.12
15729;2013-01-24;10981.11
15730;2013-01-25;11111.35
15733;2013-01-28;11065.64
15734;2013-01-29;11044.58
15735;2013-01-30;11186.84
15736;2013-01-31;11179.68
15737;2013-02-01;11234.88
15740;2013-02-04;11251.72
15741;2013-02-05;11168.32
15742;2013-02-06;11400.9
15743;2013-02-07;11418.21
15744;2013-02-08;11371.29
15747;2013-02-11;11371.48
15748;2013-02-12;11484.56
15749;2013-02-13;11335.24
15750;2013-02-14;11336.5
15751;2013-02-15;11217.14
15754;2013-02-18;11442.38
15755;2013-02-19;11511.98
15756;2013-02-20;11690.97
15757;2013-02-21;11657.93
15758;2013-02-22;11581.03
15761;2013-02-25;11717.83
15762;2013-02-26;11624.27
15763;2013-02-27;11535.96
15764;2013-02-28;11795.1
15765;2013-03-01;11882.42
15768;2013-03-04;11934.33
15769;2013-03-05;11946.47
15770;2013-03-06;12053.94
15771;2013-03-07;12072.36
15772;2013-03-08;12173.97
15775;2013-03-11;12345.5
15776;2013-03-12;12293.52
15777;2013-03-13;12264.88
15778;2013-03-14;12354.33
15779;2013-03-15;12565.25
15782;2013-03-18;12443.09
15783;2013-03-19;12539.43
15784;2013-03-20;12538.94
15785;2013-03-21;12683.87
15786;2013-03-22;12476.98
15789;2013-03-25;12469.57
15790;2013-03-26;12513.29
15791;2013-03-27;12688.47
15792;2013-03-28;12640.96
15797;2013-04-02;11960.85
15798;2013-04-03;12212.6
15799;2013-04-04;12457.88
15800;2013-04-05;12651.25
15803;2013-04-08;12926.07
15804;2013-04-09;12960.92
15805;2013-04-10;12978.41
15806;2013-04-11;13095.33
15807;2013-04-12;13036.23
15810;2013-04-15;12930.21
15811;2013-04-16;12795.36
15812;2013-04-17;12981.74
15813;2013-04-18;12903.97
15814;2013-04-19;12936.22
15817;2013-04-22;13196.61
15818;2013-04-23;13208.75
15819;2013-04-24;13456.83
15820;2013-04-25;13590.05
15821;2013-04-26;13466.42
15824;2013-04-29;13463.57
15825;2013-04-30;13535.14
15827;2013-05-02;13530.34
15828;2013-05-03;13532.66
15831;2013-05-06;13529.96
15832;2013-05-07;13912.12
15833;2013-05-08;13945.51
15835;2013-05-10;14096.39
15838;2013-05-13;14174.84
15839;2013-05-14;14275.53
15840;2013-05-15;14184.28
15841;2013-05-16;14112.38
15842;2013-05-17;14304.78
15846;2013-05-21;14435.5
15847;2013-05-22;14434.61
15848;2013-05-23;13503.58
15849;2013-05-24;13548.23
15852;2013-05-27;13082.85
15853;2013-05-28;13123
15854;2013-05-29;13351.67
15855;2013-05-30;12988.9
15856;2013-05-31;13188.95
15859;2013-06-03;12820.7
15860;2013-06-04;12905.91
15861;2013-06-05;12691.33
15862;2013-06-06;12374.18
15863;2013-06-07;12063.9
15866;2013-06-10;12628.17
15867;2013-06-11;12513.97
15868;2013-06-12;12442.65
15869;2013-06-13;12128.42
15870;2013-06-14;12241.59
15873;2013-06-17;12616.66
15874;2013-06-18;12612.5
15875;2013-06-19;12818.51
15876;2013-06-20;12763.16
15877;2013-06-21;12754.37
15880;2013-06-24;12716.86
15881;2013-06-25;12604.06
15882;2013-06-26;12429.57
15883;2013-06-27;12672.42
15884;2013-06-28;13020.49
15887;2013-07-01;13180.47
15888;2013-07-02;13350.96
15889;2013-07-03;13394.67
15890;2013-07-04;13396.87
15891;2013-07-05;13561.01
15894;2013-07-08;13459.94
15895;2013-07-09;13703.97
15896;2013-07-10;13767.12
15897;2013-07-11;13794
15898;2013-07-12;13852.26
15901;2013-07-15;13849.56
15902;2013-07-16;13954.1
15903;2013-07-17;13952.87
15904;2013-07-18;13981.09
15905;2013-07-19;13807.2
15908;2013-07-22;13878.38
15909;2013-07-23;13940.91
15910;2013-07-24;13968.47
15911;2013-07-25;13875.98
15912;2013-07-26;13621.21
15915;2013-07-29;13260.76
15916;2013-07-30;13448.02
15917;2013-07-31;13207.06
15918;2013-08-01;13412.87
15919;2013-08-02;13664.23
15922;2013-08-05;13588.14
15923;2013-08-06;13682.44
15924;2013-08-07;13440.29
15925;2013-08-08;13301.43
15926;2013-08-09;13341.62
15929;2013-08-12;13323.26
15930;2013-08-13;13503.08
15931;2013-08-14;13614.58
15933;2013-08-16;13337.54
15936;2013-08-19;13418.53
15937;2013-08-20;13265.21
15938;2013-08-21;13194.95
15939;2013-08-22;13257.95
15940;2013-08-23;13426.48
15943;2013-08-26;13421.79
15944;2013-08-27;13377.08
15945;2013-08-28;13166.55
15946;2013-08-29;13156.34
15947;2013-08-30;12988.18
15950;2013-09-02;13149.98
15951;2013-09-03;13465.73
15952;2013-09-04;13554.31
15953;2013-09-05;13531.65
15954;2013-09-06;13502.3
15957;2013-09-09;13805
15958;2013-09-10;14003.8
15959;2013-09-11;14003.87
15960;2013-09-12;13980.56
15961;2013-09-13;14041.97
15964;2013-09-16;14039.66
15965;2013-09-17;14066.56
15966;2013-09-18;14107.39
15967;2013-09-19;14318.28
15968;2013-09-20;14387.33
15971;2013-09-23;14385.03
15972;2013-09-24;14374.02
15973;2013-09-25;14297.55
15974;2013-09-26;14449.33
15975;2013-09-27;14453.66
15978;2013-09-30;14244.99
15979;2013-10-01;14234.55
15980;2013-10-02;14040.01
15981;2013-10-03;13959.59
15982;2013-10-04;13851.61
15985;2013-10-07;13648.7
15986;2013-10-08;13680.42
15987;2013-10-09;13854.56
15988;2013-10-10;13973.77
15989;2013-10-11;14197.49
15992;2013-10-14;14195.32
15993;2013-10-15;14177.37
15994;2013-10-16;14175.62
15995;2013-10-17;14292.55
15996;2013-10-18;14295.11
15999;2013-10-21;14388.76
16000;2013-10-22;14440.86
16001;2013-10-23;14287.53
16002;2013-10-24;14356.26
16003;2013-10-25;14138.86
16006;2013-10-28;14303.79
16007;2013-10-29;14227.68
16008;2013-10-30;14285.64
16009;2013-10-31;14221.91
16013;2013-11-04;14088.54
16014;2013-11-05;14106.22
16015;2013-11-06;14220.68
16016;2013-11-07;14131.13
16017;2013-11-08;14056.28
16020;2013-11-11;14149.46
16021;2013-11-12;14348.03
16022;2013-11-13;14277.01
16023;2013-11-14;14382.14
16024;2013-11-15;14536.02
16027;2013-11-18;14551.28
16028;2013-11-19;14511.1
16029;2013-11-20;14509.49
16030;2013-11-21;14606.92
16031;2013-11-22;14625.14
16034;2013-11-25;14716.15
16035;2013-11-26;14793.63
16036;2013-11-27;14722.62
16037;2013-11-28;14770.61
16038;2013-11-29;14741.88
16041;2013-12-02;14771.77
16042;2013-12-03;14790.53
16043;2013-12-04;14638.92
16044;2013-12-05;14564.78
16045;2013-12-06;14616.1
16048;2013-12-09;14785.53
16049;2013-12-10;14773.2
16050;2013-12-11;14722.85
16051;2013-12-12;14687.25
16052;2013-12-13;14604.77
16055;2013-12-16;14434.07
16056;2013-12-17;14562.51
16057;2013-12-18;14681.45
16058;2013-12-19;14703.9
16059;2013-12-20;14696.21
16062;2013-12-23;14693.34
16066;2013-12-27;15219.5
16069;2013-12-30;15410.99
16070;2013-12-31;15410.04
16072;2014-01-02;15408.05
16073;2014-01-03;15407.13
16076;2014-01-06;15392.76
16077;2014-01-07;15309.34
16078;2014-01-08;15565.54
16079;2014-01-09;15550.79
16080;2014-01-10;15548.61
16083;2014-01-13;15546.12
16084;2014-01-14;15224.7
16085;2014-01-15;15441.37
16086;2014-01-16;15446.56
16087;2014-01-17;15581.16
16090;2014-01-20;15585.66
16091;2014-01-21;15581.04
16092;2014-01-22;15637.55
16093;2014-01-23;15487.38
16094;2014-01-24;15211.45
16097;2014-01-27;14761.65
16098;2014-01-28;14731.13
16099;2014-01-29;15121.38
16100;2014-01-30;14748.97
16101;2014-01-31;14819.32
16104;2014-02-03;14578.24
16105;2014-02-04;13854.09
16106;2014-02-05;14028.85
16107;2014-02-06;14112.65
16108;2014-02-07;14412.02
16111;2014-02-10;14557.46
16112;2014-02-11;14556.79
16113;2014-02-12;14746.63
16114;2014-02-13;14568.17
16115;2014-02-14;14415.23
16118;2014-02-17;14562.32
16119;2014-02-18;14805.24
16120;2014-02-19;14735.58
16121;2014-02-20;14524.07
16122;2014-02-21;14820.39
16125;2014-02-24;14772.51
16126;2014-02-25;14937.52
16127;2014-02-26;14822.86
16128;2014-02-27;14745.62
16129;2014-02-28;14728.08
16132;2014-03-03;14548.51
16133;2014-03-04;14672.86
16134;2014-03-05;14748.84
16135;2014-03-06;14876.55
16136;2014-03-07;14935.01
16139;2014-03-10;14865.16
16140;2014-03-11;14943.06
16141;2014-03-12;14691.72
16142;2014-03-13;14656.09
16143;2014-03-14;14262.39
16146;2014-03-17;14071.9
16147;2014-03-18;14303.3
16148;2014-03-19;14264.35
16149;2014-03-20;13996.05
16150;2014-03-21;13995.34
16153;2014-03-24;14356.85
16154;2014-03-25;14475.06
16155;2014-03-26;14542.37
16156;2014-03-27;14783.9
16157;2014-03-28;14923.92
16160;2014-03-31;15088.21
16161;2014-04-01;15195.15
16162;2014-04-02;15181.11
16163;2014-04-03;15203.72
16164;2014-04-04;15176.2
16167;2014-04-07;14959.64
16168;2014-04-08;14684.87
16169;2014-04-09;14375.62
16170;2014-04-10;14391.13
16171;2014-04-11;14212.56
16174;2014-04-14;14217.71
16175;2014-04-15;14301.14
16176;2014-04-16;14609.62
16177;2014-04-17;14621.37
16182;2014-04-22;14558.91
16183;2014-04-23;14685.36
16184;2014-04-24;14683.93
16185;2014-04-25;14798
16188;2014-04-28;14676.73
16189;2014-04-29;14676.15
16190;2014-04-30;14702.43
16192;2014-05-02;14934.72
16195;2014-05-05;14929.95
16196;2014-05-06;14931.97
16197;2014-05-07;14546.29
16198;2014-05-08;14604.4
16199;2014-05-09;14708.55
16202;2014-05-12;14561.18
16203;2014-05-13;14684.14
16204;2014-05-14;14754.82
16205;2014-05-15;14669.54
16206;2014-05-16;14474.18
16209;2014-05-19;14420.29
16210;2014-05-20;14436.03
16211;2014-05-21;14416.34
16212;2014-05-22;14635.77
16213;2014-05-23;14754.29
16216;2014-05-26;14915.04
16217;2014-05-27;14894.12
16218;2014-05-28;14942.37
16220;2014-05-30;14976.23
16223;2014-06-02;15189.63
16224;2014-06-03;15261.44
16225;2014-06-04;15341.32
16226;2014-06-05;15351.4
16227;2014-06-06;15411.12
16231;2014-06-10;15418.13
16232;2014-06-11;15544.55
16233;2014-06-12;15454.15
16234;2014-06-13;15597.44
16237;2014-06-16;15544.36
16238;2014-06-17;15640.84
16239;2014-06-18;15786.14
16240;2014-06-19;15945.66
16241;2014-06-20;15902.9
16245;2014-06-24;15970.03
16246;2014-06-25;15931.26
16247;2014-06-26;15955.17
16248;2014-06-27;15852.22
16251;2014-06-30;16048.82
16252;2014-07-01;16146.29
16253;2014-07-02;16151.83
16254;2014-07-03;16134.96
16255;2014-07-04;16245.25
16258;2014-07-07;16136.47
16259;2014-07-08;16153.31
16260;2014-07-09;16049.32
16261;2014-07-10;15918.21
16262;2014-07-11;15823.13
16265;2014-07-14;15913.68
16266;2014-07-15;15970.13
16267;2014-07-16;15944.4
16268;2014-07-17;15944.51
16269;2014-07-18;15782.37
16272;2014-07-21;15779.87
16273;2014-07-22;16011.94
16274;2014-07-23;16057.33
16275;2014-07-24;16069.63
16276;2014-07-25;16177.19
16279;2014-07-28;16241.36
16280;2014-07-29;16340.91
16281;2014-07-30;16327.37
16282;2014-07-31;16300.41
16283;2014-08-01;16111.63
16286;2014-08-04;16106.38
16287;2014-08-05;15955.99
16288;2014-08-06;15782.74
16289;2014-08-07;15864.11
16290;2014-08-08;15550.46
16293;2014-08-11;15901.7
16294;2014-08-12;15970.34
16295;2014-08-13;16037.52
16296;2014-08-14;16173.93
16300;2014-08-18;16228.55
16301;2014-08-19;16299.46
16302;2014-08-20;16278.43
16303;2014-08-21;16407.13
16304;2014-08-22;16297.12
16307;2014-08-25;16360.72
16308;2014-08-26;16303.45
16309;2014-08-27;16321.79
16310;2014-08-28;16268.81
16311;2014-08-29;16242.71
16314;2014-09-01;16346.96
16315;2014-09-02;16515.22
16316;2014-09-03;16504.94
16317;2014-09-04;16437.68
16318;2014-09-05;16411.58
16321;2014-09-08;16512.48
16322;2014-09-09;16547.84
16323;2014-09-10;16707
16324;2014-09-11;16700.1
16325;2014-09-12;16650.88
16328;2014-09-15;16646.63
16329;2014-09-16;16671.68
16330;2014-09-17;16558.35
16331;2014-09-18;16695.2
16332;2014-09-19;16892.91
16335;2014-09-22;16840.84
16336;2014-09-23;16839.64
16337;2014-09-24;16801.67
16338;2014-09-25;17108.01
16339;2014-09-26;16963.86
16342;2014-09-29;17062.89
16343;2014-09-30;16879.91
16344;2014-10-01;16712.55
16345;2014-10-02;16167.17
16346;2014-10-03;16210.75
16349;2014-10-06;16426.66
16350;2014-10-07;16242.75
16351;2014-10-08;16034.64
16352;2014-10-09;15798.48
16353;2014-10-10;15516.07
16356;2014-10-13;15508.29
16357;2014-10-14;15238.65
16358;2014-10-15;15343.83
16359;2014-10-16;14974.8
16360;2014-10-17;14816.65
16363;2014-10-20;15354.37
16364;2014-10-21;15013.59
16365;2014-10-22;15417.07
16366;2014-10-23;15373.37
16367;2014-10-24;15505.18
16370;2014-10-27;15681.01
16371;2014-10-28;15622.08
16372;2014-10-29;15870.54
16373;2014-10-30;15948.36
16374;2014-10-31;16379.64
16377;2014-11-03;16386.82
16378;2014-11-04;16634.66
16379;2014-11-05;16720.17
16380;2014-11-06;16556.46
16381;2014-11-07;16748.24
16384;2014-11-10;16768.51
16385;2014-11-11;16868.66
16386;2014-11-12;16825.61
16387;2014-11-13;17031.83
16388;2014-11-14;17187.15
16391;2014-11-17;16760.17
16392;2014-11-18;17093.55
16393;2014-11-19;17022.53
16394;2014-11-20;17052.33
16395;2014-11-21;17094.53
16398;2014-11-24;17092.12
16399;2014-11-25;17165.01
16400;2014-11-26;17168.5
16401;2014-11-27;17011.33
16402;2014-11-28;17185.52
16405;2014-12-01;17281.24
16406;2014-12-02;17460.01
16407;2014-12-03;17525.82
16408;2014-12-04;17733.99
16409;2014-12-05;17762.17
16412;2014-12-08;17856.46
16413;2014-12-09;17786.8
16414;2014-12-10;17510.48
16415;2014-12-11;17316.07
16416;2014-12-12;17269.87
16419;2014-12-15;17053.9
16420;2014-12-16;16781.1
16421;2014-12-17;16898.72
16422;2014-12-18;17217.94
16423;2014-12-19;17489.26
16426;2014-12-22;17572.67
16427;2014-12-23;17575.28
16433;2014-12-29;17737.42
16434;2014-12-30;17625.69
16435;2014-12-31;17623.41
16437;2015-01-02;17624.54
16440;2015-01-05;17552.69
16441;2015-01-06;17014.44
16442;2015-01-07;16999.69
16443;2015-01-08;17221.36
16444;2015-01-09;17246.85
16447;2015-01-12;17234.71
16448;2015-01-13;17085.71
16449;2015-01-14;16886.64
16450;2015-01-15;17089.48
16451;2015-01-16;16773.81
16454;2015-01-19;16943.8
16455;2015-01-20;17282.95
16456;2015-01-21;17155.95
16457;2015-01-22;17092.78
16458;2015-01-23;17286.61
16461;2015-01-26;17271.77
16462;2015-01-27;17537.76
16463;2015-01-28;17658.79
16464;2015-01-29;17426.17
16465;2015-01-30;17574.25
16468;2015-02-02;17440.56
16469;2015-02-03;17270.95
16470;2015-02-04;17542.8
16471;2015-02-05;17455.08
16472;2015-02-06;17480.59
16475;2015-02-09;17547.32
16476;2015-02-10;17609.15
16477;2015-02-11;17611.98
16478;2015-02-12;17810.23
16479;2015-02-13;17797.86
16482;2015-02-16;17994.11
16483;2015-02-17;18114.98
16484;2015-02-18;18281.95
16485;2015-02-19;18419.76
16486;2015-02-20;18484.31
16489;2015-02-23;18431.33
16490;2015-02-24;18497.37
16491;2015-02-25;18582.11
16492;2015-02-26;18762.82
16493;2015-02-27;18743.95
16496;2015-03-02;18771.3
16497;2015-03-03;18556.34
16498;2015-03-04;18502.44
16499;2015-03-05;18617.15
16500;2015-03-06;18740.12
16503;2015-03-09;18668.85
16504;2015-03-10;18675.52
16505;2015-03-11;18712.92
16506;2015-03-12;19004.98
16507;2015-03-13;19231.39
16510;2015-03-16;19328.89
16511;2015-03-17;19375.65
16512;2015-03-18;19509.49
16513;2015-03-19;19369.36
16514;2015-03-20;19401.56
16517;2015-03-23;19549.04
16518;2015-03-24;19513.13
16519;2015-03-25;19536.16
16520;2015-03-26;19226.34
16521;2015-03-27;18999.09
16524;2015-03-30;19061.72
16525;2015-03-31;19081.96
16526;2015-04-01;18817.71
16527;2015-04-02;19112.08
16532;2015-04-07;19374.47
16533;2015-04-08;19460.47
16534;2015-04-09;19398.81
16535;2015-04-10;19403.86
16538;2015-04-13;19454.47
16539;2015-04-14;19668.05
16540;2015-04-15;19559.72
16541;2015-04-16;19710.89
16542;2015-04-17;19555.03
16545;2015-04-20;19391.04
16546;2015-04-21;19464.1
16547;2015-04-22;19626.18
16548;2015-04-23;19658.43
16549;2015-04-24;19667.83
16552;2015-04-27;19638.22
16553;2015-04-28;19673.21
16554;2015-04-29;19669.05
16555;2015-04-30;19533.28
16559;2015-05-04;19488.28
16560;2015-05-05;19488.07
16561;2015-05-06;19470.87
16562;2015-05-07;19526.1
16563;2015-05-08;19666.13
16566;2015-05-11;19999.65
16567;2015-05-12;20077.81
16568;2015-05-13;20092.09
16570;2015-05-15;20036.95
16573;2015-05-18;20246.23
16574;2015-05-19;20339.98
16575;2015-05-20;20320.74
16576;2015-05-21;20308.99
16577;2015-05-22;20443.45
16581;2015-05-26;20535.67
16582;2015-05-27;20592.98
16583;2015-05-28;20578.71
16584;2015-05-29;20633.63
16587;2015-06-01;20710.73
16588;2015-06-02;20682.31
16589;2015-06-03;20697.28
16590;2015-06-04;20732.58
16591;2015-06-05;20684.71
16594;2015-06-08;20647.21
16595;2015-06-09;20298.4
16596;2015-06-10;20253.39
16597;2015-06-11;20443.21
16598;2015-06-12;20558.61
16601;2015-06-15;20468.75
16602;2015-06-16;20282.47
16604;2015-06-18;20010.05
16605;2015-06-19;20259.69
16608;2015-06-22;20359.38
16610;2015-06-24;20738.85
16611;2015-06-25;20605.69
16612;2015-06-26;20471.39
16615;2015-06-29;19944.13
16616;2015-06-30;20017.37
16617;2015-07-01;20089.35
16618;2015-07-02;20254.75
16619;2015-07-03;20166.34
16622;2015-07-06;19696.19
16623;2015-07-07;19865.81
16624;2015-07-08;19159.38
16625;2015-07-09;18891.51
16626;2015-07-10;18865.33
16629;2015-07-13;19137.9
16630;2015-07-14;19550.6
16631;2015-07-15;19653.66
16632;2015-07-16;19693.43
16633;2015-07-17;19666.32
16636;2015-07-20;19666.09
16637;2015-07-21;19784.5
16638;2015-07-22;19540.09
16639;2015-07-23;19634.65
16640;2015-07-24;19567.26
16643;2015-07-27;19317.72
16644;2015-07-28;19409.78
16645;2015-07-29;19418.99
16646;2015-07-30;19440.69
16647;2015-07-31;19827.34
16650;2015-08-03;19820.02
16651;2015-08-04;19781
16652;2015-08-05;19879.88
16653;2015-08-06;20071.96
16654;2015-08-07;20048.95
16657;2015-08-10;20213.35
16658;2015-08-11;20238.81
16659;2015-08-12;20033.07
16660;2015-08-13;20100.09
16661;2015-08-14;20030.13
16664;2015-08-17;20192.45
16665;2015-08-18;20189.56
16666;2015-08-19;19889.76
16667;2015-08-20;19620.81
16668;2015-08-21;18927.67
16671;2015-08-24;17837.27
16672;2015-08-25;17190.58
16673;2015-08-26;17762.79
16674;2015-08-27;17799.87
16675;2015-08-28;18486.73
16678;2015-08-31;18365.93
16679;2015-09-01;17737.54
16680;2015-09-02;17470.3
16681;2015-09-03;17527.97
16682;2015-09-04;17215.88
16685;2015-09-07;17184.31
16686;2015-09-08;17037.57
16687;2015-09-09;17939.35
16688;2015-09-10;17829.88
16689;2015-09-11;17879.08
16692;2015-09-14;17709.15
16693;2015-09-15;17711.43
16694;2015-09-16;17846.48
16695;2015-09-17;18079.5
16696;2015-09-18;17737.72
16699;2015-09-21;17727.09
16700;2015-09-22;17733.34
16701;2015-09-23;17717.01
16702;2015-09-24;17215.23
16703;2015-09-25;17544.43
16706;2015-09-28;17693.71
16707;2015-09-29;17082.74
16708;2015-09-30;17548.08
16709;2015-10-01;17821.84
16710;2015-10-02;17740.09
16713;2015-10-05;17987.47
16714;2015-10-06;18178.61
16715;2015-10-07;18398.41
16716;2015-10-08;18321.85
16717;2015-10-09;18765.7
16720;2015-10-12;18760.49
16721;2015-10-13;18633.6
16722;2015-10-14;18245.82
16723;2015-10-15;18531.03
16724;2015-10-16;18514.1
16727;2015-10-19;18472.56
16728;2015-10-20;18464.28
16729;2015-10-21;18877.83
16730;2015-10-22;18807.42
16731;2015-10-23;19118.35
16734;2015-10-26;19203.24
16735;2015-10-27;18941.89
16736;2015-10-28;18956.4
16737;2015-10-29;19004.94
16738;2015-10-30;19038.24
16741;2015-11-02;18649.24
16742;2015-11-03;18658.19
16743;2015-11-04;18879.96
16744;2015-11-05;19139.22
16745;2015-11-06;19214.75
16748;2015-11-09;19492.52
16749;2015-11-10;19484.33
16750;2015-11-11;19520.73
16751;2015-11-12;19560.42
16752;2015-11-13;19490.85
16755;2015-11-16;19269.98
16756;2015-11-17;19568.98
16757;2015-11-18;19501.45
16758;2015-11-19;19670.12
16759;2015-11-20;19764.14
16762;2015-11-23;19766.35
16763;2015-11-24;19799.59
16764;2015-11-25;19692.05
16765;2015-11-26;19709.6
16766;2015-11-27;19663.91
16769;2015-11-30;19720.78
16770;2015-12-01;19997.77
16771;2015-12-02;19977.44
16772;2015-12-03;20020.03
16773;2015-12-04;19717.18
16776;2015-12-07;19859.8
16777;2015-12-08;19664.95
16778;2015-12-09;19499.49
16779;2015-12-10;19223.64
16780;2015-12-11;19389.04
16783;2015-12-14;19081.87
16784;2015-12-15;18806.01
16785;2015-12-16;19167.55
16786;2015-12-17;19490.9
16787;2015-12-18;19241.58
16790;2015-12-21;19056.61
16791;2015-12-22;19096.4
16792;2015-12-23;19096.29
16797;2015-12-28;19042.61
16798;2015-12-29;19241.78
16799;2015-12-30;19318.35
16800;2015-12-31;19312.48
16804;2016-01-04;18813.53
16805;2016-01-05;18772.53
16806;2016-01-06;18568.89
16807;2016-01-07;18165.16
16808;2016-01-08;18085.51
16811;2016-01-11;18068.48
16812;2016-01-12;17297.44
16813;2016-01-13;17885.1
16814;2016-01-14;17631.35
16815;2016-01-15;17595.89
16818;2016-01-18;17379.6
16819;2016-01-19;17391.04
16820;2016-01-20;16776.49
16821;2016-01-21;16273.72
16822;2016-01-22;17191.63
16825;2016-01-25;17412.19
16826;2016-01-26;16976.6
16827;2016-01-27;17524.47
16828;2016-01-28;17388.94
16829;2016-01-29;17824.12
16832;2016-02-01;18279.61
16833;2016-02-02;18121.86
16834;2016-02-03;17564.2
16835;2016-02-04;17366.05
16836;2016-02-05;17130.69
16839;2016-02-08;17421.2
16840;2016-02-09;16578.9
16841;2016-02-10;16023.9
16842;2016-02-11;16016
16843;2016-02-12;15128.92
16846;2016-02-15;16231.47
16847;2016-02-16;16265.91
16848;2016-02-17;16152.06
16849;2016-02-18;16576.03
16850;2016-02-19;16269.45
16853;2016-02-22;16316.48
16854;2016-02-23;16138.81
16855;2016-02-24;15928
16856;2016-02-25;16182.29
16857;2016-02-26;16163.47
16860;2016-02-29;16134.37
16861;2016-03-01;16136.61
16862;2016-03-02;16719.7
16863;2016-03-03;16867.55
16864;2016-03-04;17113.82
16867;2016-03-07;16937.25
16868;2016-03-08;16676.6
16869;2016-03-09;16403.02
16870;2016-03-10;16655.68
16871;2016-03-11;16777.87
16874;2016-03-14;17118.79
16875;2016-03-15;17036.44
16876;2016-03-16;16901.21
16877;2016-03-17;16938.45
16878;2016-03-18;16852.96
16881;2016-03-21;16852.27
16882;2016-03-22;17047.02
16883;2016-03-23;16951.31
16884;2016-03-24;16846.11
16889;2016-03-29;17148.04
16890;2016-03-30;16929.77
16891;2016-03-31;16790.83
16892;2016-04-01;16210.41
16895;2016-04-04;16210.34
16896;2016-04-05;15660.24
16897;2016-04-06;15569.94
16898;2016-04-07;15582.36
16899;2016-04-08;15720.9
16902;2016-04-11;15634.63
16903;2016-04-12;15868.04
16904;2016-04-13;16215.26
16905;2016-04-14;16744.01
16906;2016-04-15;16600.74
16909;2016-04-18;16334.08
16910;2016-04-19;16711.79
16911;2016-04-20;16682.94
16912;2016-04-21;16993.43
16913;2016-04-22;17076.44
16916;2016-04-25;17022.75
16917;2016-04-26;16841.25
16918;2016-04-27;16775.97
16919;2016-04-28;16432.97
16920;2016-04-29;16431.74
16923;2016-05-02;15925.85
16924;2016-05-03;15921.54
16925;2016-05-04;15920.52
16927;2016-05-06;16014.07
16930;2016-05-09;16002.72
16931;2016-05-10;16382.39
16932;2016-05-11;16408.99
16933;2016-05-12;16449.37
16934;2016-05-13;16267.16
16938;2016-05-17;16494.72
16939;2016-05-18;16513.65
16940;2016-05-19;16534.63
16941;2016-05-20;16686.56
16944;2016-05-23;16622.99
16945;2016-05-24;16479.74
16946;2016-05-25;16670.68
16947;2016-05-26;16702.01
16948;2016-05-27;16730.08
16951;2016-05-30;16825.2
16952;2016-05-31;17005.61
16953;2016-06-01;16855.87
16954;2016-06-02;16463.93
16955;2016-06-03;16490.49
16958;2016-06-06;16376.91
16959;2016-06-07;16377.72
16960;2016-06-08;16434.96
16961;2016-06-09;16305.67
16962;2016-06-10;16226.61
16965;2016-06-13;15621.84
16966;2016-06-14;15454.22
16967;2016-06-15;15471.69
16968;2016-06-16;14966.76
16969;2016-06-17;15111.53
16972;2016-06-20;15476.49
16973;2016-06-21;15591.37
16974;2016-06-22;15417.58
16976;2016-06-24;14389.27
16979;2016-06-27;14709.96
16980;2016-06-28;14657.28
16981;2016-06-29;14884.2
16982;2016-06-30;14906.1
16983;2016-07-01;15041.74
16986;2016-07-04;15034.06
16987;2016-07-05;14978.95
16988;2016-07-06;14640.91
16989;2016-07-07;14547.4
16990;2016-07-08;14329.54
16993;2016-07-11;14987.01
16994;2016-07-12;15444.19
16995;2016-07-13;15657.95
16996;2016-07-14;15880.45
16997;2016-07-15;15946.71
17000;2016-07-18;15943.76
17001;2016-07-19;16152.21
17002;2016-07-20;16112.79
17003;2016-07-21;16201.71
17004;2016-07-22;16082.74
17007;2016-07-25;16198.12
17008;2016-07-26;15987.65
17009;2016-07-27;16266.26
17010;2016-07-28;16125.1
17011;2016-07-29;16292.89
17014;2016-08-01;16023.18
17015;2016-08-02;15652.78
17016;2016-08-03;15382.06
17017;2016-08-04;15687.32
17018;2016-08-05;15650.15
17021;2016-08-08;15818.35
17022;2016-08-09;16053.89
17023;2016-08-10;15852.18
17024;2016-08-11;15851.16
17025;2016-08-12;15931.83
17029;2016-08-16;15548.25
17030;2016-08-17;15632.83
17031;2016-08-18;15475.1
17032;2016-08-19;15551.69
17035;2016-08-22;15698.87
17036;2016-08-23;15584.79
17037;2016-08-24;15645.64
17038;2016-08-25;15625.76
17039;2016-08-26;15469.99
17042;2016-08-29;15760.8
17043;2016-08-30;15762.35
17044;2016-08-31;16022.1
17045;2016-09-01;16122.86
17046;2016-09-02;16054.18
17049;2016-09-05;16129.64
17050;2016-09-06;16265.78
17051;2016-09-07;16283.81
17052;2016-09-08;16275.13
17053;2016-09-09;16277.84
17056;2016-09-12;16083.67
17057;2016-09-13;16037.59
17058;2016-09-14;15813.13
17059;2016-09-15;15558.23
17060;2016-09-16;15754.05
17063;2016-09-19;15751.26
17064;2016-09-20;15802.72
17065;2016-09-21;16161.15
17066;2016-09-22;16159.91
17067;2016-09-23;16219.04
17070;2016-09-26;16083.49
17071;2016-09-27;16328.46
17072;2016-09-28;16355.92
17073;2016-09-29;16514.84
17074;2016-09-30;16302.31
17077;2016-10-03;16408.09
17078;2016-10-04;16533.36
17079;2016-10-05;16676.13
17080;2016-10-06;16757.45
17081;2016-10-07;16716.2
17084;2016-10-10;16713.69
17085;2016-10-11;16785.49
17086;2016-10-12;16601.86
17087;2016-10-13;16634.98
17088;2016-10-14;16646.78
17091;2016-10-17;16788.13
17092;2016-10-18;16847.58
17093;2016-10-19;16864.53
17094;2016-10-20;17018.79
17095;2016-10-21;16988.4
17098;2016-10-24;17033.4
17099;2016-10-25;17149.89
17100;2016-10-26;17202.49
17101;2016-10-27;17183.08
17102;2016-10-28;17392.74
17105;2016-10-31;17350.12
17107;2016-11-02;17288.99
17108;2016-11-03;17288.19
17109;2016-11-04;17099.7
17112;2016-11-07;17277.87
17113;2016-11-08;17273.89
17114;2016-11-09;16484.16
17115;2016-11-10;17409.36
17116;2016-11-11;17340.69
17119;2016-11-14;17645.94
17120;2016-11-15;17627.17
17121;2016-11-16;17819.29
17122;2016-11-17;17815.63
17123;2016-11-18;17991.64
17126;2016-11-21;18113.77
17127;2016-11-22;18151.23
17128;2016-11-23;18150.19
17129;2016-11-24;18235.73
17130;2016-11-25;18364.51
17133;2016-11-28;18430.76
17134;2016-11-29;18379.81
17135;2016-11-30;18448.78
17136;2016-12-01;18668.84
17137;2016-12-02;18650.09
17140;2016-12-05;18529.36
17141;2016-12-06;18688.66
17142;2016-12-07;18891.39
17143;2016-12-08;19196.77
17144;2016-12-09;19381.92
17147;2016-12-12;19422.08
17148;2016-12-13;19531.87
17149;2016-12-14;19459.14
17150;2016-12-15;19563.21
17151;2016-12-16;19673.46
17154;2016-12-19;19597.32
17155;2016-12-20;19653.6
17156;2016-12-21;19555.16
17157;2016-12-22;19587.49
17158;2016-12-23;19586.56
17162;2016-12-27;19486.22
17163;2016-12-28;19600.87
17164;2016-12-29;19396.91
17165;2016-12-30;19404.51
17168;2017-01-02;19401.55
17169;2017-01-03;19400.77
17170;2017-01-04;19884.6
17171;2017-01-05;19844.53
17172;2017-01-06;19779.05
17175;2017-01-09;19776.18
17176;2017-01-10;19682.18
17177;2017-01-11;19772.63
17178;2017-01-12;19601.13
17179;2017-01-13;19671.22
17182;2017-01-16;19496.9
17183;2017-01-17;19241.9
17184;2017-01-18;19258.76
17185;2017-01-19;19496.66
17186;2017-01-20;19538.26
17189;2017-01-23;19336.63
17190;2017-01-24;19246.41
17191;2017-01-25;19436.8
17192;2017-01-26;19689.12
17193;2017-01-27;19706.22
17196;2017-01-30;19700.72
17197;2017-01-31;19451.98
17198;2017-02-01;19598.72
17199;2017-02-02;19302.62
17200;2017-02-03;19391.83
17203;2017-02-06;19384.88
17204;2017-02-07;19283.97
17205;2017-02-08;19356.15
17206;2017-02-09;19213.03
17207;2017-02-10;19636.94
17210;2017-02-13;19772.65
17211;2017-02-14;19718.09
17212;2017-02-15;19900.46
17213;2017-02-16;19832.9
17214;2017-02-17;19742.25
17217;2017-02-20;19677.47
17218;2017-02-21;19773.31
17219;2017-02-22;19810.91
17220;2017-02-23;19800.67
17221;2017-02-24;19740.52
17224;2017-02-27;19508.2
17225;2017-02-28;19583.97
17226;2017-03-01;19784.41
17227;2017-03-02;19941
17228;2017-03-03;19871.18
17231;2017-03-06;19869.13
17232;2017-03-07;19858.31
17233;2017-03-08;19787.17
17234;2017-03-09;19900.1
17235;2017-03-10;20152.84
17238;2017-03-13;20158.55
17239;2017-03-14;20125.02
17240;2017-03-15;20026.22
17241;2017-03-16;20066.69
17242;2017-03-17;20015.9
17245;2017-03-20;20012.93
17246;2017-03-21;19961.26
17247;2017-03-22;19517.61
17248;2017-03-23;19495.37
17249;2017-03-24;19675.9
17252;2017-03-27;19394.49
17253;2017-03-28;19694.39
17254;2017-03-29;19778.92
17255;2017-03-30;19620.32
17256;2017-03-31;19336.73
17259;2017-04-03;19408.89
17260;2017-04-04;19175.5
17261;2017-04-05;19158.7
17262;2017-04-06;18786.23
17263;2017-04-07;18967.08
17266;2017-04-10;19079.05
17267;2017-04-11;19026.95
17268;2017-04-12;18825.47
17269;2017-04-13;18656.05
17274;2017-04-18;18699.98
17275;2017-04-19;18694.52
17276;2017-04-20;18766.41
17277;2017-04-21;18977.33
17280;2017-04-24;19179.57
17282;2017-04-26;19649.73
17283;2017-04-27;19635.19
17284;2017-04-28;19675.71
17288;2017-05-02;19993.39
17289;2017-05-03;19992.66
17290;2017-05-04;19991.43
17291;2017-05-05;19990.32
17294;2017-05-08;20428.65
17295;2017-05-09;20419.68
17296;2017-05-10;20429.67
17297;2017-05-11;20449.59
17298;2017-05-12;20372.3
17301;2017-05-15;20372.34
17302;2017-05-16;20406.9
17303;2017-05-17;20273.05
17304;2017-05-18;19994
17305;2017-05-19;19985.36
17308;2017-05-22;20092
17309;2017-05-23;20063.45
17310;2017-05-24;20205.68
17312;2017-05-26;20134.73
17315;2017-05-29;20132.83
17316;2017-05-30;20162.95
17318;2017-06-01;20378.7
17319;2017-06-02;20716.52
17323;2017-06-06;20446.01
17324;2017-06-07;20489.84
17325;2017-06-08;20384.62
17326;2017-06-09;20412.49
17329;2017-06-12;20423.51
17330;2017-06-13;20452.12
17331;2017-06-14;20416.68
17332;2017-06-15;20320.89
17333;2017-06-16;20457.85
17336;2017-06-19;20619.07
17337;2017-06-20;20842.53
17338;2017-06-21;20715.85
17339;2017-06-22;20770.25
17343;2017-06-26;20773.14
17344;2017-06-27;20865.82
17345;2017-06-28;20788.85
17346;2017-06-29;20980.42
17347;2017-06-30;20883.09
17350;2017-07-03;20996.86
17351;2017-07-04;20903.3
17352;2017-07-05;21060.45
17353;2017-07-06;21043.08
17357;2017-07-10;21049.79
17358;2017-07-11;21232.41
17359;2017-07-12;21099.12
17360;2017-07-13;21073.32
17361;2017-07-14;21173.06
17364;2017-07-17;21169.72
17365;2017-07-18;21124.65
17366;2017-07-19;21156.96
17367;2017-07-20;21328.43
17368;2017-07-21;21294.96
17371;2017-07-24;21316.88
17372;2017-07-25;21214.55
17373;2017-07-26;21239.64
17374;2017-07-27;21262.13
17375;2017-07-28;21264.95
17378;2017-07-31;21134.1
17379;2017-08-01;21285.75
17380;2017-08-02;21391.93
17381;2017-08-03;21467.08
17382;2017-08-04;21559.58
17385;2017-08-07;21747.72
17386;2017-08-08;21670.52
17387;2017-08-09;21364.53
17388;2017-08-10;21406.68
17389;2017-08-11;21405.78
17392;2017-08-14;21085.31
17394;2017-08-16;21292.95
17395;2017-08-17;21352.7
17396;2017-08-18;21129.09
17399;2017-08-21;21233.73
17400;2017-08-22;21318.75
17401;2017-08-23;21366.22
17402;2017-08-24;21330.53
17403;2017-08-25;21412.33
17406;2017-08-28;21426.34
17407;2017-08-29;21427.33
17408;2017-08-30;21569.94
17409;2017-08-31;21639.52
17410;2017-09-01;21766.41
17413;2017-09-04;21418.68
17414;2017-09-05;21199.84
17415;2017-09-06;21234.96
17416;2017-09-07;21395.25
17417;2017-09-08;21347.4
17420;2017-09-11;21562.67
17421;2017-09-12;21710.09
17422;2017-09-13;21841.57
17423;2017-09-14;21778.19
17424;2017-09-15;22000.45
17427;2017-09-18;22002.67
17428;2017-09-19;22328.15
17429;2017-09-20;22358.57
17430;2017-09-21;22422.68
17434;2017-09-25;22499.48
17435;2017-09-26;22580.32
17436;2017-09-27;22608.97
17437;2017-09-28;22797.58
17438;2017-09-29;22758.77
17441;2017-10-02;22776.65
17442;2017-10-03;22870.32
17443;2017-10-04;22832.1
17444;2017-10-05;22783.41
17445;2017-10-06;22800.16
17448;2017-10-09;22796.61
17449;2017-10-10;22952.09
17450;2017-10-11;22903.29
17451;2017-10-12;22904.67
17452;2017-10-13;22978.43
17455;2017-10-16;23087.59
17456;2017-10-17;23135.97
17457;2017-10-18;23105.79
17458;2017-10-19;23195.04
17459;2017-10-20;23189.05
17462;2017-10-23;23396.39
17463;2017-10-24;23576.85
17464;2017-10-25;23548.67
17465;2017-10-26;23628.6
17466;2017-10-27;23844.38
17469;2017-10-30;23770.48
17470;2017-10-31;23821.85
17472;2017-11-02;23949.89
17473;2017-11-03;23950.01
17476;2017-11-06;24101.8
17477;2017-11-07;24300.01
17478;2017-11-08;24393.91
17479;2017-11-09;24415.95
17480;2017-11-10;24202.39
17483;2017-11-13;23922.77
17484;2017-11-14;23847.78
17485;2017-11-15;23330.39
17486;2017-11-16;23545.6
17487;2017-11-17;23558.48
17490;2017-11-20;23490.33
17491;2017-11-21;23624.72
17492;2017-11-22;23845.45
17493;2017-11-23;23815.62
17494;2017-11-24;23736.58
17497;2017-11-27;23729.2
17498;2017-11-28;23587.99
17499;2017-11-29;23759.9
17500;2017-11-30;23853.49
17501;2017-12-01;23890.45
17504;2017-12-04;23782.88
17505;2017-12-05;23870.93
17506;2017-12-06;23521.82
17507;2017-12-07;23797.45
17508;2017-12-08;23955.36
17511;2017-12-11;24014.38
17512;2017-12-12;24015.26
17513;2017-12-13;23945.89
17514;2017-12-14;24074.82
17515;2017-12-15;23933.78
17518;2017-12-18;24191.04
17519;2017-12-19;24159.21
17520;2017-12-20;24353.08
17521;2017-12-21;24442.12
17522;2017-12-22;24522.87
17527;2017-12-27;24539.23
17528;2017-12-28;24408.16
17529;2017-12-29;24462.17
17533;2018-01-02;24457.29
17534;2018-01-03;24456.09
17535;2018-01-04;24939.07
17536;2018-01-05;25066.77
17539;2018-01-08;25063.04
17540;2018-01-09;25130.24
17541;2018-01-10;25058.64
17542;2018-01-11;25116.51
17543;2018-01-12;24849.02
17546;2018-01-15;24827.89
17547;2018-01-16;24913.92
17548;2018-01-17;24810.75
17549;2018-01-18;24568.4
17550;2018-01-19;24727.37
17553;2018-01-22;24714.53
17554;2018-01-23;24922.47
17555;2018-01-24;24888.39
17556;2018-01-25;24663.67
17557;2018-01-26;24649.72
17560;2018-01-29;24744.7
17561;2018-01-30;24423.41
17562;2018-01-31;24149.08
17563;2018-02-01;24563.52
17564;2018-02-02;24513.16
17567;2018-02-05;24014.44
17568;2018-02-06;22800.44
17569;2018-02-07;22878.72
17570;2018-02-08;22931.89
17571;2018-02-09;22449.99
17574;2018-02-12;22445.87
17575;2018-02-13;22251.24
17576;2018-02-14;21960.74
17577;2018-02-15;22194.39
17578;2018-02-16;22448.04
17581;2018-02-19;23055.58
17582;2018-02-20;23052.8
17583;2018-02-21;23083.54
17584;2018-02-22;22991.96
17585;2018-02-23;23242.85
17588;2018-02-26;23333.94
17589;2018-02-27;23468.3
17590;2018-02-28;23225.12
17591;2018-03-01;22874.58
17592;2018-03-02;22393.98
17595;2018-03-05;22125.03
17596;2018-03-06;22295.03
17597;2018-03-07;22123.85
17598;2018-03-08;22205.57
17599;2018-03-09;22352.3
17602;2018-03-12;22665.12
17603;2018-03-13;22728.05
17604;2018-03-14;22708.8
17605;2018-03-15;22618.36
17606;2018-03-16;22437.22
17609;2018-03-19;22239.38
17610;2018-03-20;22221.16
17611;2018-03-21;22219.78
17612;2018-03-22;22270.31
17613;2018-03-23;21498.38
17616;2018-03-26;21576.25
17617;2018-03-27;22178.2
17618;2018-03-28;22126.09
17619;2018-03-29;22120.94
17624;2018-04-03;22107.97
17625;2018-04-04;22363.16
17626;2018-04-05;22551.5
17627;2018-04-06;22472.52
17630;2018-04-09;22511.79
17631;2018-04-10;22671.94
17632;2018-04-11;22684.81
17633;2018-04-12;22591.34
17634;2018-04-13;22828.41
17637;2018-04-16;22992.12
17638;2018-04-17;22870.33
17639;2018-04-18;23091.59
17640;2018-04-19;23178.43
17641;2018-04-20;23179.27
17644;2018-04-23;23127.7
17645;2018-04-24;23391.58
17646;2018-04-25;23473.07
17647;2018-04-26;23479.93
17648;2018-04-27;23634.7
17651;2018-04-30;23634.17
17653;2018-05-02;23627.61
17654;2018-05-03;23626.87
17655;2018-05-04;23625.72
17659;2018-05-08;23674.97
17660;2018-05-09;23616.46
17662;2018-05-11;23937.74
17665;2018-05-14;23508.98
17666;2018-05-15;23897.87
17667;2018-05-16;23909.12
17668;2018-05-17;23910.85
17669;2018-05-18;23925.41
17673;2018-05-22;23676.16
17674;2018-05-23;23597.48
17675;2018-05-24;23412.72
17676;2018-05-25;23160.89
17679;2018-05-28;23159.45
17680;2018-05-29;23046.39
17681;2018-05-30;22641.27
17682;2018-05-31;22672.26
17683;2018-06-01;22696.7
17686;2018-06-04;23034.74
17687;2018-06-05;23017.99
17688;2018-06-06;23212.14
17689;2018-06-07;23404.62
17690;2018-06-08;23336.22
17693;2018-06-11;23405.78
17694;2018-06-12;23425.58
17695;2018-06-13;23448.05
17696;2018-06-14;23352.85
17697;2018-06-15;23258.78
17700;2018-06-18;22987.05
17701;2018-06-19;22622.52
17702;2018-06-20;22677.57
17703;2018-06-21;22535.04
17704;2018-06-22;22554.65
17707;2018-06-25;22359.3
17708;2018-06-26;22556.85
17709;2018-06-27;22601.21
17710;2018-06-28;22559.87
17711;2018-06-29;22657.48
17714;2018-07-02;22246.75
17715;2018-07-03;22040.82
17716;2018-07-04;21982.83
17717;2018-07-05;21689.09
17718;2018-07-06;21967.36
17721;2018-07-09;22488.88
17722;2018-07-10;22542.68
17723;2018-07-11;22318.5
17724;2018-07-12;22270.65
17725;2018-07-13;22461.31
17728;2018-07-16;22467.1
17729;2018-07-17;22791.77
17730;2018-07-18;22888.42
17731;2018-07-19;22915.36
17732;2018-07-20;22806.35
17735;2018-07-23;22775.24
17736;2018-07-24;22897.55
17737;2018-07-25;22893.34
17738;2018-07-26;23183.33
17739;2018-07-27;23301.69
17742;2018-07-30;23312.36
17743;2018-07-31;23170.51
17744;2018-08-01;23417.55
17745;2018-08-02;23277.86
17746;2018-08-03;23020.8
17749;2018-08-06;22881.22
17750;2018-08-07;23006.37
17751;2018-08-08;22992.61
17752;2018-08-09;22910.25
17753;2018-08-10;22567.31
17756;2018-08-13;22036.99
17757;2018-08-14;22269.78
17759;2018-08-16;21918.26
17760;2018-08-17;22117.71
17763;2018-08-20;21927.17
17764;2018-08-21;21841.17
17765;2018-08-22;22027.65
17766;2018-08-23;22089.29
17767;2018-08-24;22164.54
17770;2018-08-27;22410.6
17771;2018-08-28;22441.73
17772;2018-08-29;22601.8
17773;2018-08-30;22627.56
17774;2018-08-31;22579.47
17777;2018-09-03;22223.55
17778;2018-09-04;22173.08
17779;2018-09-05;22313.98
17780;2018-09-06;22171.49
17781;2018-09-07;21962.46
17784;2018-09-10;22027.12
17785;2018-09-11;22108.92
17786;2018-09-12;21897.33
17787;2018-09-13;22090.11
17788;2018-09-14;22405.7
17791;2018-09-17;22404.96
17792;2018-09-18;22835.76
17793;2018-09-19;23186.83
17794;2018-09-20;23160.02
17795;2018-09-21;23599.39
17798;2018-09-24;23608.35
17799;2018-09-25;23910.14
17800;2018-09-26;24051.3
17801;2018-09-27;23665.32
17802;2018-09-28;23732.69
17805;2018-10-01;23690.48
17806;2018-10-02;23728.71
17807;2018-10-03;23453.66
17808;2018-10-04;23496.94
17809;2018-10-05;23352.6
17812;2018-10-08;23297.48
17813;2018-10-09;22853.37
17814;2018-10-10;22867.18
17815;2018-10-11;22121.64
17816;2018-10-12;22047.76
17819;2018-10-15;21710.78
17820;2018-10-16;21789.06
17821;2018-10-17;22125.62
17822;2018-10-18;21982.52
17823;2018-10-19;21812.16
17826;2018-10-22;21835.54
17827;2018-10-23;21218.67
17828;2018-10-24;21330.65
17829;2018-10-25;20600.31
17830;2018-10-26;20354.25
17833;2018-10-29;20418.11
17834;2018-10-30;20745.67
17835;2018-10-31;21093.53
17837;2018-11-02;21451.09
17840;2018-11-05;21267.63
17841;2018-11-06;21485.66
17842;2018-11-07;21423.45
17843;2018-11-08;21709.77
17844;2018-11-09;21780.12
17847;2018-11-12;21648.8
17848;2018-11-13;21255.75
17849;2018-11-14;21262.13
17850;2018-11-15;21237.03
17851;2018-11-16;21153.25
17854;2018-11-19;21163
17855;2018-11-20;21096.23
17856;2018-11-21;20978.33
17857;2018-11-22;21048.42
17858;2018-11-23;21003.23
17861;2018-11-26;21133.78
17862;2018-11-27;21389.74
17863;2018-11-28;21575.77
17864;2018-11-29;21698.59
17865;2018-11-30;21813.76
17868;2018-12-03;22084.75
17869;2018-12-04;21547.03
17870;2018-12-05;21245.8
17871;2018-12-06;20876.72
17872;2018-12-07;20865.12
17875;2018-12-10;20496.98
17876;2018-12-11;20153.26
17877;2018-12-12;20453.09
17878;2018-12-13;20797.14
17879;2018-12-14;20404.79
17882;2018-12-17;20253.6
17883;2018-12-18;19832.72
17884;2018-12-19;19743.92
17885;2018-12-20;19087.32
17886;2018-12-21;18573.71
17892;2018-12-27;18998.55
17893;2018-12-28;19124.75
17896;2018-12-31;19081.87
17898;2019-01-02;19006.61
17899;2019-01-03;18929.92
17900;2019-01-04;18696.83
17903;2019-01-07;19273.18
17904;2019-01-08;19276.81
17905;2019-01-09;19369.25
17906;2019-01-10;19263.81
17907;2019-01-11;19214.9
17910;2019-01-14;19201.11
17911;2019-01-15;19414.96
17912;2019-01-16;19232.65
17913;2019-01-17;19343.32
17914;2019-01-18;19560.95
17917;2019-01-21;19782.12
17918;2019-01-22;19666.52
17919;2019-01-23;19537.15
17920;2019-01-24;19689.61
17921;2019-01-25;19858.98
17924;2019-01-28;19764.7
17925;2019-01-29;19773.27
17926;2019-01-30;19656.64
17927;2019-01-31;19773.7
17928;2019-02-01;19645.53
17931;2019-02-04;20153.5
17932;2019-02-05;20181.72
17933;2019-02-06;20046.19
17934;2019-02-07;19903.98
17935;2019-02-08;19571.46
17938;2019-02-11;19567.9
17939;2019-02-12;20052.8
17940;2019-02-13;20250.56
17941;2019-02-14;20262.3
17942;2019-02-15;20189.69
17945;2019-02-18;20624.3
17946;2019-02-19;20610.33
17947;2019-02-20;20589.61
17948;2019-02-21;20653.08
17949;2019-02-22;20496.74
17952;2019-02-25;20661.09
17953;2019-02-26;20498.74
17954;2019-02-27;20613.07
17955;2019-02-28;20560.53
17956;2019-03-01;20586.68
17959;2019-03-04;20596.71
17960;2019-03-05;20500.88
17961;2019-03-06;20485.69
17962;2019-03-07;20354.96
17963;2019-03-08;19929.05
17966;2019-03-11;19950.8
17967;2019-03-12;20270.59
17968;2019-03-13;20329.69
17969;2019-03-14;20172.56
17970;2019-03-15;20403.2
17973;2019-03-18;20683.57
17974;2019-03-19;20603.65
17975;2019-03-20;20713.41
17976;2019-03-21;20712.04
17977;2019-03-22;20800.83
17980;2019-03-25;20268.84
17981;2019-03-26;20980.84
17982;2019-03-27;21029.17
17983;2019-03-28;20544.24
17984;2019-03-29;20593.8
17987;2019-04-01;21113.45
17988;2019-04-02;21232.29
17989;2019-04-03;21425.02
17990;2019-04-04;21408.76
17994;2019-04-08;21373.13
17995;2019-04-09;21307.04
17996;2019-04-10;21147.45
17997;2019-04-11;21059.49
17998;2019-04-12;21048.32
18001;2019-04-15;21550.82
18002;2019-04-16;21469.31
18003;2019-04-17;21578.04
18004;2019-04-18;21254.53
18009;2019-04-23;21432.1
18010;2019-04-24;21222.01
18011;2019-04-25;21380.01
18012;2019-04-26;21349.53
18015;2019-04-29;21345.56
18016;2019-04-30;21344.25
18018;2019-05-02;21341.59
18019;2019-05-03;21340.29
18022;2019-05-06;21336.36
18023;2019-05-07;21072.53
18024;2019-05-08;20700.14
18026;2019-05-10;20370.83
18029;2019-05-13;20254.04
18030;2019-05-14;20131.16
18031;2019-05-15;20201.89
18032;2019-05-16;20027.94
18033;2019-05-17;20265.25
18036;2019-05-20;20230.78
18037;2019-05-21;20064.22
18038;2019-05-22;19976.03
18039;2019-05-23;19851.13
18040;2019-05-24;19916.43
18043;2019-05-27;19940.77
18044;2019-05-28;19979.93
18045;2019-05-29;19823.19
18047;2019-05-31;19566.98
18050;2019-06-03;19304.6
18051;2019-06-04;19567.83
18052;2019-06-05;20013.02
18053;2019-06-06;19864.27
18054;2019-06-07;19991.39
18058;2019-06-11;20341.87
18059;2019-06-12;20238.14
18060;2019-06-13;19950.45
18061;2019-06-14;19957.66
18064;2019-06-17;19763.41
18065;2019-06-18;19552.85
18066;2019-06-19;19964.9
18067;2019-06-20;20008.13
18068;2019-06-21;20007.38
18071;2019-06-24;20050.8
18072;2019-06-25;19945.06
18073;2019-06-26;19799.18
18074;2019-06-27;20173.56
18075;2019-06-28;20150.72
18078;2019-07-01;20677.88
18079;2019-07-02;20821.72
18080;2019-07-03;20789.16
18081;2019-07-04;20964.74
18085;2019-07-08;20720.01
18086;2019-07-09;20535.99
18087;2019-07-10;20472.97
18088;2019-07-11;20655.69
18089;2019-07-12;20564.3
18092;2019-07-15;20569.97
18093;2019-07-16;20501.16
18094;2019-07-17;20432.72
18095;2019-07-18;19873.4
18096;2019-07-19;20351.14
18099;2019-07-22;20303.14
18100;2019-07-23;20499.21
18101;2019-07-24;20559.5
18102;2019-07-25;20717.59
18103;2019-07-26;20509.8
18106;2019-07-29;20332.87
18107;2019-07-30;20476.14
18108;2019-07-31;20312.28
18109;2019-08-01;20231.15
18110;2019-08-02;19536.36
18113;2019-08-05;19088.74
18114;2019-08-06;19050.15
18115;2019-08-07;18997.32
18116;2019-08-08;19168.35
18117;2019-08-09;19166.44
18120;2019-08-12;19163.07
18121;2019-08-13;18851.35
18122;2019-08-14;19008.84
18124;2019-08-16;18858.91
18127;2019-08-19;19041.85
18128;2019-08-20;19233.7
18129;2019-08-21;19011.6
18130;2019-08-22;18986.18
18131;2019-08-23;19015.73
18134;2019-08-26;18529.05
18135;2019-08-27;18720.59
18136;2019-08-28;18635.06
18137;2019-08-29;18716.39
18138;2019-08-30;19191.15
18141;2019-09-02;19010.77
18142;2019-09-03;19129.61
18143;2019-09-04;18922.75
18144;2019-09-05;19333.22
18145;2019-09-06;19355.42
18148;2019-09-09;19536.96
18149;2019-09-10;19740.56
18150;2019-09-11;20215.71
18151;2019-09-12;20373.45
18152;2019-09-13;20583.44
18155;2019-09-16;20579.97
18156;2019-09-17;20559.09
18157;2019-09-18;20360.92
18158;2019-09-19;20559.03
18159;2019-09-20;20576.69
18162;2019-09-23;20573.3
18163;2019-09-24;20592.87
18164;2019-09-25;20564.48
18165;2019-09-26;20765.03
18166;2019-09-27;20604.15
18170;2019-10-01;20655.76
18171;2019-10-02;20578.87
18172;2019-10-03;20124.92
18173;2019-10-04;20145.19
18176;2019-10-07;20075.4
18177;2019-10-08;20347.9
18178;2019-10-09;20394.47
18179;2019-10-10;20342.56
18180;2019-10-11;20488.92
18183;2019-10-14;20485.44
18184;2019-10-15;20947.69
18185;2019-10-16;21126.07
18186;2019-10-17;20971.44
18187;2019-10-18;21006.99
18190;2019-10-21;21072.09
18191;2019-10-22;21070.88
18192;2019-10-23;21236.96
18193;2019-10-24;21329.41
18194;2019-10-25;21403.95
18197;2019-10-28;21489.94
18198;2019-10-29;21723.35
18199;2019-10-30;22021.22
18200;2019-10-31;22076.68
18204;2019-11-04;21982.42
18205;2019-11-05;22388.48
18206;2019-11-06;22455
18207;2019-11-07;22380.16
18208;2019-11-08;22480.4
18211;2019-11-11;22443.81
18212;2019-11-12;22587.27
18213;2019-11-13;22407.06
18214;2019-11-14;22133.44
18215;2019-11-15;22444.74
18218;2019-11-18;22367.26
18219;2019-11-19;22304.27
18220;2019-11-20;22186.87
18221;2019-11-21;22150.64
18222;2019-11-22;22165.84
18225;2019-11-25;22332.35
18227;2019-11-27;22435.91
18228;2019-11-28;22348.25
18229;2019-11-29;22312.57
18232;2019-12-02;22456.69
18233;2019-12-03;22261.27
18234;2019-12-04;22394.84
18235;2019-12-05;22526.81
18236;2019-12-06;22601.8
18239;2019-12-09;22793.05
18240;2019-12-10;22699.17
18241;2019-12-11;22648.66
18242;2019-12-12;22570.88
18243;2019-12-13;22891.85
18246;2019-12-16;22908.84
18247;2019-12-17;22976.36
18248;2019-12-18;22829.54
18249;2019-12-19;22819.11
18250;2019-12-20;22762.7
18253;2019-12-23;22632.02
18257;2019-12-27;22823.63
18260;2019-12-30;22560.72
18261;2019-12-31;22569.58
18263;2020-01-02;22566.67
18264;2020-01-03;22565.45
18267;2020-01-06;22167.73
18268;2020-01-07;22545.75
18269;2020-01-08;22110.92
18270;2020-01-09;22406.52
18271;2020-01-10;22366.24
18274;2020-01-13;22362.14
18275;2020-01-14;22187.29
18276;2020-01-15;22096.62
18277;2020-01-16;22066.63
18278;2020-01-17;22202.99
18281;2020-01-20;22409.22
18282;2020-01-21;22402.5
18283;2020-01-22;22494.39
18284;2020-01-23;22307.13
18285;2020-01-24;22171.99
18288;2020-01-27;21773.68
18289;2020-01-28;21600.24
18290;2020-01-29;21669.02
18291;2020-01-30;21401.24
18292;2020-01-31;21582.15
18295;2020-02-03;21328.89
18296;2020-02-04;21497.74
18297;2020-02-05;21705.91
18298;2020-02-06;22141.86
18299;2020-02-07;22028.5
18302;2020-02-10;21855.44
18303;2020-02-11;21852.95
18304;2020-02-12;21643.78
18305;2020-02-13;21525.29
18306;2020-02-14;21457
18309;2020-02-17;21241.58
18310;2020-02-18;20925.34
18311;2020-02-19;20893.9
18312;2020-02-20;20899.24
18313;2020-02-21;20886.7
18316;2020-02-24;20882.89
18317;2020-02-25;20030.78
18318;2020-02-26;20001.55
18319;2020-02-27;19549.48
18320;2020-02-28;18859.3
18323;2020-03-02;19160.22
18324;2020-03-03;18781.04
18325;2020-03-04;18706.55
18326;2020-03-05;18703.72
18327;2020-03-06;18079.82
18330;2020-03-09;17107.97
18331;2020-03-10;17327.09
18332;2020-03-11;17134.79
18333;2020-03-12;16414.42
