16709;2015-10-01;102.88
16715;2015-10-07;108.76
16716;2015-10-08;108.27
16717;2015-10-09;109.52
16720;2015-10-12;108.83
16721;2015-10-13;106.48
16722;2015-10-14;106.33
16723;2015-10-15;107.22
16724;2015-10-16;108.44
16727;2015-10-19;108.92
16728;2015-10-20;108.07
16729;2015-10-21;108.95
16730;2015-10-22;108.73
16731;2015-10-23;111.97
16734;2015-10-26;112.41
16735;2015-10-27;111.47
16736;2015-10-28;110.8
16737;2015-10-29;111.28
16738;2015-10-30;111.68
16741;2015-11-02;112.62
16742;2015-11-03;112.84
16743;2015-11-04;114.16
16744;2015-11-05;113.42
16745;2015-11-06;113
16748;2015-11-09;113.98
16749;2015-11-10;112.44
16750;2015-11-11;114.01
16751;2015-11-12;112.57
16752;2015-11-13;110.4
16755;2015-11-16;110.84
16756;2015-11-17;113.13
16757;2015-11-18;113.23
16758;2015-11-19;114.26
16759;2015-11-20;113.37
16762;2015-11-23;113.05
16763;2015-11-24;111.48
16764;2015-11-25;112.89
16765;2015-11-26;114.36
16766;2015-11-27;114.61
16769;2015-11-30;114.86
16770;2015-12-01;114.93
16771;2015-12-02;114.36
16772;2015-12-03;115.23
16773;2015-12-04;111.19
16776;2015-12-07;112.02
16777;2015-12-08;109.85
16778;2015-12-09;108.9
16779;2015-12-10;108.51
16780;2015-12-11;106.97
16783;2015-12-14;106.13
16784;2015-12-15;107.43
16785;2015-12-16;108.92
16786;2015-12-17;111.23
16787;2015-12-18;108.95
16790;2015-12-21;109.1
16791;2015-12-22;107.66
16792;2015-12-23;109.75
16798;2015-12-29;110.42
16799;2015-12-30;110.86
16800;2015-12-31;109.98
16804;2016-01-04;106.63
16805;2016-01-05;106.82
16806;2016-01-06;105.97
16807;2016-01-07;102.4
16808;2016-01-08;103.51
16811;2016-01-11;102.29
16812;2016-01-12;103.73
16813;2016-01-13;104.11
16814;2016-01-14;99.94
16815;2016-01-15;99.22
16818;2016-01-18;97.67
16819;2016-01-19;99.09
16820;2016-01-20;95.19
16821;2016-01-21;95.06
16822;2016-01-22;99.73
16825;2016-01-25;99.46
16826;2016-01-26;98.97
16827;2016-01-27;99.22
16828;2016-01-28;98.86
16829;2016-01-29;99.54
16832;2016-02-01;100.37
16833;2016-02-02;98.48
16834;2016-02-03;96.93
16835;2016-02-04;96.62
16836;2016-02-05;97.35
16839;2016-02-08;93.73
16840;2016-02-09;91.18
16841;2016-02-10;92.99
16842;2016-02-11;88.77
16843;2016-02-12;90.4
16846;2016-02-15;94.76
16847;2016-02-16;94.07
16848;2016-02-17;95.64
16849;2016-02-18;97.88
16850;2016-02-19;95.34
16853;2016-02-22;97.52
16854;2016-02-23;97.44
16855;2016-02-24;93.97
16856;2016-02-25;96.09
16857;2016-02-26;96.91
16860;2016-02-29;97.5
16861;2016-03-01;99.67
16862;2016-03-02;100.81
16863;2016-03-03;101.61
16864;2016-03-04;102
16867;2016-03-07;100.79
16868;2016-03-08;100.47
16869;2016-03-09;101.54
16870;2016-03-10;100.8
16871;2016-03-11;102.48
16874;2016-03-14;104.07
16875;2016-03-15;102.94
16876;2016-03-16;102.82
16877;2016-03-17;101.62
16878;2016-03-18;103.45
16881;2016-03-21;103.5
16882;2016-03-22;102.13
16883;2016-03-23;102.96
16884;2016-03-24;100.73
16889;2016-03-29;100.43
16890;2016-03-30;102.38
16891;2016-03-31;101.37
16892;2016-04-01;99.59
16895;2016-04-04;100.22
16896;2016-04-05;97.53
16897;2016-04-06;97.45
16898;2016-04-07;97.23
16899;2016-04-08;97.86
16902;2016-04-11;99.39
16903;2016-04-12;99.53
16904;2016-04-13;102.01
16905;2016-04-14;102.82
16906;2016-04-15;103
16909;2016-04-18;102.87
16910;2016-04-19;104.75
16911;2016-04-20;105.38
16912;2016-04-21;105.89
16913;2016-04-22;105.73
16916;2016-04-25;105.07
16917;2016-04-26;105.1
16918;2016-04-27;105.27
16919;2016-04-28;104.71
16920;2016-04-29;104.84
16923;2016-05-02;103.72
16924;2016-05-03;101.76
16925;2016-05-04;100.92
16927;2016-05-06;100.2
16930;2016-05-09;101.75
16931;2016-05-10;101.92
16932;2016-05-11;100.84
16933;2016-05-12;102.61
16934;2016-05-13;100.84
16938;2016-05-17;101.78
16939;2016-05-18;101.54
16940;2016-05-19;101.59
16941;2016-05-20;102.17
16944;2016-05-23;101.85
16945;2016-05-24;103.61
16946;2016-05-25;105.98
16947;2016-05-26;106.85
16948;2016-05-27;106.66
16951;2016-05-30;106.87
16952;2016-05-31;106.67
16953;2016-06-01;105.32
16954;2016-06-02;106.37
16955;2016-06-03;106.23
16958;2016-06-06;104.42
16959;2016-06-07;106.11
16960;2016-06-08;105.79
16961;2016-06-09;105.06
16962;2016-06-10;102.47
16965;2016-06-13;99.89
16966;2016-06-14;98.26
16967;2016-06-15;98.35
16968;2016-06-16;97.28
16969;2016-06-17;98.77
16972;2016-06-20;102.23
16973;2016-06-21;102.76
16974;2016-06-22;103.36
16976;2016-06-24;96.45
16979;2016-06-27;93.64
16980;2016-06-28;94.47
16981;2016-06-29;97.13
16982;2016-06-30;97.86
16983;2016-07-01;98.37
16986;2016-07-04;98.74
16987;2016-07-05;96.89
16988;2016-07-06;93.7
16989;2016-07-07;95.31
16990;2016-07-08;96.26
16993;2016-07-11;98.13
16994;2016-07-12;100.88
16995;2016-07-13;101.61
16996;2016-07-14;101.8
16997;2016-07-15;100.99
17000;2016-07-18;101.64
17001;2016-07-19;100.52
17002;2016-07-20;101.97
17003;2016-07-21;101.92
17004;2016-07-22;102.42
17007;2016-07-25;102.79
17008;2016-07-26;101.64
17009;2016-07-27;102.81
17010;2016-07-28;101.71
17011;2016-07-29;102.08
17014;2016-08-01;101.47
17015;2016-08-02;99.9
17016;2016-08-03;99.68
17017;2016-08-04;100.99
17018;2016-08-05;101.78
17021;2016-08-08;103.53
17022;2016-08-09;103.84
17023;2016-08-10;104.47
17024;2016-08-11;104.82
17025;2016-08-12;105.51
17029;2016-08-16;105.03
17030;2016-08-17;103.86
17031;2016-08-18;103.83
17032;2016-08-19;103.28
17035;2016-08-22;103.22
17036;2016-08-23;104.06
17037;2016-08-24;105.18
17038;2016-08-25;103.93
17039;2016-08-26;103.91
17042;2016-08-29;103.92
17043;2016-08-30;105
17044;2016-08-31;105.62
17045;2016-09-01;106.23
17046;2016-09-02;105.5
17049;2016-09-05;107.32
17050;2016-09-06;107.4
17051;2016-09-07;107.23
17052;2016-09-08;107.82
17053;2016-09-09;107.31
17056;2016-09-12;104.18
17057;2016-09-13;105.02
17058;2016-09-14;103.43
17059;2016-09-15;103.24
17060;2016-09-16;102.3
17063;2016-09-19;103.63
17064;2016-09-20;103.34
17065;2016-09-21;104.63
17066;2016-09-22;105.73
17067;2016-09-23;105.32
17070;2016-09-26;103.82
17071;2016-09-27;103.08
17072;2016-09-28;104.39
17073;2016-09-29;105.12
17074;2016-09-30;103.14
17077;2016-10-03;104.98
17078;2016-10-04;105.4
17079;2016-10-05;105.19
17080;2016-10-06;105.47
17081;2016-10-07;105.15
17084;2016-10-10;105.23
17085;2016-10-11;106.4
17086;2016-10-12;105.86
17087;2016-10-13;104.16
17088;2016-10-14;105.78
17091;2016-10-17;105.4
17092;2016-10-18;106.34
17093;2016-10-19;106.71
17094;2016-10-20;107.45
17095;2016-10-21;107.64
17098;2016-10-24;108.83
17099;2016-10-25;109.24
17100;2016-10-26;108.23
17101;2016-10-27;108.42
17102;2016-10-28;108.31
17105;2016-10-31;108.11
17107;2016-11-02;105.69
17108;2016-11-03;105.9
17109;2016-11-04;104.17
17112;2016-11-07;106.36
17113;2016-11-08;106.45
17114;2016-11-09;105.63
17115;2016-11-10;110.36
17116;2016-11-11;108.32
17119;2016-11-14;107.95
17120;2016-11-15;108.47
17121;2016-11-16;108.32
17122;2016-11-17;107.75
17123;2016-11-18;107.61
17126;2016-11-21;107.95
17127;2016-11-22;109.14
17128;2016-11-23;108.42
17129;2016-11-24;108.6
17130;2016-11-25;108.42
17133;2016-11-28;107.92
17134;2016-11-29;107.79
17135;2016-11-30;108.64
17136;2016-12-01;108.82
17137;2016-12-02;107.88
17140;2016-12-05;109.08
17141;2016-12-06;110.1
17142;2016-12-07;112.37
17143;2016-12-08;113.41
17144;2016-12-09;114.82
17147;2016-12-12;115.31
17148;2016-12-13;115.89
17149;2016-12-14;115.9
17150;2016-12-15;116.41
17151;2016-12-16;117.69
17154;2016-12-19;117.54
17155;2016-12-20;117.57
17156;2016-12-21;117.42
17157;2016-12-22;117.56
17158;2016-12-23;117.64
17163;2016-12-28;117.77
17164;2016-12-29;117.6
17165;2016-12-30;117.41
17169;2017-01-03;119.38
17170;2017-01-04;119.55
17171;2017-01-05;120.01
17172;2017-01-06;119.56
17175;2017-01-09;118.88
17176;2017-01-10;119.12
17177;2017-01-11;119.21
17178;2017-01-12;118.74
17179;2017-01-13;118.86
17182;2017-01-16;118.13
17183;2017-01-17;117.53
17184;2017-01-18;117.32
17185;2017-01-19;117.74
17186;2017-01-20;118.17
17189;2017-01-23;117.47
17190;2017-01-24;117.54
17191;2017-01-25;119.04
17192;2017-01-26;119.62
17193;2017-01-27;118.29
17196;2017-01-30;117.37
17197;2017-01-31;116.71
17198;2017-02-01;116.62
17199;2017-02-02;117.39
17200;2017-02-03;117.96
17203;2017-02-06;117.64
17204;2017-02-07;116.81
17205;2017-02-08;116.31
17206;2017-02-09;116.86
17207;2017-02-10;117.24
17210;2017-02-13;118.34
17211;2017-02-14;118.87
17212;2017-02-15;119.36
17213;2017-02-16;119.14
17214;2017-02-17;118.2
17217;2017-02-20;118.65
17218;2017-02-21;118.72
17219;2017-02-22;118.46
17220;2017-02-23;118.87
17221;2017-02-24;116.97
17224;2017-02-27;117.24
17225;2017-02-28;117.81
17226;2017-03-01;119.94
17227;2017-03-02;120.29
17228;2017-03-03;120.97
17231;2017-03-06;120.6
17232;2017-03-07;120.04
17233;2017-03-08;119.74
17234;2017-03-09;119.73
17235;2017-03-10;121.49
17238;2017-03-13;120.96
17239;2017-03-14;120.54
17240;2017-03-15;120.58
17241;2017-03-16;121.95
17242;2017-03-17;122.15
17245;2017-03-20;121.82
17246;2017-03-21;122.35
17247;2017-03-22;119.89
17248;2017-03-23;120.72
17249;2017-03-24;120.67
17252;2017-03-27;120.41
17253;2017-03-28;120.63
17254;2017-03-29;121.53
17255;2017-03-30;121.73
17256;2017-03-31;122.12
17259;2017-04-03;122.88
17260;2017-04-04;122.09
17261;2017-04-05;122.54
17262;2017-04-06;122.23
17263;2017-04-07;122.49
17266;2017-04-10;122.34
17267;2017-04-11;122.45
17268;2017-04-12;122
17269;2017-04-13;120.88
17274;2017-04-18;119.46
17275;2017-04-19;119.9
17276;2017-04-20;120.63
17277;2017-04-21;121.22
17280;2017-04-24;125.41
17281;2017-04-25;125.84
17282;2017-04-26;125.47
17283;2017-04-27;125.52
17284;2017-04-28;125.82
17288;2017-05-02;126.13
17289;2017-05-03;126.26
17290;2017-05-04;127.3
17291;2017-05-05;127.52
17294;2017-05-08;128.42
17295;2017-05-09;129.07
17296;2017-05-10;128.39
17297;2017-05-11;128.97
17298;2017-05-12;129.22
17301;2017-05-15;129.83
17302;2017-05-16;130.37
17303;2017-05-17;130.03
17304;2017-05-18;125.96
17305;2017-05-19;128.18
17308;2017-05-22;128.97
17309;2017-05-23;129.91
17310;2017-05-24;129.85
17312;2017-05-26;128.84
17315;2017-05-29;129.35
17316;2017-05-30;129.15
17317;2017-05-31;129.1
17318;2017-06-01;129.2
17319;2017-06-02;130.58
17323;2017-06-06;128.62
17324;2017-06-07;129.52
17325;2017-06-08;129.3
17326;2017-06-09;129.13
17329;2017-06-12;128.77
17330;2017-06-13;129.19
17331;2017-06-14;129.83
17332;2017-06-15;127.13
17333;2017-06-16;127.75
17336;2017-06-19;128.9
17337;2017-06-20;128.99
17338;2017-06-21;127.24
17339;2017-06-22;127.54
17343;2017-06-26;128.57
17344;2017-06-27;127.72
17345;2017-06-28;127.28
17346;2017-06-29;127.79
17347;2017-06-30;127.03
17350;2017-07-03;127.22
17351;2017-07-04;127.82
17352;2017-07-05;127.95
17353;2017-07-06;126.93
17354;2017-07-07;126.55
17358;2017-07-11;127.38
17359;2017-07-12;128.2
17360;2017-07-13;129.49
17361;2017-07-14;129.35
17364;2017-07-17;129.54
17365;2017-07-18;128.84
17366;2017-07-19;128
17367;2017-07-20;129.25
17368;2017-07-21;128.15
17371;2017-07-24;127.17
17372;2017-07-25;128.59
17373;2017-07-26;129
17374;2017-07-27;129.46
17375;2017-07-28;128.43
17378;2017-07-31;128.74
17379;2017-08-01;128.74
17380;2017-08-02;128.99
17381;2017-08-03;128.83
17382;2017-08-04;129.16
17385;2017-08-07;130.42
17386;2017-08-08;130.7
17387;2017-08-09;129.34
17388;2017-08-10;128.8
17389;2017-08-11;126.73
17392;2017-08-14;128.14
17394;2017-08-16;129.7
17395;2017-08-17;129.18
17396;2017-08-18;127.56
17399;2017-08-21;127.82
17400;2017-08-22;127.85
17401;2017-08-23;128.19
17402;2017-08-24;128.07
17403;2017-08-25;127.76
17406;2017-08-28;126.7
17407;2017-08-29;124.7
17408;2017-08-30;125.75
17409;2017-08-31;126.01
17410;2017-09-01;126.77
17413;2017-09-04;126.33
17414;2017-09-05;126.13
17415;2017-09-06;125.29
17416;2017-09-07;126.39
17417;2017-09-08;125.68
17420;2017-09-11;127.01
17421;2017-09-12;128
17422;2017-09-13;128.38
17423;2017-09-14;128.48
17424;2017-09-15;128.63
17427;2017-09-18;129.17
17428;2017-09-19;129.28
17429;2017-09-20;129.16
17430;2017-09-21;129.67
17431;2017-09-22;130
17434;2017-09-25;129.82
17435;2017-09-26;129.84
17436;2017-09-27;130.58
17437;2017-09-28;130.69
17438;2017-09-29;130.86
17441;2017-10-02;131.39
17442;2017-10-03;131.62
17443;2017-10-04;130.78
17444;2017-10-05;131
17445;2017-10-06;131.36
17448;2017-10-09;131.02
17449;2017-10-10;130.85
17450;2017-10-11;131.12
17451;2017-10-12;131.05
17452;2017-10-13;131.33
17455;2017-10-16;131.22
17456;2017-10-17;131.16
17457;2017-10-18;131.45
17458;2017-10-19;130.46
17459;2017-10-20;131.38
17462;2017-10-23;131.37
17463;2017-10-24;131.12
17464;2017-10-25;131.39
17465;2017-10-26;130.42
17466;2017-10-27;131.07
17469;2017-10-30;131.23
17470;2017-10-31;131.82
17471;2017-11-01;131.82
17472;2017-11-02;132.34
17473;2017-11-03;131.89
17476;2017-11-06;131.35
17477;2017-11-07;131.66
17478;2017-11-08;130.92
17479;2017-11-09;130.67
17480;2017-11-10;129.83
17483;2017-11-13;128.95
17484;2017-11-14;128.4
17485;2017-11-15;126.65
17486;2017-11-16;128.04
17487;2017-11-17;127.97
17490;2017-11-20;127.88
17491;2017-11-21;128.41
17492;2017-11-22;128.5
17493;2017-11-23;128.02
17494;2017-11-24;129.26
17497;2017-11-27;128.44
17498;2017-11-28;128.45
17499;2017-11-29;129.75
17500;2017-11-30;130.26
17501;2017-12-01;128.53
17504;2017-12-04;129.61
17505;2017-12-05;129.52
17506;2017-12-06;128.67
17507;2017-12-07;129.23
17508;2017-12-08;130.41
17511;2017-12-11;129.74
17512;2017-12-12;130.3
17513;2017-12-13;130.24
17514;2017-12-14;129.55
17515;2017-12-15;128.27
17518;2017-12-18;129.7
17519;2017-12-19;130.26
17520;2017-12-20;129.43
17521;2017-12-21;128.96
17522;2017-12-22;129.21
17527;2017-12-27;129.12
17528;2017-12-28;129.26
17529;2017-12-29;128.37
17533;2018-01-02;128.09
17534;2018-01-03;129.16
17535;2018-01-04;130.87
17536;2018-01-05;132.21
17539;2018-01-08;132.81
17540;2018-01-09;133.3
17541;2018-01-10;132.95
17542;2018-01-11;133.07
17543;2018-01-12;133.53
17546;2018-01-15;133.94
17547;2018-01-16;134.56
17548;2018-01-17;133.73
17549;2018-01-18;133.99
17550;2018-01-19;134.57
17553;2018-01-22;135.06
17554;2018-01-23;135.57
17555;2018-01-24;135.41
17556;2018-01-25;135.51
17557;2018-01-26;135.45
17560;2018-01-29;135.37
17561;2018-01-30;134.05
17562;2018-01-31;133.07
17563;2018-02-01;133.98
17564;2018-02-02;131.64
17567;2018-02-05;129.7
17568;2018-02-06;126.36
17569;2018-02-07;127.55
17570;2018-02-08;128.01
17571;2018-02-09;125.28
17574;2018-02-12;126.6
17575;2018-02-13;126.21
17576;2018-02-14;126.51
17577;2018-02-15;128.21
17578;2018-02-16;128.39
17581;2018-02-19;129.08
17582;2018-02-20;128.49
17583;2018-02-21;128.49
17584;2018-02-22;128.2
17585;2018-02-23;128.74
17588;2018-02-26;129.66
17589;2018-02-27;129.33
17590;2018-02-28;129.49
17591;2018-03-01;127.69
17592;2018-03-02;126
17595;2018-03-05;125.53
17596;2018-03-06;126.97
17597;2018-03-07;125.6
17598;2018-03-08;126.85
17599;2018-03-09;127.2
17602;2018-03-12;128.22
17603;2018-03-13;128.34
17604;2018-03-14;127.36
17605;2018-03-15;126.95
17606;2018-03-16;127.78
17609;2018-03-19;127.47
17610;2018-03-20;127.5
17611;2018-03-21;127.15
17612;2018-03-22;125.95
17613;2018-03-23;123.72
17616;2018-03-26;124.89
17617;2018-03-27;125.07
17618;2018-03-28;123.89
17619;2018-03-29;125.85
17624;2018-04-03;125.53
17625;2018-04-04;123.82
17626;2018-04-05;127.29
17627;2018-04-06;127.85
17630;2018-04-09;127.95
17631;2018-04-10;128.17
17632;2018-04-11;128.33
17633;2018-04-12;128.27
17634;2018-04-13;129.09
17637;2018-04-16;128.43
17638;2018-04-17;129.19
17639;2018-04-18;129.95
17640;2018-04-19;130.69
17641;2018-04-20;131.48
17644;2018-04-23;131.47
17645;2018-04-24;131.75
17646;2018-04-25;130.32
17647;2018-04-26;130.95
17648;2018-04-27;131.1
17651;2018-04-30;131.38
17652;2018-05-01;131.38
17653;2018-05-02;132.32
17654;2018-05-03;132.3
17655;2018-05-04;131.61
17659;2018-05-08;131.68
17660;2018-05-09;132.67
17662;2018-05-11;133.35
17665;2018-05-14;133.44
17666;2018-05-15;133.11
17667;2018-05-16;133.03
17668;2018-05-17;132.61
17669;2018-05-18;132.89
17672;2018-05-21;132.89
17673;2018-05-22;133.24
17674;2018-05-23;131.8
17675;2018-05-24;131.82
17676;2018-05-25;130.45
17679;2018-05-28;129.19
17680;2018-05-29;126.1
17681;2018-05-30;126.94
17682;2018-05-31;127.73
17683;2018-06-01;128.46
17686;2018-06-04;129.01
17687;2018-06-05;128.68
17688;2018-06-06;127.96
17689;2018-06-07;128.97
17690;2018-06-08;127.51
17693;2018-06-11;128.55
17694;2018-06-12;129.1
17695;2018-06-13;129.14
17696;2018-06-14;128.55
17697;2018-06-15;128.99
17700;2018-06-18;127.74
17701;2018-06-19;127.19
17702;2018-06-20;128.03
17703;2018-06-21;127.04
17704;2018-06-22;127.09
17707;2018-06-25;126.36
17708;2018-06-26;125.22
17709;2018-06-27;124.75
17710;2018-06-28;125.24
17711;2018-06-29;125.36
17714;2018-07-02;124.66
17715;2018-07-03;125.94
17716;2018-07-04;126.63
17717;2018-07-05;128.16
17718;2018-07-06;127.09
17721;2018-07-09;128.2
17722;2018-07-10;128.62
17723;2018-07-11;126.47
17724;2018-07-12;127.03
17725;2018-07-13;126.76
17728;2018-07-16;126.84
17729;2018-07-17;125.88
17730;2018-07-18;126.61
17731;2018-07-19;126.3
17732;2018-07-20;125.38
17735;2018-07-23;125.37
17736;2018-07-24;126.73
17737;2018-07-25;127.1
17738;2018-07-26;127.86
17739;2018-07-27;130.11
17742;2018-07-30;129.83
17743;2018-07-31;130.76
17744;2018-08-01;130.64
17745;2018-08-02;128.8
17746;2018-08-03;129.15
17749;2018-08-06;129.1
17750;2018-08-07;129.98
17751;2018-08-08;130.17
17752;2018-08-09;129.26
17753;2018-08-10;128.42
17756;2018-08-13;126.59
17757;2018-08-14;126.8
17759;2018-08-16;125.8
17760;2018-08-17;125.28
17763;2018-08-20;126.07
17764;2018-08-21;126.96
17765;2018-08-22;127.58
17766;2018-08-23;127.45
17767;2018-08-24;127.91
17770;2018-08-27;127.91
17771;2018-08-28;128.28
17772;2018-08-29;127.96
17773;2018-08-30;127.77
17774;2018-08-31;126.78
17777;2018-09-03;126.68
17778;2018-09-04;125.93
17779;2018-09-05;125.7
17780;2018-09-06;124.83
17781;2018-09-07;123.51
17784;2018-09-10;125.17
17785;2018-09-11;124.43
17786;2018-09-12;125.26
17787;2018-09-13;125.52
17788;2018-09-14;125.67
17791;2018-09-17;126.08
17792;2018-09-18;126.54
17793;2018-09-19;126.82
17794;2018-09-20;128.13
17795;2018-09-21;128.31
17798;2018-09-24;128.19
17799;2018-09-25;128.7
17800;2018-09-26;128.46
17801;2018-09-27;128.24
17802;2018-09-28;127.12
17805;2018-10-01;127.51
17806;2018-10-02;125.95
17807;2018-10-03;126.86
17808;2018-10-04;126.76
17809;2018-10-05;125.9
17812;2018-10-08;123.77
17813;2018-10-09;123.88
17814;2018-10-10;125.16
17815;2018-10-11;121.73
17816;2018-10-12;121.8
17819;2018-10-15;121.12
17820;2018-10-16;121.4
17821;2018-10-17;122.62
17822;2018-10-18;122.5
17823;2018-10-19;120.49
17826;2018-10-22;121.65
17827;2018-10-23;118.82
17828;2018-10-24;118.79
17829;2018-10-25;118.23
17830;2018-10-26;116.37
17833;2018-10-29;118.8
17834;2018-10-30;118.55
17835;2018-10-31;120.13
17837;2018-11-02;121.78
17840;2018-11-05;121.37
17841;2018-11-06;120.56
17842;2018-11-07;122.36
17843;2018-11-08;122.82
17844;2018-11-09;121.56
17847;2018-11-12;121.93
17848;2018-11-13;121.4
17849;2018-11-14;120.86
17850;2018-11-15;120.48
17851;2018-11-16;120.31
17854;2018-11-19;119.96
17855;2018-11-20;118.42
17856;2018-11-21;118.29
17857;2018-11-22;118.28
17858;2018-11-23;118.37
17861;2018-11-26;119.7
17862;2018-11-27;119.75
17863;2018-11-28;119.9
17864;2018-11-29;120.09
17865;2018-11-30;119.9
17868;2018-12-03;121.43
17869;2018-12-04;119.79
17870;2018-12-05;118.42
17871;2018-12-06;115.02
17872;2018-12-07;114.89
17875;2018-12-10;113.73
17876;2018-12-11;114.09
17877;2018-12-12;114.42
17878;2018-12-13;114.95
17879;2018-12-14;114.02
17882;2018-12-17;113.92
17883;2018-12-18;112.98
17884;2018-12-19;112.77
17885;2018-12-20;111.18
17886;2018-12-21;109.65
17892;2018-12-27;108.7
17893;2018-12-28;109.95
17896;2018-12-31;110.6
17898;2019-01-02;109.3
17899;2019-01-03;109.88
17900;2019-01-04;111.47
17903;2019-01-07;112.37
17904;2019-01-08;113.9
17905;2019-01-09;114.63
17906;2019-01-10;113.95
17907;2019-01-11;114.13
17910;2019-01-14;112.97
17911;2019-01-15;113.24
17912;2019-01-16;114.23
17913;2019-01-17;114.43
17914;2019-01-18;115.88
17917;2019-01-21;115.92
17918;2019-01-22;115
17919;2019-01-23;115.95
17920;2019-01-24;116.21
17921;2019-01-25;116.93
17924;2019-01-28;116.71
17925;2019-01-29;116.59
17926;2019-01-30;116.44
17927;2019-01-31;116.69
17928;2019-02-01;115.72
17931;2019-02-04;115.32
17932;2019-02-05;117.06
17933;2019-02-06;117.81
17934;2019-02-07;116.37
17935;2019-02-08;114.68
17938;2019-02-11;115.25
17939;2019-02-12;116.38
17940;2019-02-13;116.34
17941;2019-02-14;116.89
17942;2019-02-15;116.85
17945;2019-02-18;118.5
17946;2019-02-19;118.3
17947;2019-02-20;119.12
17948;2019-02-21;118.98
17949;2019-02-22;119.57
17952;2019-02-25;119.72
17953;2019-02-26;119.15
17954;2019-02-27;119.75
17955;2019-02-28;120.52
17956;2019-03-01;121.76
17959;2019-03-04;121.68
17960;2019-03-05;121.23
17961;2019-03-06;121.13
17962;2019-03-07;120.71
17963;2019-03-08;118.92
17966;2019-03-11;119.3
17967;2019-03-12;119.43
17968;2019-03-13;120.09
17969;2019-03-14;121.87
17970;2019-03-15;122.47
17973;2019-03-18;123.02
17974;2019-03-19;123.93
17975;2019-03-20;123.09
17976;2019-03-21;121.78
17977;2019-03-22;120.59
17980;2019-03-25;119.15
17981;2019-03-26;119.32
17982;2019-03-27;119.67
17983;2019-03-28;119.58
17984;2019-03-29;120.11
17987;2019-04-01;121.21
17988;2019-04-02;122.31
17989;2019-04-03;123.89
17990;2019-04-04;123.81
17991;2019-04-05;124.2
17994;2019-04-08;124.06
17995;2019-04-09;124.09
17996;2019-04-10;123.68
17997;2019-04-11;123.89
17998;2019-04-12;124.98
18001;2019-04-15;125.88
18002;2019-04-16;125.89
18003;2019-04-17;126.78
18004;2019-04-18;127.18
18009;2019-04-23;126.93
18010;2019-04-24;126.55
18011;2019-04-25;125.75
18012;2019-04-26;126.11
18015;2019-04-29;125.81
18016;2019-04-30;126.25
18018;2019-05-02;126.35
18019;2019-05-03;125.69
18022;2019-05-06;123.15
18023;2019-05-07;123.18
18024;2019-05-08;121.96
18026;2019-05-10;121.2
18029;2019-05-13;119.38
18030;2019-05-14;119.14
18031;2019-05-15;118.58
18032;2019-05-16;120.07
18033;2019-05-17;120.55
18036;2019-05-20;119.64
18037;2019-05-21;120.31
18038;2019-05-22;120.03
18039;2019-05-23;117.76
18040;2019-05-24;118.86
18044;2019-05-28;118.86
18045;2019-05-29;117.58
18047;2019-05-31;116.3
18050;2019-06-03;116.22
18051;2019-06-04;118.21
18052;2019-06-05;119.14
18053;2019-06-06;118.95
18054;2019-06-07;119.05
18058;2019-06-11;120.97
18059;2019-06-12;119.71
18060;2019-06-13;120.09
18061;2019-06-14;119.13
18064;2019-06-17;119.33
18065;2019-06-18;119.91
18066;2019-06-19;121.17
18067;2019-06-20;121.8
18068;2019-06-21;121.43
18071;2019-06-24;120.86
18072;2019-06-25;120.29
18073;2019-06-26;120.63
18074;2019-06-27;120.71
18075;2019-06-28;120.99
18078;2019-07-01;122.92
18080;2019-07-03;122.72
18081;2019-07-04;123.91
18085;2019-07-08;123.32
18086;2019-07-09;122.12
18087;2019-07-10;122.57
18088;2019-07-11;122.44
18089;2019-07-12;123.03
18092;2019-07-15;122.64
18093;2019-07-16;122.59
18094;2019-07-17;122.64
18095;2019-07-18;121.62
18096;2019-07-19;120.39
18099;2019-07-22;120.87
18100;2019-07-23;122.24
18101;2019-07-24;122.54
18102;2019-07-25;122.91
18103;2019-07-26;122.31
18106;2019-07-29;122.34
18107;2019-07-30;120.21
18108;2019-07-31;119.98
18109;2019-08-01;119.67
18110;2019-08-02;117.21
18113;2019-08-05;114.71
18114;2019-08-06;115.29
18115;2019-08-07;114.73
18116;2019-08-08;114.64
18117;2019-08-09;113.93
18120;2019-08-12;113.06
18121;2019-08-13;112.37
18122;2019-08-14;112.06
18124;2019-08-16;111.45
18127;2019-08-19;113.61
18128;2019-08-20;113.34
18129;2019-08-21;114.19
18130;2019-08-22;114.33
18131;2019-08-23;114.47
18134;2019-08-26;113.28
18135;2019-08-27;113.69
18136;2019-08-28;113.4
18137;2019-08-29;115
18138;2019-08-30;116.03
18141;2019-09-02;116.15
18142;2019-09-03;115.33
18143;2019-09-04;116.59
18144;2019-09-05;118.4
18145;2019-09-06;118.73
18148;2019-09-09;119.46
18149;2019-09-10;120.43
18150;2019-09-11;122.31
18151;2019-09-12;121.86
18152;2019-09-13;123.58
18155;2019-09-16;123.14
18156;2019-09-17;121.92
18157;2019-09-18;122.35
18158;2019-09-19;122.89
18159;2019-09-20;123.75
18162;2019-09-23;122.33
18163;2019-09-24;122.52
18164;2019-09-25;120.27
18165;2019-09-26;121.76
18166;2019-09-27;122.79
18169;2019-09-30;123.1
18170;2019-10-01;123.83
18171;2019-10-02;120.48
18172;2019-10-03;118.65
18173;2019-10-04;118.29
18176;2019-10-07;119.84
18177;2019-10-08;118.39
18178;2019-10-09;119.3
18179;2019-10-10;119.61
18180;2019-10-11;122.58
18183;2019-10-14;122.8
18184;2019-10-15;123.96
18185;2019-10-16;124.89
18186;2019-10-17;125.92
18187;2019-10-18;124.82
18190;2019-10-21;125.88
18191;2019-10-22;125.91
18192;2019-10-23;126.05
18193;2019-10-24;127.46
18194;2019-10-25;126.5
18197;2019-10-28;127.06
18198;2019-10-29;126.82
18199;2019-10-30;126.09
18200;2019-10-31;125.65
18204;2019-11-04;128.3
18205;2019-11-05;129.42
18206;2019-11-06;129.76
18207;2019-11-07;131.2
18208;2019-11-08;131.25
18211;2019-11-11;130.51
18212;2019-11-12;131.84
18213;2019-11-13;130.06
18214;2019-11-14;130.21
18215;2019-11-15;130.08
18218;2019-11-18;130.77
18219;2019-11-19;131.08
18220;2019-11-20;129.42
18221;2019-11-21;129.82
18222;2019-11-22;130.34
18225;2019-11-25;130.96
18226;2019-11-26;130.73
18227;2019-11-27;131.08
18228;2019-11-28;130.76
18229;2019-11-29;130.65
18232;2019-12-02;130.62
18233;2019-12-03;128.67
18234;2019-12-04;129.11
18235;2019-12-05;130.1
18236;2019-12-06;129.57
18239;2019-12-09;130.11
18240;2019-12-10;128.63
18241;2019-12-11;129.58
18242;2019-12-12;129.81
18243;2019-12-13;132.52
18246;2019-12-16;132.04
18247;2019-12-17;132.02
18248;2019-12-18;132.15
18249;2019-12-19;131.85
18250;2019-12-20;132.63
18253;2019-12-23;132.1
18257;2019-12-27;132.47
18260;2019-12-30;131.75
18261;2019-12-31;130.97
18263;2020-01-02;132.36
18264;2020-01-03;130.91
18267;2020-01-06;130.5
18268;2020-01-07;132.13
18269;2020-01-08;131.9
18270;2020-01-09;132.56
18271;2020-01-10;132.38
18274;2020-01-13;131.44
18275;2020-01-14;131.22
18276;2020-01-15;130.52
18277;2020-01-16;129.79
18278;2020-01-17;131.07
18281;2020-01-20;131.1
18282;2020-01-21;130.36
18283;2020-01-22;129.78
18284;2020-01-23;129.25
18285;2020-01-24;129.49
18288;2020-01-27;126.59
18289;2020-01-28;126.89
18290;2020-01-29;128.12
18291;2020-01-30;126.52
18292;2020-01-31;125.67
18295;2020-02-03;124.93
18296;2020-02-04;126.37
18297;2020-02-05;128.11
18298;2020-02-06;129.89
18299;2020-02-07;129.14
18302;2020-02-10;129.22
18303;2020-02-11;129.76
18304;2020-02-12;131.08
18305;2020-02-13;130.03
18306;2020-02-14;131.24
18309;2020-02-17;131.14
18310;2020-02-18;130.23
18311;2020-02-19;131.06
18312;2020-02-20;130.94
18313;2020-02-21;129.35
18316;2020-02-24;124.44
18317;2020-02-25;122.59
18318;2020-02-26;120.59
18319;2020-02-27;118.78
18320;2020-02-28;113.66
18323;2020-03-02;110.72
18324;2020-03-03;115.05
18325;2020-03-04;114.66
18326;2020-03-05;111.94
18327;2020-03-06;107.06
18330;2020-03-09;98.92
18331;2020-03-10;100.85
18332;2020-03-11;97.36
18333;2020-03-12;90.47
