15223;2011-09-06;84.38
15224;2011-09-07;86.29
15229;2011-09-12;83.88
15230;2011-09-13;84.32
15231;2011-09-14;85.66
15236;2011-09-19;85.79
15237;2011-09-20;87.13
15238;2011-09-21;85.62
15243;2011-09-26;83.39
15244;2011-09-27;86.27
15245;2011-09-28;85.52
15250;2011-10-03;84.28
15251;2011-10-04;82.31
15252;2011-10-05;84.12
15257;2011-10-10;87.09
15258;2011-10-11;87
15259;2011-10-12;88
15264;2011-10-17;87.87
15265;2011-10-18;87.83
15266;2011-10-19;88.62
15271;2011-10-24;89.66
15272;2011-10-25;89.29
15273;2011-10-26;89.85
15280;2011-11-02;88.47
15285;2011-11-07;89.4
15286;2011-11-08;90.27
15287;2011-11-09;89.36
15288;2011-11-10;88.78
15289;2011-11-11;90.44
15292;2011-11-14;89.6
15293;2011-11-15;89.29
15294;2011-11-16;89.24
15295;2011-11-17;88.18
15296;2011-11-18;87.52
15299;2011-11-21;84.96
15300;2011-11-22;84.78
15301;2011-11-23;83.83
15302;2011-11-24;83.76
15303;2011-11-25;84.3
15306;2011-11-28;86.95
15307;2011-11-29;87.78
15308;2011-11-30;90.89
15309;2011-12-01;90.06
15310;2011-12-02;90.61
15313;2011-12-05;91.44
15314;2011-12-06;90.82
15315;2011-12-07;90.53
15316;2011-12-08;89.43
15317;2011-12-09;90.33
15320;2011-12-12;89.07
15321;2011-12-13;89.52
15322;2011-12-14;87.51
15323;2011-12-15;87.98
15324;2011-12-16;87.6
15327;2011-12-19;87.56
15328;2011-12-20;89.17
15329;2011-12-21;88.65
15330;2011-12-22;89.65
15331;2011-12-23;90.55
15336;2011-12-28;89.87
15337;2011-12-29;90.59
15338;2011-12-30;91.47
15342;2012-01-03;93.68
15343;2012-01-04;93.06
15344;2012-01-05;92.09
15345;2012-01-06;92.27
15348;2012-01-09;92
15349;2012-01-10;93.28
15350;2012-01-11;93.04
15351;2012-01-12;92.79
15352;2012-01-13;92.63
15355;2012-01-16;93.07
15356;2012-01-17;93.83
15357;2012-01-18;93.89
15358;2012-01-19;94.86
15359;2012-01-20;94.18
15362;2012-01-23;94.28
15363;2012-01-24;94.49
15364;2012-01-25;94.03
15369;2012-01-30;93.4
15370;2012-01-31;94.14
15371;2012-02-01;95.69
15372;2012-02-02;95.64
15373;2012-02-03;96.48
15376;2012-02-06;96.68
15377;2012-02-07;96.52
15378;2012-02-08;96.36
15379;2012-02-09;96.36
15380;2012-02-10;95.97
15383;2012-02-13;96.42
15384;2012-02-14;96.63
15385;2012-02-15;97.12
15386;2012-02-16;96.85
15387;2012-02-17;97.08
15390;2012-02-20;97.6
15391;2012-02-21;97.01
15392;2012-02-22;96.58
15393;2012-02-23;96.45
15394;2012-02-24;96.54
15397;2012-02-27;96.68
15398;2012-02-28;96.76
15399;2012-02-29;97.03
15400;2012-03-01;98.16
15401;2012-03-02;98.33
15404;2012-03-05;98.11
15405;2012-03-06;95.6
15406;2012-03-07;96.08
15407;2012-03-08;97.32
15408;2012-03-09;97.65
15411;2012-03-12;97.57
15412;2012-03-13;98.82
15413;2012-03-14;99.03
15414;2012-03-15;99.18
15415;2012-03-16;99.72
15418;2012-03-19;99.2
15419;2012-03-20;98.27
15420;2012-03-21;98.37
15421;2012-03-22;97.43
15422;2012-03-23;97.34
15425;2012-03-26;98.51
15426;2012-03-27;98.13
15427;2012-03-28;97.61
15428;2012-03-29;96.3
15429;2012-03-30;97.11
15432;2012-04-02;98.57
15433;2012-04-03;97.65
15434;2012-04-04;95.44
15435;2012-04-05;95.6
15440;2012-04-10;93.4
15441;2012-04-11;93.89
15442;2012-04-12;95.25
15443;2012-04-13;93.76
15446;2012-04-16;94.24
15447;2012-04-17;95.98
15448;2012-04-18;95.55
15449;2012-04-19;95.17
15450;2012-04-20;95.55
15453;2012-04-23;93.56
15454;2012-04-24;94.23
15455;2012-04-25;95.55
15456;2012-04-26;95.41
15457;2012-04-27;96.08
15460;2012-04-30;95.35
15462;2012-05-02;95.94
15463;2012-05-03;95.98
15464;2012-05-04;94.43
15467;2012-05-07;95.07
15468;2012-05-08;93.03
15469;2012-05-09;92.94
15470;2012-05-10;92.95
15471;2012-05-11;93.78
15474;2012-05-14;92.22
15475;2012-05-15;91.6
15476;2012-05-16;91.38
15478;2012-05-18;89.25
15481;2012-05-21;89.68
15482;2012-05-22;91.28
15483;2012-05-23;89.19
15484;2012-05-24;89.96
15485;2012-05-25;90.26
15489;2012-05-29;91.29
15490;2012-05-30;90.05
15491;2012-05-31;90.36
15492;2012-06-01;88.53
15495;2012-06-04;88.05
15496;2012-06-05;88.59
15497;2012-06-06;90.76
15498;2012-06-07;91.8
15499;2012-06-08;91.37
15502;2012-06-11;91.4
15503;2012-06-12;91.88
15504;2012-06-13;91.58
15505;2012-06-14;91.49
15506;2012-06-15;92.22
15509;2012-06-18;91.99
15510;2012-06-19;93.02
15511;2012-06-20;93.57
15512;2012-06-21;92.98
15513;2012-06-22;92.04
15516;2012-06-25;90.31
15517;2012-06-26;90.38
15518;2012-06-27;91.52
15519;2012-06-28;90.58
15523;2012-07-02;94.43
15524;2012-07-03;95.33
15525;2012-07-04;95.31
15526;2012-07-05;95.2
15527;2012-07-06;94.01
15530;2012-07-09;93.45
15531;2012-07-10;94.23
15532;2012-07-11;94.41
15533;2012-07-12;93.49
15534;2012-07-13;94.72
15537;2012-07-16;94.55
15538;2012-07-17;94.43
15539;2012-07-18;95.53
15540;2012-07-19;96.69
15541;2012-07-20;95.09
15544;2012-07-23;92.4
15545;2012-07-24;92.06
15546;2012-07-25;92.1
15547;2012-07-26;94.68
15548;2012-07-27;96.15
15551;2012-07-30;97.81
15552;2012-07-31;96.75
15553;2012-08-01;97.44
15554;2012-08-02;95.8
15555;2012-08-03;98.84
15558;2012-08-06;99.45
15559;2012-08-07;100.11
15560;2012-08-08;100.43
15561;2012-08-09;100.73
15562;2012-08-10;100.67
15565;2012-08-13;100.21
15566;2012-08-14;100.89
15568;2012-08-16;100.91
15569;2012-08-17;101.38
15572;2012-08-20;100.72
15573;2012-08-21;101.31
15574;2012-08-22;99.74
15575;2012-08-23;98.92
15576;2012-08-24;98.97
15579;2012-08-27;99.68
15580;2012-08-28;98.82
15581;2012-08-29;98.83
15582;2012-08-30;97.84
15583;2012-08-31;98.62
15586;2012-09-03;99.48
15587;2012-09-04;98.22
15588;2012-09-05;98.98
15589;2012-09-06;101.66
15590;2012-09-07;102.26
15593;2012-09-10;102.02
15594;2012-09-11;102.65
15595;2012-09-12;102.92
15596;2012-09-13;102.7
15597;2012-09-14;104.15
15600;2012-09-17;103.91
15601;2012-09-18;103.3
15602;2012-09-19;103.66
15603;2012-09-20;103.42
15604;2012-09-21;103.97
15607;2012-09-24;103.4
15608;2012-09-25;103.94
15609;2012-09-26;101.57
15610;2012-09-27;101.85
15611;2012-09-28;100.45
15614;2012-10-01;102.36
15615;2012-10-02;101.91
15616;2012-10-03;101.85
15617;2012-10-04;101.8
15618;2012-10-05;103.47
15621;2012-10-08;102.01
15622;2012-10-09;101.2
15623;2012-10-10;100.56
15624;2012-10-11;102
15625;2012-10-12;101.7
15628;2012-10-15;102.71
15629;2012-10-16;104.3
15630;2012-10-17;104.54
15631;2012-10-18;104.43
15632;2012-10-19;103.24
15635;2012-10-22;102.83
15636;2012-10-23;100.81
15637;2012-10-24;101.36
15638;2012-10-25;101.78
15639;2012-10-26;101.8
15642;2012-10-29;101.61
15643;2012-10-30;102.68
15644;2012-10-31;102.05
15646;2012-11-02;103.91
15649;2012-11-05;103.19
15650;2012-11-06;104.04
15651;2012-11-07;102.73
15652;2012-11-08;103.17
15653;2012-11-09;102.78
15656;2012-11-12;102.86
15657;2012-11-13;103.73
15658;2012-11-14;103.25
15659;2012-11-15;102.2
15660;2012-11-16;101.26
15663;2012-11-19;103.6
15664;2012-11-20;104.49
15665;2012-11-21;104.85
15666;2012-11-22;105.73
15667;2012-11-23;106.59
15670;2012-11-26;106.27
15671;2012-11-27;106.83
15672;2012-11-28;106.94
15673;2012-11-29;108.05
15674;2012-11-30;107.79
15677;2012-12-03;108.03
15678;2012-12-04;108.31
15679;2012-12-05;108.08
15680;2012-12-06;109.1
15681;2012-12-07;109.44
15684;2012-12-10;109.74
15685;2012-12-11;109.35
15686;2012-12-12;109.24
15687;2012-12-13;108.94
15688;2012-12-14;109.32
15691;2012-12-17;109.48
15692;2012-12-18;109.78
15693;2012-12-19;110.41
15694;2012-12-20;110.53
15695;2012-12-21;109.83
15701;2012-12-27;109.81
15702;2012-12-28;108.98
15705;2012-12-31;109.31
15707;2013-01-02;111.56
15708;2013-01-03;112
15709;2013-01-04;112.18
15712;2013-01-07;111.71
15713;2013-01-08;111.65
15714;2013-01-09;112.8
15715;2013-01-10;112.29
15716;2013-01-11;112.43
15719;2013-01-14;111.98
15720;2013-01-15;111.77
15721;2013-01-16;112.06
15722;2013-01-17;112.66
15723;2013-01-18;112.2
15726;2013-01-21;112.05
15727;2013-01-22;111.92
15728;2013-01-23;111.97
15729;2013-01-24;112.57
15730;2013-01-25;113.35
15733;2013-01-28;113.39
15734;2013-01-29;113.37
15735;2013-01-30;112.5
15736;2013-01-31;112.4
15737;2013-02-01;112.88
15740;2013-02-04;111.3
15741;2013-02-05;111.91
15742;2013-02-06;111.18
15743;2013-02-07;110.56
15744;2013-02-08;112.17
15747;2013-02-11;111.67
15748;2013-02-12;112.24
15749;2013-02-13;113.03
15750;2013-02-14;113.32
15751;2013-02-15;113.47
15754;2013-02-18;113.33
15755;2013-02-19;114.88
15756;2013-02-20;114.87
15757;2013-02-21;113.01
15758;2013-02-22;114.38
15761;2013-02-25;113.91
15762;2013-02-26;112.77
15763;2013-02-27;113.57
15764;2013-02-28;114.93
15765;2013-03-01;114.73
15768;2013-03-04;114.95
15769;2013-03-05;116.87
15770;2013-03-06;116.6
15771;2013-03-07;116.8
15772;2013-03-08;117.16
15775;2013-03-11;117.19
15776;2013-03-12;117.19
15777;2013-03-13;117.57
15778;2013-03-14;118.63
15779;2013-03-15;118.96
15782;2013-03-18;118.28
15783;2013-03-19;118.16
15784;2013-03-20;118.77
15785;2013-03-21;117.5
15786;2013-03-22;117.5
15789;2013-03-25;117.45
15790;2013-03-26;117.9
15791;2013-03-27;117.41
15792;2013-03-28;118.22
15797;2013-04-02;119.93
15798;2013-04-03;119.31
15799;2013-04-04;117.74
15800;2013-04-05;115.56
15803;2013-04-08;116.08
15804;2013-04-09;115.65
15805;2013-04-10;117.66
15806;2013-04-11;118.48
15807;2013-04-12;117.43
15810;2013-04-15;117.43
15811;2013-04-16;116.53
15812;2013-04-17;114.77
15813;2013-04-18;114.61
15814;2013-04-19;114.75
15817;2013-04-22;114.42
15818;2013-04-23;117.56
15819;2013-04-24;118.16
15820;2013-04-25;118.43
15821;2013-04-26;118.51
15824;2013-04-29;118.81
15825;2013-04-30;118.49
15827;2013-05-02;118.65
15828;2013-05-03;119.81
15831;2013-05-06;119.89
15832;2013-05-07;120
15833;2013-05-08;120.97
15835;2013-05-10;121.55
15838;2013-05-13;121.47
15839;2013-05-14;122.21
15840;2013-05-15;123.51
15841;2013-05-16;123.89
15842;2013-05-17;124.05
15846;2013-05-21;124.33
15847;2013-05-22;124.9
15848;2013-05-23;121.94
15849;2013-05-24;121.8
15852;2013-05-27;122.22
15853;2013-05-28;123.6
15854;2013-05-29;120.78
15855;2013-05-30;120.9
15856;2013-05-31;119.6
15859;2013-06-03;118.54
15860;2013-06-04;119.13
15861;2013-06-05;117.32
15862;2013-06-06;115.74
15863;2013-06-07;117.86
15866;2013-06-10;117.77
15867;2013-06-11;115.89
15868;2013-06-12;115.8
15869;2013-06-13;115.7
15870;2013-06-14;116.1
15873;2013-06-17;117.42
15874;2013-06-18;117.22
15875;2013-06-19;117.51
15876;2013-06-20;113.99
15877;2013-06-21;112.76
15880;2013-06-24;110.43
15881;2013-06-25;112.41
15882;2013-06-26;115
15883;2013-06-27;115.85
15884;2013-06-28;115.5
15887;2013-07-01;116.57
15888;2013-07-02;116.1
15889;2013-07-03;115.75
15890;2013-07-04;118.36
15891;2013-07-05;116.83
15894;2013-07-08;118.65
15895;2013-07-09;119.61
15896;2013-07-10;119.6
15897;2013-07-11;120.19
15898;2013-07-12;119.96
15901;2013-07-15;120.69
15902;2013-07-16;118.96
15903;2013-07-17;119.53
15904;2013-07-18;120.55
15905;2013-07-19;120.44
15908;2013-07-22;120.15
15909;2013-07-23;119.19
15910;2013-07-24;119.95
15911;2013-07-25;118.98
15912;2013-07-26;118.35
15915;2013-07-29;118.22
15916;2013-07-30;118.41
15917;2013-07-31;118.49
15918;2013-08-01;119.85
15919;2013-08-02;120.65
15922;2013-08-05;121.09
15923;2013-08-06;121.09
15924;2013-08-07;120.82
15925;2013-08-08;121.37
15926;2013-08-09;121.81
15929;2013-08-12;122.05
15930;2013-08-13;122.76
15931;2013-08-14;123.44
15933;2013-08-16;121.75
15936;2013-08-19;121.64
15937;2013-08-20;120.92
15938;2013-08-21;120.35
15939;2013-08-22;121.36
15940;2013-08-23;121.85
15943;2013-08-26;121.91
15944;2013-08-27;119.47
15945;2013-08-28;118.72
15946;2013-08-29;119.46
15947;2013-08-30;118.29
15950;2013-09-02;120.63
15951;2013-09-03;119.82
15952;2013-09-04;119.79
15953;2013-09-05;120.13
15954;2013-09-06;120.52
15957;2013-09-09;120.45
15958;2013-09-10;122.12
15959;2013-09-11;122.21
15960;2013-09-12;121.77
15961;2013-09-13;121.98
15964;2013-09-16;122.8
15965;2013-09-17;122.69
15966;2013-09-18;123.18
15967;2013-09-19;124.44
15968;2013-09-20;124.25
15971;2013-09-23;123.52
15972;2013-09-24;123.5
15973;2013-09-25;123.35
15974;2013-09-26;123.64
15975;2013-09-27;123.13
15978;2013-09-30;122.79
15979;2013-10-01;123.15
15980;2013-10-02;121.87
15981;2013-10-03;121.42
15982;2013-10-04;121.05
15985;2013-10-07;120.42
15986;2013-10-08;119.33
15987;2013-10-09;118.13
15988;2013-10-10;119.65
15989;2013-10-11;120.15
15992;2013-10-14;120.18
15993;2013-10-15;121.02
15994;2013-10-16;120.75
15995;2013-10-17;120.96
15996;2013-10-18;122.32
15999;2013-10-21;122.68
16000;2013-10-22;124.02
16001;2013-10-23;123.95
16002;2013-10-24;124.38
16003;2013-10-25;124.71
16006;2013-10-28;125.01
16007;2013-10-29;125.02
16008;2013-10-30;124.78
16009;2013-10-31;124.83
16013;2013-11-04;124.65
16014;2013-11-05;124.8
16015;2013-11-06;125.39
16016;2013-11-07;125.32
16020;2013-11-11;125.61
16021;2013-11-12;125.02
16022;2013-11-13;124.5
16023;2013-11-14;125.76
16024;2013-11-15;126.29
16027;2013-11-18;126.56
16028;2013-11-19;125.8
16029;2013-11-20;126.19
16030;2013-11-21;125.48
16031;2013-11-22;125.42
16034;2013-11-25;126.32
16035;2013-11-26;125.4
16036;2013-11-27;125.84
16037;2013-11-28;126.11
16038;2013-11-29;126.17
16041;2013-12-02;126.11
16042;2013-12-03;124.26
16043;2013-12-04;123.54
16044;2013-12-05;122.89
16045;2013-12-06;123.41
16048;2013-12-09;123.38
16049;2013-12-10;122.24
16050;2013-12-11;121.5
16051;2013-12-12;120.19
16052;2013-12-13;120.02
16055;2013-12-16;121.39
16056;2013-12-17;120.43
16057;2013-12-18;121.55
16058;2013-12-19;123.8
16059;2013-12-20;124.28
16062;2013-12-23;125.02
16063;2013-12-24;125.25
16066;2013-12-27;126.69
16069;2013-12-30;126.5
16070;2013-12-31;127.14
16072;2014-01-02;126
16073;2014-01-03;126.93
16076;2014-01-06;126.28
16077;2014-01-07;126.48
16078;2014-01-08;126.56
16079;2014-01-09;125.81
16080;2014-01-10;125.97
16083;2014-01-13;125.76
16084;2014-01-14;125.76
16085;2014-01-15;126.55
16086;2014-01-16;126.45
16087;2014-01-17;127.07
16090;2014-01-20;127.15
16091;2014-01-21;127.43
16092;2014-01-22;127.72
16093;2014-01-23;126.51
16094;2014-01-24;123.47
16097;2014-01-27;122.63
16098;2014-01-28;122.76
16099;2014-01-29;122.13
16100;2014-01-30;122.75
16101;2014-01-31;122.69
16104;2014-02-03;121.69
16105;2014-02-04;121.09
16106;2014-02-05;120.92
16107;2014-02-06;122.03
16108;2014-02-07;122.88
16111;2014-02-10;123.18
16112;2014-02-11;124.6
16113;2014-02-12;125.32
16114;2014-02-13;125.16
16115;2014-02-14;126.02
16118;2014-02-17;126.09
16119;2014-02-18;125.91
16120;2014-02-19;125.99
16121;2014-02-20;125.95
16122;2014-02-21;126.32
16125;2014-02-24;127.22
16126;2014-02-25;127.64
16127;2014-02-26;127.7
16128;2014-02-27;127.47
16129;2014-02-28;127.67
16132;2014-03-03;125.19
16133;2014-03-04;127.55
16134;2014-03-05;127.33
16135;2014-03-06;127.42
16136;2014-03-07;126.02
16139;2014-03-10;125.36
16140;2014-03-11;125.57
16141;2014-03-12;124.1
16142;2014-03-13;123.02
16143;2014-03-14;122.51
16146;2014-03-17;123.55
16147;2014-03-18;124.07
16148;2014-03-19;124.18
16149;2014-03-20;123.99
16150;2014-03-21;124.5
16153;2014-03-24;123.48
16154;2014-03-25;125.16
16155;2014-03-26;125.87
16156;2014-03-27;126.32
16157;2014-03-28;127.27
16160;2014-03-31;126.92
16161;2014-04-01;127.22
16162;2014-04-02;127.38
16163;2014-04-03;127.27
16164;2014-04-04;127.9
16167;2014-04-07;126.64
16168;2014-04-08;126.49
16169;2014-04-09;126.98
16170;2014-04-10;126.76
16171;2014-04-11;125.05
16174;2014-04-14;126.02
16175;2014-04-15;125.43
16176;2014-04-16;126.68
16177;2014-04-17;127.26
16182;2014-04-22;128.53
16183;2014-04-23;127.79
16184;2014-04-24;127.73
16185;2014-04-25;126.97
16188;2014-04-28;127.16
16189;2014-04-29;128.55
16190;2014-04-30;128.41
16192;2014-05-02;128.4
16195;2014-05-05;128.23
16196;2014-05-06;127.96
16197;2014-05-07;128.36
16198;2014-05-08;129.64
16199;2014-05-09;129.41
16202;2014-05-12;130.25
16203;2014-05-13;130.33
16204;2014-05-14;130.49
16205;2014-05-15;129.51
16206;2014-05-16;129.84
16209;2014-05-19;129.94
16210;2014-05-20;129.93
16211;2014-05-21;130.78
16212;2014-05-22;131.33
16213;2014-05-23;131.5
16216;2014-05-26;132.3
16217;2014-05-27;133.18
16218;2014-05-28;132.77
16220;2014-05-30;132.87
16223;2014-06-02;133.19
16224;2014-06-03;132.7
16225;2014-06-04;132.94
16226;2014-06-05;132.94
16227;2014-06-06;133.52
16231;2014-06-10;134.32
16232;2014-06-11;134.02
16233;2014-06-12;134.18
16234;2014-06-13;133.82
16237;2014-06-16;133.31
16238;2014-06-17;133.68
16239;2014-06-18;133.36
16240;2014-06-19;134.31
16241;2014-06-20;134.84
16245;2014-06-24;133.74
16246;2014-06-25;132.11
16247;2014-06-26;132.14
16248;2014-06-27;132.12
16251;2014-06-30;132.11
16252;2014-07-01;132.9
16253;2014-07-02;133.16
16254;2014-07-03;134.47
16255;2014-07-04;133.94
16258;2014-07-07;132.68
16259;2014-07-08;131.07
16260;2014-07-09;131.23
16261;2014-07-10;129.84
16262;2014-07-11;129.99
16265;2014-07-14;131.13
16266;2014-07-15;130.52
16267;2014-07-16;131.99
16268;2014-07-17;131.1
16269;2014-07-18;130.92
16272;2014-07-21;130.16
16273;2014-07-22;131.7
16274;2014-07-23;131.9
16275;2014-07-24;132.42
16276;2014-07-25;130.96
16279;2014-07-28;130.61
16280;2014-07-29;130.77
16281;2014-07-30;130.06
16282;2014-07-31;128.34
16283;2014-08-01;127.41
16286;2014-08-04;126.43
16287;2014-08-05;127.03
16288;2014-08-06;126.17
16289;2014-08-07;126.04
16290;2014-08-08;125.19
16293;2014-08-11;126.79
16294;2014-08-12;126.67
16295;2014-08-13;127.14
16296;2014-08-14;127.8
16300;2014-08-18;128.48
16301;2014-08-19;129.28
16302;2014-08-20;129.07
16303;2014-08-21;129.82
16304;2014-08-22;129.8
16307;2014-08-25;131.35
16308;2014-08-26;132.17
16309;2014-08-27;132.42
16310;2014-08-28;131.41
16311;2014-08-29;131.86
16314;2014-09-01;132.27
16315;2014-09-02;132.46
16316;2014-09-03;133.09
16317;2014-09-04;134.43
16318;2014-09-05;133.96
16321;2014-09-08;133.56
16322;2014-09-09;133.35
16323;2014-09-10;133.06
16324;2014-09-11;133.11
16325;2014-09-12;133.24
16328;2014-09-15;133.26
16329;2014-09-16;132.69
16330;2014-09-17;132.93
16331;2014-09-18;134.19
16332;2014-09-19;134.49
16335;2014-09-22;133.99
16336;2014-09-23;132.6
16337;2014-09-24;133.19
16338;2014-09-25;132.32
16339;2014-09-26;132.83
16342;2014-09-29;132.57
16343;2014-09-30;133.33
16344;2014-10-01;132.23
16345;2014-10-02;129.6
16346;2014-10-03;130.34
16349;2014-10-06;130.44
16350;2014-10-07;128.6
16351;2014-10-08;127.76
16352;2014-10-09;127.31
16353;2014-10-10;126
16356;2014-10-13;125.6
16357;2014-10-14;125.39
16358;2014-10-15;122.33
16359;2014-10-16;122.37
16360;2014-10-17;125.84
16363;2014-10-20;125.3
16364;2014-10-21;127.45
16365;2014-10-22;128.72
16366;2014-10-23;129.52
16367;2014-10-24;129.1
16370;2014-10-27;128.27
16371;2014-10-28;129.01
16372;2014-10-29;129.55
16373;2014-10-30;130.35
16374;2014-10-31;132.73
16377;2014-11-03;132.18
16378;2014-11-04;130.98
16379;2014-11-05;133.22
16380;2014-11-06;133.73
16381;2014-11-07;133.04
16384;2014-11-10;133.99
16385;2014-11-11;134.21
16386;2014-11-12;132.84
16387;2014-11-13;133.18
16388;2014-11-14;133.01
16391;2014-11-17;133.72
16392;2014-11-18;134.74
16393;2014-11-19;134.66
16394;2014-11-20;134.8
16395;2014-11-21;137.68
16398;2014-11-24;137.94
16399;2014-11-25;138.01
16400;2014-11-26;137.95
16401;2014-11-27;138.25
16402;2014-11-28;138.13
16405;2014-12-01;137.51
16406;2014-12-02;137.79
16407;2014-12-03;138.55
16408;2014-12-04;136.87
16409;2014-12-05;139.17
16412;2014-12-08;138.56
16413;2014-12-09;135.63
16414;2014-12-10;135.46
16419;2014-12-15;129.94
16420;2014-12-16;131.99
16421;2014-12-17;132.17
16422;2014-12-18;136.09
16423;2014-12-19;136.45
16426;2014-12-22;137.32
16427;2014-12-23;138.12
16433;2014-12-29;138.19
16434;2014-12-30;137.15
16435;2014-12-31;137.78
16437;2015-01-02;137.08
16440;2015-01-05;134.28
16441;2015-01-06;133.38
16442;2015-01-07;133.76
16443;2015-01-08;137.37
16444;2015-01-09;136.17
16447;2015-01-12;136.98
16448;2015-01-13;139.21
16449;2015-01-14;137.66
16450;2015-01-15;140.76
16451;2015-01-16;143.13
16454;2015-01-19;143.02
16455;2015-01-20;144.37
16456;2015-01-21;145.13
16457;2015-01-22;147.41
16458;2015-01-23;150.37
16461;2015-01-26;151.57
16462;2015-01-27;150.15
16463;2015-01-28;150.75
16464;2015-01-29;150.54
16465;2015-01-30;150.36
16468;2015-02-02;151.29
16469;2015-02-03;152.51
16470;2015-02-04;153.15
16471;2015-02-05;153.85
16472;2015-02-06;154.21
16475;2015-02-09;153.21
16476;2015-02-10;153.98
16477;2015-02-11;153.69
16478;2015-02-12;155.06
16479;2015-02-13;156.46
16482;2015-02-16;156.25
16483;2015-02-17;156.46
16484;2015-02-18;157.88
16485;2015-02-19;158.19
16486;2015-02-20;158.15
16489;2015-02-23;159.38
16490;2015-02-24;160.48
16491;2015-02-25;160.43
16492;2015-02-26;162.18
16493;2015-02-27;162.4
16496;2015-03-02;161.56
16497;2015-03-03;160.13
16498;2015-03-04;161.16
16499;2015-03-05;162.77
16500;2015-03-06;163.08
16503;2015-03-09;162.27
16504;2015-03-10;161.03
16505;2015-03-11;163.31
16506;2015-03-12;164.14
16507;2015-03-13;165.09
16510;2015-03-16;166.69
16511;2015-03-17;165.44
16512;2015-03-18;165.83
16513;2015-03-19;167.16
16514;2015-03-20;168.85
16517;2015-03-23;167.56
16518;2015-03-24;168.22
16519;2015-03-25;166.12
16520;2015-03-26;164.27
16521;2015-03-27;165.07
16524;2015-03-30;166.88
16525;2015-03-31;166.67
16526;2015-04-01;167.41
16527;2015-04-02;166.94
16532;2015-04-07;170.07
16533;2015-04-08;170.04
16534;2015-04-09;171.73
16535;2015-04-10;173.43
16538;2015-04-13;173.61
16539;2015-04-14;173.06
16540;2015-04-15;173.73
16541;2015-04-16;172.53
16542;2015-04-17;169.56
16545;2015-04-20;170.51
16546;2015-04-21;171.17
16547;2015-04-22;171.05
16548;2015-04-23;170.43
16549;2015-04-24;170.7
16552;2015-04-27;172.4
16553;2015-04-28;170.28
16554;2015-04-29;166.59
16555;2015-04-30;165.83
16559;2015-05-04;166.53
16560;2015-05-05;164.69
16561;2015-05-06;163.29
16562;2015-05-07;162.91
16563;2015-05-08;167.93
16566;2015-05-11;168.18
16567;2015-05-12;166.24
16568;2015-05-13;166.43
16570;2015-05-15;167.44
16573;2015-05-18;167.79
16574;2015-05-19;170.43
16575;2015-05-20;170.25
16576;2015-05-21;170.77
16577;2015-05-22;170.65
16581;2015-05-26;168.88
16582;2015-05-27;170.92
16583;2015-05-28;170.32
16584;2015-05-29;167.45
16587;2015-06-01;167.84
16588;2015-06-02;165.95
16589;2015-06-03;165.15
16590;2015-06-04;164.14
16591;2015-06-05;162.22
16594;2015-06-08;160.69
16595;2015-06-09;160.04
16596;2015-06-10;163.06
16597;2015-06-11;164.57
16598;2015-06-12;162.84
16601;2015-06-15;160.1
16602;2015-06-16;161.31
16604;2015-06-18;160.77
16605;2015-06-19;161.33
16608;2015-06-22;164.83
16610;2015-06-24;166.54
16611;2015-06-25;165.8
16612;2015-06-26;166.15
16615;2015-06-29;161.81
16616;2015-06-30;159.64
16617;2015-07-01;162.21
16618;2015-07-02;161.16
16619;2015-07-03;160.34
16622;2015-07-06;158.63
16623;2015-07-07;156.62
16624;2015-07-08;156.62
16625;2015-07-09;160.22
16626;2015-07-10;163.39
16629;2015-07-13;166.65
16630;2015-07-14;167.18
16631;2015-07-15;167.88
16632;2015-07-16;170.15
16633;2015-07-17;170.45
16636;2015-07-20;170.86
16637;2015-07-21;168.8
16638;2015-07-22;167.64
16639;2015-07-23;166.99
16640;2015-07-24;165.48
16643;2015-07-27;162.02
16644;2015-07-28;163.8
16645;2015-07-29;165.42
16646;2015-07-30;166.49
16647;2015-07-31;166.37
16650;2015-08-03;167.65
16651;2015-08-04;167.52
16652;2015-08-05;169.29
16653;2015-08-06;168.49
16654;2015-08-07;166.88
16657;2015-08-10;167.93
16658;2015-08-11;165.25
16659;2015-08-12;160.63
16660;2015-08-13;163.29
16661;2015-08-14;163.35
16664;2015-08-17;163.89
16665;2015-08-18;164.26
16666;2015-08-19;161.55
16667;2015-08-20;158.45
16668;2015-08-21;153.08
16671;2015-08-24;144.99
16672;2015-08-25;150.84
16673;2015-08-26;147.97
16674;2015-08-27;153.53
16675;2015-08-28;153.66
16678;2015-08-31;153.32
16679;2015-09-01;149.13
16680;2015-09-02;149.58
16681;2015-09-03;153.34
16682;2015-09-04;149.58
16685;2015-09-07;150.28
16686;2015-09-08;151.79
16687;2015-09-09;153.55
16688;2015-09-10;151.8
16689;2015-09-11;150.33
16692;2015-09-14;149.55
16693;2015-09-15;151.28
16694;2015-09-16;153.58
16695;2015-09-17;153.1
16696;2015-09-18;150.86
16699;2015-09-21;152.03
16700;2015-09-22;147.47
16701;2015-09-23;147.94
16702;2015-09-24;144.96
16703;2015-09-25;149.45
16706;2015-09-28;146.54
16707;2015-09-29;145.77
16708;2015-09-30;149.83
16709;2015-10-01;149.03
16710;2015-10-02;149.64
16713;2015-10-05;154.37
16714;2015-10-06;155.29
16715;2015-10-07;155.78
16716;2015-10-08;156.68
16717;2015-10-09;157.44
16720;2015-10-12;157.12
16721;2015-10-13;155.93
16722;2015-10-14;154.88
16723;2015-10-15;157.34
16724;2015-10-16;157.71
16727;2015-10-19;158.2
16728;2015-10-20;157.32
16729;2015-10-21;157.61
16730;2015-10-22;161.43
16731;2015-10-23;164.92
16734;2015-10-26;163.97
16735;2015-10-27;162.56
16736;2015-10-28;164.35
16737;2015-10-29;164.44
16738;2015-10-30;164.25
16741;2015-11-02;164.41
16742;2015-11-03;165.53
16743;2015-11-04;166.25
16744;2015-11-05;165.98
16745;2015-11-06;165.23
16748;2015-11-09;163.52
16749;2015-11-10;163.55
16750;2015-11-11;164.5
16751;2015-11-12;161.36
16752;2015-11-13;159.66
16755;2015-11-16;160.04
16756;2015-11-17;163.82
16757;2015-11-18;163.75
16758;2015-11-19;164.69
16759;2015-11-20;165.29
16762;2015-11-23;164.44
16763;2015-11-24;162.37
16764;2015-11-25;164.66
16765;2015-11-26;165.94
16766;2015-11-27;165.37
16769;2015-11-30;166.03
16770;2015-12-01;165.88
16771;2015-12-02;166.25
16772;2015-12-03;160.55
16773;2015-12-04;159.47
16776;2015-12-07;160.14
16777;2015-12-08;157.54
16778;2015-12-09;157.01
16779;2015-12-10;156.28
16780;2015-12-11;153.3
16783;2015-12-14;150.36
16784;2015-12-15;155.06
16785;2015-12-16;155.7
16786;2015-12-17;157.23
16787;2015-12-18;155.93
16790;2015-12-21;154.09
16791;2015-12-22;153.93
16792;2015-12-23;158.4
16793;2015-12-24;158.18
16797;2015-12-28;157.27
16798;2015-12-29;159.57
16799;2015-12-30;158.73
16800;2015-12-31;157.58
16804;2016-01-04;153.55
16805;2016-01-05;154.18
16806;2016-01-06;151.66
16807;2016-01-07;148.17
16808;2016-01-08;145.31
16811;2016-01-11;144.07
16812;2016-01-12;145.6
16813;2016-01-13;146.19
16814;2016-01-14;144.11
16815;2016-01-15;140.26
16818;2016-01-18;139.96
16819;2016-01-19;142.26
16820;2016-01-20;137.37
16821;2016-01-21;140.16
16822;2016-01-22;144.53
16825;2016-01-25;143.33
16826;2016-01-26;144.59
16827;2016-01-27;144.79
16828;2016-01-28;142.9
16829;2016-01-29;146.07
16832;2016-02-01;145.29
16833;2016-02-02;141.46
16834;2016-02-03;140.08
16835;2016-02-04;140.92
16836;2016-02-05;140.01
16839;2016-02-08;135.57
16840;2016-02-09;132.99
16841;2016-02-10;135.24
16842;2016-02-11;129.8
16843;2016-02-12;134.41
16846;2016-02-15;138.74
16847;2016-02-16;137.89
16848;2016-02-17;142.42
16849;2016-02-18;141.92
16850;2016-02-19;140.95
16853;2016-02-22;143.44
16854;2016-02-23;140.87
16855;2016-02-24;137.28
16856;2016-02-25;140.2
16857;2016-02-26;143.15
16860;2016-02-29;144.25
16861;2016-03-01;146.29
16862;2016-03-02;148.18
16863;2016-03-03;147.49
16864;2016-03-04;148.84
16867;2016-03-07;148.45
16868;2016-03-08;146.68
16869;2016-03-09;147.14
16870;2016-03-10;144.56
16871;2016-03-11;148.53
16874;2016-03-14;149.26
16875;2016-03-15;146.58
16876;2016-03-16;146.45
16877;2016-03-17;146.39
16878;2016-03-18;147.28
16881;2016-03-21;146.76
16882;2016-03-22;146.35
16883;2016-03-23;146.16
16884;2016-03-24;143.94
16889;2016-03-29;144.7
16890;2016-03-30;146.53
16891;2016-03-31;145.02
16892;2016-04-01;143.32
16895;2016-04-04;144.07
16896;2016-04-05;141.57
16897;2016-04-06;143.02
16898;2016-04-07;141.7
16899;2016-04-08;143.39
16902;2016-04-11;144.09
16903;2016-04-12;144.76
16904;2016-04-13;149.1
16905;2016-04-14;149.73
16906;2016-04-15;149.09
16909;2016-04-18;149.9
16910;2016-04-19;152.1
16911;2016-04-20;153.02
16912;2016-04-21;152.52
16913;2016-04-22;152.21
16916;2016-04-25;151.17
16917;2016-04-26;151.78
16918;2016-04-27;151.83
16919;2016-04-28;151.37
16920;2016-04-29;148.71
16923;2016-05-02;148.74
16924;2016-05-03;146.17
16925;2016-05-04;144.42
16927;2016-05-06;144.35
16930;2016-05-09;145.16
16931;2016-05-10;146.57
16932;2016-05-11;145.79
16933;2016-05-12;145.13
16934;2016-05-13;146.35
16938;2016-05-17;146.33
16939;2016-05-18;147.56
16940;2016-05-19;146.13
16941;2016-05-20;147.58
16944;2016-05-23;146.89
16945;2016-05-24;150.2
16946;2016-05-25;151.76
16947;2016-05-26;151.93
16948;2016-05-27;152.41
16951;2016-05-30;152.57
16952;2016-05-31;151.42
16953;2016-06-01;150.14
16954;2016-06-02;150.38
16955;2016-06-03;149.21
16958;2016-06-06;149.62
16959;2016-06-07;151.64
16960;2016-06-08;150.84
16961;2016-06-09;149.45
16962;2016-06-10;145.74
16965;2016-06-13;142.92
16966;2016-06-14;140.14
16967;2016-06-15;141.52
16968;2016-06-16;140.33
16969;2016-06-17;142.06
16972;2016-06-20;147.38
16973;2016-06-21;148.16
16974;2016-06-22;148.75
16976;2016-06-24;140.52
16979;2016-06-27;135.31
16980;2016-06-28;138.43
16981;2016-06-29;142.31
16982;2016-06-30;143.48
16983;2016-07-01;144.35
16986;2016-07-04;143.53
16987;2016-07-05;141.56
16988;2016-07-06;139.59
16989;2016-07-07;140.93
16990;2016-07-08;142.86
16993;2016-07-11;144.61
16994;2016-07-12;145.92
16995;2016-07-13;145.79
16996;2016-07-14;146.94
16997;2016-07-15;146.8
17000;2016-07-18;146.77
17001;2016-07-19;146.14
17002;2016-07-20;147.42
17003;2016-07-21;146.96
17004;2016-07-22;147
17007;2016-07-25;147.18
17008;2016-07-26;147.5
17009;2016-07-27;147.91
17010;2016-07-28;146.66
17011;2016-07-29;147.78
17014;2016-08-01;147.03
17015;2016-08-02;145.36
17016;2016-08-03;145.16
17017;2016-08-04;146.08
17018;2016-08-05;148.04
17021;2016-08-08;147.19
17022;2016-08-09;149.18
17023;2016-08-10;148.39
17024;2016-08-11;150.22
17025;2016-08-12;150.3
17029;2016-08-16;148.92
17030;2016-08-17;148
17031;2016-08-18;149.02
17032;2016-08-19;147.8
17035;2016-08-22;148.01
17036;2016-08-23;149.14
17037;2016-08-24;149.73
17038;2016-08-25;148.29
17039;2016-08-26;149.14
17042;2016-08-29;148.93
17043;2016-08-30;149.7
17044;2016-08-31;148.9
17045;2016-09-01;149.05
17046;2016-09-02;152.13
17049;2016-09-05;152.04
17050;2016-09-06;151.65
17051;2016-09-07;151.99
17052;2016-09-08;151.19
17053;2016-09-09;149.16
17056;2016-09-12;147.98
17057;2016-09-13;146.68
17058;2016-09-14;146.54
17059;2016-09-15;147.25
17060;2016-09-16;146.22
17063;2016-09-19;147.51
17064;2016-09-20;147.76
17065;2016-09-21;148.2
17066;2016-09-22;150.32
17067;2016-09-23;149.06
17070;2016-09-26;146.97
17071;2016-09-27;147.19
17072;2016-09-28;147.9
17073;2016-09-29;147.25
17074;2016-09-30;147.19
17077;2016-10-03;147.2
17078;2016-10-04;148.31
17079;2016-10-05;147.49
17080;2016-10-06;147.01
17081;2016-10-07;145.82
17084;2016-10-10;146.89
17085;2016-10-11;146.54
17086;2016-10-12;145.74
17087;2016-10-13;144.97
17088;2016-10-14;146.67
17091;2016-10-17;145.48
17092;2016-10-18;147.1
17093;2016-10-19;147.39
17094;2016-10-20;147.62
17095;2016-10-21;147.27
17098;2016-10-24;147.17
17099;2016-10-25;146.13
17100;2016-10-26;145.59
17101;2016-10-27;146.02
17102;2016-10-28;144.83
17105;2016-10-31;143.82
17107;2016-11-02;141.09
17108;2016-11-03;141.41
17109;2016-11-04;140.82
17112;2016-11-07;142.37
17113;2016-11-08;143.09
17114;2016-11-09;145.16
17115;2016-11-10;145.1
17116;2016-11-11;144.76
17119;2016-11-14;144.08
17120;2016-11-15;144.47
17121;2016-11-16;144.64
17122;2016-11-17;145.39
17123;2016-11-18;144.95
17126;2016-11-21;145.46
17127;2016-11-22;144.63
17128;2016-11-23;144.44
17129;2016-11-24;144.95
17130;2016-11-25;145.66
17133;2016-11-28;144.88
17134;2016-11-29;145.25
17135;2016-11-30;145.73
17136;2016-12-01;144.04
17137;2016-12-02;143.71
17140;2016-12-05;143.77
17141;2016-12-06;144.44
17142;2016-12-07;144.32
17143;2016-12-08;145.88
17144;2016-12-09;147.69
17147;2016-12-12;146.68
17148;2016-12-13;148.93
17149;2016-12-14;148.1
17150;2016-12-15;149.39
17151;2016-12-16;150.1
17154;2016-12-19;150.43
17155;2016-12-20;151
17156;2016-12-21;150.73
17157;2016-12-22;150.75
17158;2016-12-23;150.75
17162;2016-12-27;150.85
17163;2016-12-28;151.34
17164;2016-12-29;151.02
17165;2016-12-30;151.38
17168;2017-01-02;152.3
17169;2017-01-03;153.03
17170;2017-01-04;153.02
17171;2017-01-05;153.59
17172;2017-01-06;153.33
17175;2017-01-09;152.71
17176;2017-01-10;152.62
17177;2017-01-11;152.63
17178;2017-01-12;151.29
17179;2017-01-13;152.58
17182;2017-01-16;151.47
17183;2017-01-17;150.92
17184;2017-01-18;151.47
17185;2017-01-19;150.83
17186;2017-01-20;150.47
17189;2017-01-23;149.56
17190;2017-01-24;149.3
17191;2017-01-25;150.85
17192;2017-01-26;150.94
17193;2017-01-27;150.84
17196;2017-01-30;149.7
17197;2017-01-31;148.77
17198;2017-02-01;150.06
17199;2017-02-02;149.94
17200;2017-02-03;150.58
17203;2017-02-06;149.73
17204;2017-02-07;151.04
17205;2017-02-08;151.98
17206;2017-02-09;152.85
17207;2017-02-10;152.47
17210;2017-02-13;153.44
17211;2017-02-14;153.07
17212;2017-02-15;153.74
17213;2017-02-16;153.79
17214;2017-02-17;155.31
17217;2017-02-20;155.14
17218;2017-02-21;156.11
17219;2017-02-22;156.68
17220;2017-02-23;156.46
17221;2017-02-24;155.82
17224;2017-02-27;155.87
17225;2017-02-28;156.18
17226;2017-03-01;157.85
17227;2017-03-02;158.46
17228;2017-03-03;158.19
17231;2017-03-06;157.35
17232;2017-03-07;156.43
17233;2017-03-08;156.33
17234;2017-03-09;156.95
17235;2017-03-10;156.93
17238;2017-03-13;157.38
17239;2017-03-14;157.07
17240;2017-03-15;157.57
17241;2017-03-16;158.79
17242;2017-03-17;159.38
17245;2017-03-20;159.47
17246;2017-03-21;158.22
17247;2017-03-22;157.84
17248;2017-03-23;159.08
17249;2017-03-24;158.86
17252;2017-03-27;158.57
17253;2017-03-28;159.2
17254;2017-03-29;159.28
17255;2017-03-30;160.05
17256;2017-03-31;160.59
17259;2017-04-03;159.94
17260;2017-04-04;160.36
17261;2017-04-05;160.38
17262;2017-04-06;160.73
17263;2017-04-07;161.01
17266;2017-04-10;160.88
17267;2017-04-11;161.13
17268;2017-04-12;161.61
17269;2017-04-13;161.18
17274;2017-04-18;159.77
17275;2017-04-19;160.36
17276;2017-04-20;160.84
17277;2017-04-21;160.85
17280;2017-04-24;164.83
17281;2017-04-25;165.76
17282;2017-04-26;165.75
17283;2017-04-27;165.94
17284;2017-04-28;165.47
17288;2017-05-02;166.84
17289;2017-05-03;167.85
17290;2017-05-04;169.5
17291;2017-05-05;170.52
17294;2017-05-08;170.03
17295;2017-05-09;170.56
17296;2017-05-10;170.44
17297;2017-05-11;169.53
17298;2017-05-12;170.22
17301;2017-05-15;170.12
17302;2017-05-16;169.82
17303;2017-05-17;167.75
17304;2017-05-18;166.94
17305;2017-05-19;167.72
17308;2017-05-22;167.43
17309;2017-05-23;167.77
17312;2017-05-26;167.37
17315;2017-05-29;167.32
17316;2017-05-30;166.64
17317;2017-05-31;166.46
17318;2017-06-01;166.99
17319;2017-06-02;167.85
17323;2017-06-06;165.78
17324;2017-06-07;165.49
17325;2017-06-08;165.73
17326;2017-06-09;166.53
17329;2017-06-12;164.57
17330;2017-06-13;165.71
17331;2017-06-14;165.34
17332;2017-06-15;164.83
17333;2017-06-16;165.77
17336;2017-06-19;167.07
17337;2017-06-20;166.29
17338;2017-06-21;165.7
17339;2017-06-22;165.68
17343;2017-06-26;166.43
17344;2017-06-27;165.42
17345;2017-06-28;165.22
17346;2017-06-29;162.53
17347;2017-06-30;161.92
17350;2017-07-03;163.53
17351;2017-07-04;162.95
17352;2017-07-05;163.55
17353;2017-07-06;162.13
17357;2017-07-10;162.27
17358;2017-07-11;160.9
17359;2017-07-12;163.24
17360;2017-07-13;163.58
17361;2017-07-14;164
17364;2017-07-17;163.91
17365;2017-07-18;162.52
17366;2017-07-19;163.58
17367;2017-07-20;162.98
17368;2017-07-21;161.37
17371;2017-07-24;161.45
17372;2017-07-25;162.55
17373;2017-07-26;163.45
17374;2017-07-27;163.78
17375;2017-07-28;161.59
17378;2017-07-31;161.91
17379;2017-08-01;162.75
17380;2017-08-02;161.91
17381;2017-08-03;161.66
17382;2017-08-04;162.82
17385;2017-08-07;162.41
17386;2017-08-08;162.68
17387;2017-08-09;161.07
17388;2017-08-10;159.7
17389;2017-08-11;158.07
17392;2017-08-14;159.53
17394;2017-08-16;161.07
17395;2017-08-17;160.7
17396;2017-08-18;159.44
17399;2017-08-21;158.64
17400;2017-08-22;160.11
17401;2017-08-23;159.38
17402;2017-08-24;159.54
17403;2017-08-25;159.3
17406;2017-08-28;158.69
17407;2017-08-29;157.47
17408;2017-08-30;158.19
17409;2017-08-31;159.24
17410;2017-09-01;160.36
17413;2017-09-04;159.66
17414;2017-09-05;159.62
17415;2017-09-06;159.87
17416;2017-09-07;160.52
17417;2017-09-08;160.95
17420;2017-09-11;162.16
17421;2017-09-12;162.75
17422;2017-09-13;162.88
17423;2017-09-14;163.04
17424;2017-09-15;162.49
17427;2017-09-18;163.15
17428;2017-09-19;163.2
17429;2017-09-20;163.08
17430;2017-09-21;164.38
17431;2017-09-22;164.57
17434;2017-09-25;165.02
17435;2017-09-26;165.07
17436;2017-09-27;165.58
17437;2017-09-28;166.18
17438;2017-09-29;166.7
17441;2017-10-02;167.46
17442;2017-10-03;167.62
17443;2017-10-04;167.82
17444;2017-10-05;167.47
17445;2017-10-06;166.85
17448;2017-10-09;167.32
17449;2017-10-10;167.12
17450;2017-10-11;166.91
17451;2017-10-12;167.4
17452;2017-10-13;168.3
17455;2017-10-16;167.94
17456;2017-10-17;167.47
17457;2017-10-18;167.38
17458;2017-10-19;166.45
17459;2017-10-20;166.19
17462;2017-10-23;166.5
17463;2017-10-24;165.63
17464;2017-10-25;164.69
17465;2017-10-26;166.82
17466;2017-10-27;168.31
17469;2017-10-30;168.81
17470;2017-10-31;169.74
17472;2017-11-02;168.47
17473;2017-11-03;169.68
17476;2017-11-06;169.69
17477;2017-11-07;169.12
17478;2017-11-08;169.11
17479;2017-11-09;167.56
17480;2017-11-10;166.73
17483;2017-11-13;165.77
17484;2017-11-14;164.94
17485;2017-11-15;163.88
17486;2017-11-16;165.55
17487;2017-11-17;164.71
17490;2017-11-20;165.69
17491;2017-11-21;165.71
17492;2017-11-22;165.5
17493;2017-11-23;165.54
17494;2017-11-24;165.31
17497;2017-11-27;164.41
17498;2017-11-28;165.64
17499;2017-11-29;165.45
17500;2017-11-30;164.91
17501;2017-12-01;163.68
17504;2017-12-04;165.33
17505;2017-12-05;165.25
17506;2017-12-06;165.44
17507;2017-12-07;165.47
17508;2017-12-08;166.12
17511;2017-12-11;165.96
17512;2017-12-12;167
17513;2017-12-13;166.56
17514;2017-12-14;166.01
17515;2017-12-15;165.74
17518;2017-12-18;167.27
17519;2017-12-19;166.91
17520;2017-12-20;165.69
17521;2017-12-21;166.72
17522;2017-12-22;166.64
17527;2017-12-27;166.64
17528;2017-12-28;166.29
17529;2017-12-29;166.55
17533;2018-01-02;165.54
17534;2018-01-03;166.04
17535;2018-01-04;167.17
17536;2018-01-05;168.76
17539;2018-01-08;168.59
17540;2018-01-09;169.37
17541;2018-01-10;168.51
17542;2018-01-11;167.92
17543;2018-01-12;168.73
17546;2018-01-15;168.61
17547;2018-01-16;168.46
17548;2018-01-17;168.09
17549;2018-01-18;168.41
17550;2018-01-19;169.04
17553;2018-01-22;169.94
17554;2018-01-23;170.2
17555;2018-01-24;169.03
17556;2018-01-25;168.37
17557;2018-01-26;168.98
17560;2018-01-29;168.8
17561;2018-01-30;167.73
17562;2018-01-31;168.04
17563;2018-02-01;167.41
17564;2018-02-02;165.33
17567;2018-02-05;162.54
17568;2018-02-06;159.27
17569;2018-02-07;162.41
17570;2018-02-08;160.26
17571;2018-02-09;157.52
17574;2018-02-12;159.23
17575;2018-02-13;158.12
17576;2018-02-14;159.27
17577;2018-02-15;159.88
17578;2018-02-16;161.76
17581;2018-02-19;160.32
17582;2018-02-20;161.3
17583;2018-02-21;161.54
17584;2018-02-22;161.04
17585;2018-02-23;161.02
17588;2018-02-26;161.97
17589;2018-02-27;161.29
17590;2018-02-28;160.28
17591;2018-03-01;158.87
17592;2018-03-02;156.12
17595;2018-03-05;157.79
17596;2018-03-06;157.59
17597;2018-03-07;158.29
17598;2018-03-08;160.35
17599;2018-03-09;160.97
17602;2018-03-12;161.44
17603;2018-03-13;159.26
17604;2018-03-14;159.13
17605;2018-03-15;159.91
17606;2018-03-16;160.36
17609;2018-03-19;159
17610;2018-03-20;159.89
17611;2018-03-21;159.46
17612;2018-03-22;157.27
17613;2018-03-23;155.71
17616;2018-03-26;154.4
17617;2018-03-27;156.31
17618;2018-03-28;157.45
17619;2018-03-29;157.84
17624;2018-04-03;156.75
17625;2018-04-04;156.51
17626;2018-04-05;160.52
17627;2018-04-06;160.21
17630;2018-04-09;160.25
17631;2018-04-10;161.07
17632;2018-04-11;159.85
17633;2018-04-12;160.86
17634;2018-04-13;161.05
17637;2018-04-16;160.63
17638;2018-04-17;161.56
17639;2018-04-18;161.72
17640;2018-04-19;161.65
17641;2018-04-20;161.59
17644;2018-04-23;161.59
17645;2018-04-24;161.6
17646;2018-04-25;160.56
17647;2018-04-26;162.52
17648;2018-04-27;162.78
17651;2018-04-30;163.18
17653;2018-05-02;163.63
17654;2018-05-03;162.79
17655;2018-05-04;164.4
17658;2018-05-07;165.54
17659;2018-05-08;166.13
17660;2018-05-09;167.19
17662;2018-05-11;166.78
17665;2018-05-14;167.15
17666;2018-05-15;167.57
17667;2018-05-16;168.09
17668;2018-05-17;169.31
17669;2018-05-18;169.25
17673;2018-05-22;169.86
17674;2018-05-23;168.41
17675;2018-05-24;168.08
17676;2018-05-25;168.5
17679;2018-05-28;168.28
17680;2018-05-29;166.49
17681;2018-05-30;166.87
17682;2018-05-31;166.07
17683;2018-06-01;167.39
17686;2018-06-04;168.19
17687;2018-06-05;167.98
17688;2018-06-06;167.78
17689;2018-06-07;167.45
17690;2018-06-08;167.7
17693;2018-06-11;168.75
17694;2018-06-12;168.6
17695;2018-06-13;169.4
17696;2018-06-14;171.27
17697;2018-06-15;170.46
17700;2018-06-18;168.96
17701;2018-06-19;168.29
17702;2018-06-20;168.47
17703;2018-06-21;167.23
17704;2018-06-22;168.8
17707;2018-06-25;165.56
17708;2018-06-26;165.74
17709;2018-06-27;167.07
17710;2018-06-28;166.08
17711;2018-06-29;167.15
17714;2018-07-02;166.24
17715;2018-07-03;167.52
17716;2018-07-04;167.51
17717;2018-07-05;167.8
17718;2018-07-06;167.9
17721;2018-07-09;168.56
17722;2018-07-10;169.12
17723;2018-07-11;167.42
17724;2018-07-12;168.84
17725;2018-07-13;169.19
17728;2018-07-16;168.74
17729;2018-07-17;168.8
17730;2018-07-18;169.85
17731;2018-07-19;169.76
17732;2018-07-20;169.65
17735;2018-07-23;169.04
17736;2018-07-24;169.79
17737;2018-07-25;169.26
17738;2018-07-26;170.25
17739;2018-07-27;171.16
17742;2018-07-30;170.65
17743;2018-07-31;170.83
17744;2018-08-01;170.13
17745;2018-08-02;168.96
17746;2018-08-03;169.89
17749;2018-08-06;169.9
17750;2018-08-07;170.55
17751;2018-08-08;170.11
17752;2018-08-09;170.52
17753;2018-08-10;168.62
17756;2018-08-13;168.46
17757;2018-08-14;168.87
17759;2018-08-16;168.05
17760;2018-08-17;168.09
17763;2018-08-20;168.9
17764;2018-08-21;168.98
17765;2018-08-22;168.48
17766;2018-08-23;168.32
17767;2018-08-24;168.44
17770;2018-08-27;168.94
17771;2018-08-28;168.71
17772;2018-08-29;169.05
17773;2018-08-30;168.38
17774;2018-08-31;167.22
17777;2018-09-03;167.12
17778;2018-09-04;165.92
17779;2018-09-05;164.32
17780;2018-09-06;163.12
17781;2018-09-07;163.01
17784;2018-09-10;163.99
17785;2018-09-11;163.82
17786;2018-09-12;164.07
17787;2018-09-13;164.2
17788;2018-09-14;164.99
17791;2018-09-17;165.23
17792;2018-09-18;165.43
17793;2018-09-19;166.3
17794;2018-09-20;167.92
17795;2018-09-21;168.48
17798;2018-09-24;167.1
17799;2018-09-25;167.85
17800;2018-09-26;168.16
17801;2018-09-27;168.55
17802;2018-09-28;166.61
17805;2018-10-01;167.04
17806;2018-10-02;166.17
17807;2018-10-03;167.13
17808;2018-10-04;165.6
17809;2018-10-05;163.8
17812;2018-10-08;162.06
17813;2018-10-09;162.4
17814;2018-10-10;160.24
17815;2018-10-11;156.67
17816;2018-10-12;156.19
17819;2018-10-15;156.52
17820;2018-10-16;158.98
17821;2018-10-17;158.15
17822;2018-10-18;156.5
17823;2018-10-19;156.25
17826;2018-10-22;155.83
17827;2018-10-23;153.82
17828;2018-10-24;153.23
17829;2018-10-25;154
17830;2018-10-26;152.52
17833;2018-10-29;154.03
17834;2018-10-30;153.77
17835;2018-10-31;156.25
17837;2018-11-02;158.13
17840;2018-11-05;157.33
17841;2018-11-06;156.6
17842;2018-11-07;158.27
17843;2018-11-08;158.36
17844;2018-11-09;157.72
17847;2018-11-12;155.8
17848;2018-11-13;157.58
17849;2018-11-14;156.81
17850;2018-11-15;155.5
17851;2018-11-16;154.94
17854;2018-11-19;153.56
17855;2018-11-20;151.54
17856;2018-11-21;154.09
17857;2018-11-22;152.79
17858;2018-11-23;153.78
17861;2018-11-26;155.88
17862;2018-11-27;155.21
17863;2018-11-28;155.41
17864;2018-11-29;155.84
17865;2018-11-30;155.28
17868;2018-12-03;157.21
17869;2018-12-04;155.41
17870;2018-12-05;153.26
17871;2018-12-06;147.79
17872;2018-12-07;148.35
17875;2018-12-10;145.75
17876;2018-12-11;147.79
17877;2018-12-12;150.37
17878;2018-12-13;149.89
17879;2018-12-14;148.14
17882;2018-12-17;146.26
17883;2018-12-18;145.62
17884;2018-12-19;146.22
17885;2018-12-20;143.47
17886;2018-12-21;143.46
17892;2018-12-27;140.32
17893;2018-12-28;143.24
17896;2018-12-31;144.06
17898;2019-01-02;143.26
17899;2019-01-03;141.42
17900;2019-01-04;146.1
17903;2019-01-07;146.54
17904;2019-01-08;147.79
17905;2019-01-09;148.88
17906;2019-01-10;149.59
17907;2019-01-11;149.72
17910;2019-01-14;149.22
17911;2019-01-15;149.55
17912;2019-01-16;150.64
17913;2019-01-17;150.5
17914;2019-01-18;153.81
17917;2019-01-21;153.55
17918;2019-01-22;152.83
17919;2019-01-23;152.73
17920;2019-01-24;153.56
17921;2019-01-25;155.3
17924;2019-01-28;153.6
17925;2019-01-29;154.37
17926;2019-01-30;155.05
17927;2019-01-31;154.45
17928;2019-02-01;154.75
17931;2019-02-04;154.6
17932;2019-02-05;156.75
17933;2019-02-06;158.25
17934;2019-02-07;156.14
17935;2019-02-08;155.09
17938;2019-02-11;156.52
17939;2019-02-12;157.22
17940;2019-02-13;157.88
17941;2019-02-14;157.39
17942;2019-02-15;159.7
17945;2019-02-18;160.45
17946;2019-02-19;159.79
17947;2019-02-20;160.89
17948;2019-02-21;160.09
17949;2019-02-22;160.06
17952;2019-02-25;160.94
17953;2019-02-26;161.48
17954;2019-02-27;161.22
17955;2019-02-28;162.15
17956;2019-03-01;163.06
17959;2019-03-04;163.55
17960;2019-03-05;163.92
17961;2019-03-06;163.45
17962;2019-03-07;162.43
17963;2019-03-08;160.89
17966;2019-03-11;162.07
17967;2019-03-12;161.93
17968;2019-03-13;163.32
17969;2019-03-14;164.55
17970;2019-03-15;166.02
17973;2019-03-18;166.35
17974;2019-03-19;167.35
17975;2019-03-20;166.09
17976;2019-03-21;166.3
17977;2019-03-22;164.09
17980;2019-03-25;163.04
17981;2019-03-26;164.3
17982;2019-03-27;164.06
17983;2019-03-28;163.74
17984;2019-03-29;164.81
17987;2019-04-01;167.36
17988;2019-04-02;168.14
17989;2019-04-03;170.26
17990;2019-04-04;170.22
17991;2019-04-05;170.77
17994;2019-04-08;170.34
17995;2019-04-09;169.91
17996;2019-04-10;169.72
17997;2019-04-11;170.59
17998;2019-04-12;171.6
18001;2019-04-15;172.02
18002;2019-04-16;173.17
18003;2019-04-17;173.71
18004;2019-04-18;174.35
18009;2019-04-23;174.43
18010;2019-04-24;173.97
18011;2019-04-25;173.48
18012;2019-04-26;173.61
18015;2019-04-29;174.01
18016;2019-04-30;174.12
18018;2019-05-02;173.53
18019;2019-05-03;173.52
18022;2019-05-06;171.98
18023;2019-05-07;168.93
18024;2019-05-08;169.4
18026;2019-05-10;166.98
18029;2019-05-13;165.05
18030;2019-05-14;166.53
18031;2019-05-15;167.33
18032;2019-05-16;169.69
18033;2019-05-17;168.78
18036;2019-05-20;166.65
18037;2019-05-21;167.5
18038;2019-05-22;167.17
18039;2019-05-23;165.12
18040;2019-05-24;165.78
18043;2019-05-27;166.2
18044;2019-05-28;165.71
18045;2019-05-29;163.84
18047;2019-05-31;162.92
18050;2019-06-03;163.38
18051;2019-06-04;164.47
18052;2019-06-05;164.76
18053;2019-06-06;164.42
18054;2019-06-07;165.62
18058;2019-06-11;167.57
18059;2019-06-12;166.86
18060;2019-06-13;167.14
18061;2019-06-14;165.96
18064;2019-06-17;165.57
18065;2019-06-18;168.5
18066;2019-06-19;169.39
18067;2019-06-20;170.11
18068;2019-06-21;169.39
18071;2019-06-24;168.88
18072;2019-06-25;168.62
18073;2019-06-26;168.41
18074;2019-06-27;168.93
18075;2019-06-28;170.24
18078;2019-07-01;171.44
18079;2019-07-02;171.96
18080;2019-07-03;173.41
18082;2019-07-05;172.56
18085;2019-07-08;172.07
18086;2019-07-09;171.02
18087;2019-07-10;170.75
18088;2019-07-11;170.17
18089;2019-07-12;170.16
18092;2019-07-15;170.55
18093;2019-07-16;171.45
18094;2019-07-17;170.39
18095;2019-07-18;169.68
18096;2019-07-19;170.13
18099;2019-07-22;170.33
18100;2019-07-23;172.6
18101;2019-07-24;172.82
18102;2019-07-25;172.4
18103;2019-07-26;172.8
18106;2019-07-29;172.77
18107;2019-07-30;170.54
18108;2019-07-31;170.91
18109;2019-08-01;171.29
18110;2019-08-02;166.98
18113;2019-08-05;163.52
18114;2019-08-06;162.64
18115;2019-08-07;162.36
18116;2019-08-08;164.4
18117;2019-08-09;162.77
18120;2019-08-12;161.83
18121;2019-08-13;162.87
18122;2019-08-14;160.33
18124;2019-08-16;161.55
18127;2019-08-19;162.91
18128;2019-08-20;161.93
18129;2019-08-21;163.44
18130;2019-08-22;163.21
18131;2019-08-23;161.87
18134;2019-08-26;161.99
18135;2019-08-27;162.63
18136;2019-08-28;162.43
18137;2019-08-29;163.6
18138;2019-08-30;164.51
18141;2019-09-02;164.82
18142;2019-09-03;164.49
18143;2019-09-04;165.92
18144;2019-09-05;167.25
18145;2019-09-06;167.47
18148;2019-09-09;168.16
18149;2019-09-10;169.41
18150;2019-09-11;170.27
18151;2019-09-12;170.37
18152;2019-09-13;171.59
18155;2019-09-16;170.73
18156;2019-09-17;170
18157;2019-09-18;169.87
18158;2019-09-19;170.91
18159;2019-09-20;171.41
18162;2019-09-23;169.75
18163;2019-09-24;169.25
18164;2019-09-25;168.59
18165;2019-09-26;169.25
18166;2019-09-27;170.37
18169;2019-09-30;170.59
18170;2019-10-01;168.77
18171;2019-10-02;165.36
18172;2019-10-03;165.19
18173;2019-10-04;166.1
18176;2019-10-07;166.63
18177;2019-10-08;165.12
18178;2019-10-09;165.37
18179;2019-10-10;166.81
18180;2019-10-11;170.46
18183;2019-10-14;169.59
18184;2019-10-15;171.39
18185;2019-10-16;171.77
18186;2019-10-17;171.64
18187;2019-10-18;171.16
18190;2019-10-21;173.22
18191;2019-10-22;173.41
18192;2019-10-23;174.02
18193;2019-10-24;174.83
18194;2019-10-25;174.81
18197;2019-10-28;175.33
18198;2019-10-29;174.89
18199;2019-10-30;174.19
18200;2019-10-31;172.81
18204;2019-11-04;177.06
18205;2019-11-05;177.95
18206;2019-11-06;177.93
18207;2019-11-07;179.47
18208;2019-11-08;178.44
18211;2019-11-11;178.37
18212;2019-11-12;179.39
18213;2019-11-13;178.55
18214;2019-11-14;177.55
18215;2019-11-15;178.25
18218;2019-11-18;177.41
18219;2019-11-19;177.31
18220;2019-11-20;176.48
18221;2019-11-21;176
18222;2019-11-22;176.55
18225;2019-11-25;178.59
18226;2019-11-26;178.7
18227;2019-11-27;179.18
18228;2019-11-28;179.1
18229;2019-11-29;178.18
18232;2019-12-02;175.72
18233;2019-12-03;174.41
18234;2019-12-04;176.6
18235;2019-12-05;176.25
18236;2019-12-06;178.27
18239;2019-12-09;177.77
18240;2019-12-10;177.32
18241;2019-12-11;177.65
18242;2019-12-12;179.17
18243;2019-12-13;180.64
18246;2019-12-16;183.2
18247;2019-12-17;181.73
18248;2019-12-18;181.5
18249;2019-12-19;182.07
18250;2019-12-20;183.23
18253;2019-12-23;182.9
18257;2019-12-27;183.04
18260;2019-12-30;181.81
18261;2019-12-31;181.54
18263;2020-01-02;183.59
18264;2020-01-03;182.81
18267;2020-01-06;181.98
18268;2020-01-07;182.2
18269;2020-01-08;182.37
18270;2020-01-09;182.38
18271;2020-01-10;181.79
18274;2020-01-13;180.78
18275;2020-01-14;180.54
18276;2020-01-15;179.93
18277;2020-01-16;180.25
18278;2020-01-17;181.17
18281;2020-01-20;180.58
18282;2020-01-21;180.47
18283;2020-01-22;179.87
18284;2020-01-23;178.62
18285;2020-01-24;179.54
18288;2020-01-27;176.13
18289;2020-01-28;177.29
18290;2020-01-29;178.31
18291;2020-01-30;176.38
18292;2020-01-31;174.29
18295;2020-02-03;173.78
18296;2020-02-04;176.46
18297;2020-02-05;179.09
18298;2020-02-06;179.49
18299;2020-02-07;178.7
18302;2020-02-10;178.56
18303;2020-02-11;179.8
18304;2020-02-12;180.98
18305;2020-02-13;180.56
18306;2020-02-14;180.01
18309;2020-02-17;180.71
18310;2020-02-18;179.62
18311;2020-02-19;180.62
18312;2020-02-20;180.33
18313;2020-02-21;178.66
18316;2020-02-24;172.53
18317;2020-02-25;169.98
18318;2020-02-26;169.89
18319;2020-02-27;163.97
18323;2020-03-02;158.33
18324;2020-03-03;159.41
18325;2020-03-04;161.34
18326;2020-03-05;158.24
18327;2020-03-06;152.19
18330;2020-03-09;138.79
18331;2020-03-10;138.33
18332;2020-03-11;138.11
