11033;2000-03-17;28.78
11040;2000-03-24;28.84
11047;2000-03-31;28.86
11054;2000-04-07;28.93
11061;2000-04-14;28.8
11068;2000-04-21;28.84
11075;2000-04-28;28.88
11082;2000-05-05;28.77
11089;2000-05-12;28.79
11096;2000-05-19;28.69
11103;2000-05-26;28.79
11110;2000-06-02;28.82
11117;2000-06-09;28.94
11124;2000-06-16;28.92
11131;2000-06-23;28.92
11138;2000-06-30;29
11145;2000-07-07;28.94
11155;2000-07-17;29.02
11159;2000-07-21;29
11166;2000-07-28;29
11173;2000-08-04;29.14
11180;2000-08-11;29.17
11187;2000-08-18;29.07
11194;2000-08-25;29.02
11201;2000-09-01;29.03
11208;2000-09-08;29.04
11215;2000-09-15;29.12
11222;2000-09-22;29.2
11229;2000-09-29;29.31
11236;2000-10-06;29.33
11243;2000-10-13;29.4
11250;2000-10-20;29.37
11257;2000-10-27;29.37
11264;2000-11-03;29.39
11271;2000-11-10;29.46
11278;2000-11-17;29.52
11285;2000-11-24;29.58
11292;2000-12-01;29.62
11299;2000-12-08;29.81
11306;2000-12-15;29.86
11313;2000-12-22;29.98
11320;2000-12-29;29.93
11322;2000-12-31;29.95
11327;2001-01-05;30.12
11334;2001-01-12;30.09
11341;2001-01-19;30.08
11348;2001-01-26;30.03
11355;2001-02-02;30.13
11362;2001-02-09;30.07
11369;2001-02-16;30.1
11376;2001-02-23;30.06
11383;2001-03-02;30.19
11390;2001-03-09;30.19
11397;2001-03-16;30.25
11404;2001-03-23;30.47
11411;2001-03-30;30.41
11418;2001-04-06;30.43
11429;2001-04-17;30.28
11432;2001-04-20;30.34
11439;2001-04-27;30.34
11446;2001-05-04;30.39
11453;2001-05-11;30.53
11460;2001-05-18;30.4
11467;2001-05-25;30.39
11474;2001-06-01;30.39
11481;2001-06-08;30.54
11488;2001-06-15;30.57
11495;2001-06-22;30.68
11502;2001-06-29;30.78
11509;2001-07-06;30.65
11516;2001-07-13;30.67
11523;2001-07-20;30.74
11530;2001-07-27;30.78
11537;2001-08-03;30.76
11544;2001-08-10;30.83
11551;2001-08-17;30.91
11558;2001-08-24;30.9
11565;2001-08-31;30.97
11572;2001-09-07;30.9
11579;2001-09-14;31.18
11586;2001-09-21;31.23
11593;2001-09-28;31.36
11600;2001-10-05;31.42
11607;2001-10-12;31.47
11614;2001-10-19;31.52
11621;2001-10-26;31.6
11628;2001-11-02;31.8
11635;2001-11-09;31.85
11642;2001-11-16;31.71
11649;2001-11-23;31.61
11656;2001-11-30;31.65
11663;2001-12-07;31.57
11670;2001-12-14;31.59
11677;2001-12-21;31.6
11684;2001-12-28;31.45
11687;2001-12-31;31.44
11691;2002-01-04;31.5
11698;2002-01-11;31.56
11705;2002-01-18;31.64
11712;2002-01-25;31.52
11719;2002-02-01;31.45
11726;2002-02-08;31.66
11733;2002-02-15;31.57
11740;2002-02-22;31.63
11747;2002-03-01;31.64
11754;2002-03-08;31.43
11761;2002-03-15;31.42
11768;2002-03-22;31.42
11774;2002-03-28;31.45
11782;2002-04-05;31.52
11789;2002-04-12;31.54
11796;2002-04-19;31.55
11803;2002-04-26;31.72
11810;2002-05-03;31.67
11817;2002-05-10;31.69
11824;2002-05-17;31.65
11831;2002-05-24;31.76
11838;2002-05-31;31.83
11845;2002-06-07;31.83
11852;2002-06-14;32.02
11859;2002-06-21;32.13
11866;2002-06-28;32.19
11873;2002-07-05;32.19
11880;2002-07-12;32.27
11887;2002-07-19;32.25
11894;2002-07-26;32.53
11901;2002-08-02;32.56
11908;2002-08-09;32.77
11915;2002-08-16;32.8
11922;2002-08-23;32.79
11929;2002-08-30;32.95
11936;2002-09-06;33.19
11943;2002-09-13;33.09
11950;2002-09-20;33.49
11957;2002-09-27;33.42
11964;2002-10-04;33.48
11971;2002-10-11;33.58
11978;2002-10-18;33.21
11985;2002-10-25;33.17
11991;2002-10-31;33.27
11999;2002-11-08;33.25
12006;2002-11-15;33.47
12013;2002-11-22;33.52
12020;2002-11-29;33.48
12027;2002-12-06;33.56
12034;2002-12-13;33.76
12041;2002-12-20;33.84
12048;2002-12-27;33.93
12052;2002-12-31;34.1
12055;2003-01-03;34.12
12062;2003-01-10;34.17
12069;2003-01-17;34.22
12076;2003-01-24;34.42
12083;2003-01-31;34.44
12090;2003-02-07;34.72
12097;2003-02-14;34.8
12104;2003-02-21;34.77
12111;2003-02-28;34.99
12118;2003-03-07;34.96
12125;2003-03-14;34.86
12132;2003-03-21;34.53
12139;2003-03-28;34.58
12146;2003-04-04;34.58
12153;2003-04-11;34.61
12159;2003-04-17;34.52
12167;2003-04-25;34.69
12174;2003-05-02;34.71
12181;2003-05-09;34.93
12188;2003-05-16;35.02
12195;2003-05-23;35.33
12202;2003-05-30;35.34
12209;2003-06-06;35.46
12216;2003-06-13;35.55
12223;2003-06-20;35.37
12230;2003-06-27;35.29
12237;2003-07-04;35.16
12244;2003-07-11;35.17
12251;2003-07-18;35.05
12258;2003-07-25;35.06
12265;2003-08-01;35.01
12272;2003-08-08;34.98
12278;2003-08-14;35.05
12286;2003-08-22;35.01
12293;2003-08-29;35.02
12300;2003-09-05;34.79
12307;2003-09-12;35.04
12314;2003-09-19;35.19
12321;2003-09-26;35.29
12328;2003-10-03;35.32
12335;2003-10-10;35.24
12342;2003-10-17;35.21
12349;2003-10-24;35.14
12356;2003-10-31;35.07
12363;2003-11-07;35.09
12370;2003-11-14;35.19
12377;2003-11-21;35.34
12384;2003-11-28;35.09
12391;2003-12-05;35.19
12398;2003-12-12;35.24
12405;2003-12-19;35.38
12415;2003-12-29;35.34
12417;2003-12-31;35.33
12419;2004-01-02;35.39
12426;2004-01-09;35.47
12433;2004-01-16;35.56
12440;2004-01-23;35.69
12447;2004-01-30;35.57
12454;2004-02-06;35.53
12461;2004-02-13;35.6
12468;2004-02-20;35.73
12475;2004-02-27;35.77
12482;2004-03-05;35.68
12489;2004-03-12;35.99
12496;2004-03-19;35.91
12503;2004-03-26;36.01
12510;2004-04-02;35.95
12516;2004-04-08;35.87
12524;2004-04-16;35.78
12531;2004-04-23;36.08
12538;2004-04-30;35.84
12545;2004-05-07;35.82
12552;2004-05-14;35.67
12559;2004-05-21;35.78
12566;2004-05-28;35.83
12573;2004-06-04;35.78
12580;2004-06-11;35.78
12587;2004-06-18;35.78
12594;2004-06-25;35.85
12601;2004-07-02;35.8
12608;2004-07-09;35.86
12614;2004-07-15;35.86
12621;2004-07-22;35.97
12628;2004-07-29;35.97
12635;2004-08-05;36.04
12642;2004-08-12;36.19
12649;2004-08-19;36.19
12656;2004-08-26;36.22
12663;2004-09-02;36.23
12670;2004-09-09;36.14
12677;2004-09-16;36.15
12684;2004-09-23;36.33
12691;2004-09-30;36.24
12698;2004-10-07;36.26
12705;2004-10-14;36.38
12712;2004-10-21;36.42
12719;2004-10-28;36.42
12726;2004-11-04;36.45
12733;2004-11-11;36.47
12740;2004-11-18;36.52
12747;2004-11-25;36.58
12754;2004-12-02;36.58
12761;2004-12-09;36.66
12768;2004-12-16;36.66
12775;2004-12-23;36.64
12782;2004-12-30;36.59
12783;2004-12-31;36.57
12789;2005-01-06;36.64
12796;2005-01-13;36.7
12803;2005-01-20;36.69
12810;2005-01-27;36.69
12817;2005-02-03;36.71
12824;2005-02-10;36.77
12831;2005-02-17;36.72
12838;2005-02-24;36.66
12845;2005-03-03;36.66
12852;2005-03-10;36.7
12859;2005-03-17;36.73
12866;2005-03-24;36.69
12873;2005-03-31;36.78
12880;2005-04-07;36.85
12887;2005-04-14;36.87
12894;2005-04-21;36.93
12901;2005-04-28;37
12908;2005-05-05;37.03
12915;2005-05-12;37.07
12922;2005-05-19;37.08
12929;2005-05-26;37.13
12936;2005-06-02;37.2
12943;2005-06-09;37.26
12950;2005-06-16;37.19
12957;2005-06-23;37.27
12964;2005-06-30;37.28
12971;2005-07-07;37.26
12978;2005-07-14;37.22
12985;2005-07-21;37.23
12992;2005-07-28;37.24
12999;2005-08-04;37.22
13006;2005-08-11;37.22
13013;2005-08-18;37.28
13020;2005-08-25;37.29
13027;2005-09-01;37.32
13034;2005-09-08;37.33
13041;2005-09-15;37.31
13048;2005-09-22;37.34
13055;2005-09-29;37.28
13062;2005-10-06;37.28
13069;2005-10-13;37.27
13076;2005-10-20;37.27
13083;2005-10-27;37.23
13090;2005-11-03;37.21
13098;2005-11-11;37.2
13104;2005-11-17;37.22
13111;2005-11-24;37.23
13118;2005-12-01;37.24
13125;2005-12-08;37.25
13132;2005-12-15;37.23
13139;2005-12-22;37.22
13146;2005-12-29;37.23
13148;2005-12-31;37.26
13153;2006-01-05;37.31
13160;2006-01-12;37.29
13167;2006-01-19;37.27
13174;2006-01-26;37.24
13181;2006-02-02;37.24
13188;2006-02-09;37.3
13195;2006-02-16;37.33
13202;2006-02-23;37.38
13209;2006-03-02;37.33
13216;2006-03-09;37.31
13223;2006-03-16;37.37
13230;2006-03-23;37.45
13237;2006-03-30;37.34
13244;2006-04-06;37.38
13255;2006-04-17;37.37
13258;2006-04-20;37.43
13265;2006-04-27;37.38
13272;2006-05-04;37.44
13279;2006-05-11;37.43
13286;2006-05-18;37.3
13293;2006-05-25;37.38
13300;2006-06-01;37.31
13307;2006-06-08;37.26
13314;2006-06-15;37.28
13321;2006-06-22;37.28
13328;2006-06-29;37.35
13329;2006-06-30;37.42
13335;2006-07-06;37.41
13343;2006-07-14;37.41
13349;2006-07-20;37.48
13356;2006-07-27;37.65
13363;2006-08-03;37.65
13370;2006-08-10;37.71
13377;2006-08-17;37.74
13384;2006-08-24;37.87
13391;2006-08-31;37.93
13398;2006-09-07;37.87
13405;2006-09-14;37.92
13412;2006-09-21;37.98
13419;2006-09-28;38.01
13426;2006-10-05;38.06
13433;2006-10-12;38.11
13440;2006-10-19;38.07
13447;2006-10-26;38.09
13454;2006-11-02;38.17
13461;2006-11-09;38.19
13468;2006-11-16;38.21
13475;2006-11-23;38.23
13482;2006-11-30;38.16
13489;2006-12-07;38.17
13496;2006-12-14;38.25
13503;2006-12-21;38.18
13510;2006-12-28;38.21
13513;2006-12-31;38.2
13524;2007-01-11;38.255
13531;2007-01-18;38.231
13538;2007-01-25;38.256
13545;2007-02-01;38.395
13552;2007-02-08;38.456
13559;2007-02-15;38.45
13566;2007-02-22;38.476
13573;2007-03-01;38.182
13580;2007-03-08;38.317
13587;2007-03-15;38.19
13594;2007-03-22;38.485
13601;2007-03-29;38.453
13612;2007-04-09;38.612
13615;2007-04-12;38.63
13622;2007-04-19;38.649
13629;2007-04-26;38.818
13636;2007-05-03;38.939
13643;2007-05-10;38.845
13650;2007-05-17;38.801
13657;2007-05-24;38.928
13664;2007-05-31;39.034
13671;2007-06-07;38.762
13678;2007-06-14;38.87
13685;2007-06-21;38.902
13692;2007-06-28;38.886
13693;2007-06-29;38.907
13699;2007-07-05;38.855
13706;2007-07-12;38.924
13713;2007-07-19;38.969
13720;2007-07-26;38.753
13727;2007-08-02;38.624
13734;2007-08-09;38.726
13741;2007-08-16;38.803
13748;2007-08-23;38.933
13755;2007-08-30;39.018
13762;2007-09-06;39.101
13769;2007-09-13;39.098
13776;2007-09-20;39.096
13783;2007-09-27;39.179
13790;2007-10-04;39.234
13797;2007-10-11;39.219
13804;2007-10-18;39.339
13811;2007-10-25;39.489
13818;2007-11-01;39.456
13825;2007-11-08;39.572
13832;2007-11-15;39.57
13839;2007-11-22;39.759
13846;2007-11-29;39.688
13853;2007-12-06;39.677
13860;2007-12-13;39.569
13867;2007-12-20;39.606
13874;2007-12-27;39.575
13878;2007-12-31;39.628
13881;2008-01-03;39.73
13888;2008-01-10;39.766
13895;2008-01-17;39.855
13902;2008-01-24;39.899
13909;2008-01-31;39.995
13916;2008-02-07;40.149
13923;2008-02-14;40.117
13930;2008-02-21;40.076
13937;2008-02-28;40.113
13944;2008-03-06;40.07
13951;2008-03-13;40
13962;2008-03-24;39.849
13965;2008-03-27;39.798
13972;2008-04-03;39.874
13979;2008-04-10;39.946
13986;2008-04-17;39.974
13993;2008-04-24;40.058
14000;2008-05-01;40.287
14007;2008-05-08;40.411
14014;2008-05-15;40.355
14021;2008-05-22;40.341
14028;2008-05-29;40.268
14035;2008-06-05;40.09
14042;2008-06-12;39.937
14049;2008-06-19;39.76
14056;2008-06-26;39.67
14060;2008-06-30;39.63
14063;2008-07-03;39.57
14070;2008-07-10;39.48
14077;2008-07-17;39.34
14084;2008-07-24;39.53
14091;2008-07-31;39.58
14098;2008-08-07;39.76
14105;2008-08-14;40.02
14112;2008-08-21;39.94
14119;2008-08-28;40
14126;2008-09-04;40.03
14133;2008-09-11;40.05
14140;2008-09-18;39.81
14147;2008-09-25;39.91
14154;2008-10-02;39.91
14161;2008-10-09;39.56
14168;2008-10-16;39.69
14175;2008-10-23;39.68
14182;2008-10-30;39.77
14189;2008-11-06;39.8
14196;2008-11-13;39.78
14203;2008-11-20;39.84
14210;2008-11-27;39.68
14217;2008-12-04;39.62
14224;2008-12-11;39.54
14231;2008-12-18;39.76
14242;2008-12-29;39.79
14244;2008-12-31;39.89
14246;2009-01-02;39.95
14252;2009-01-08;40.05
14259;2009-01-15;39.93
14266;2009-01-22;39.76
14273;2009-01-29;39.86
14280;2009-02-05;40.03
14287;2009-02-12;40.09
14294;2009-02-19;39.91
14301;2009-02-26;39.74
14308;2009-03-05;39.66
14315;2009-03-12;39.62
14322;2009-03-19;39.73
14329;2009-03-26;39.98
14336;2009-04-02;40.05
14343;2009-04-09;40.18
14350;2009-04-16;40.29
14357;2009-04-23;40.28
14364;2009-04-30;40.55
14371;2009-05-07;40.93
14378;2009-05-14;41.05
14386;2009-05-22;41.24
14392;2009-05-28;41.38
14399;2009-06-04;41.44
14406;2009-06-11;41.39
14413;2009-06-18;41.34
14420;2009-06-25;41.41
14425;2009-06-30;41.4
14427;2009-07-02;41.47
14434;2009-07-09;41.36
14441;2009-07-16;41.63
14448;2009-07-23;41.95
14455;2009-07-30;42.26
14462;2009-08-06;42.4
14469;2009-08-13;42.57
14476;2009-08-20;42.69
14483;2009-08-27;43.15
14490;2009-09-03;43.16
14497;2009-09-10;43.44
14504;2009-09-17;43.54
14511;2009-09-24;43.67
14518;2009-10-01;44.5
14525;2009-10-08;44.47
14532;2009-10-15;44.43
14539;2009-10-22;44.43
14546;2009-10-29;44.12
14553;2009-11-05;44.21
14560;2009-11-12;44.4
14567;2009-11-19;44.41
14574;2009-11-26;44.44
14581;2009-12-03;44.51
14588;2009-12-10;44.49
14595;2009-12-17;44.67
14602;2009-12-24;44.61
14609;2009-12-31;44.63
14616;2010-01-07;44.94
14623;2010-01-14;45.24
14630;2010-01-21;45.15
14637;2010-01-28;44.91
14644;2010-02-04;44.97
14651;2010-02-11;44.81
14658;2010-02-18;45.21
14665;2010-02-25;45.07
14672;2010-03-04;45.36
14679;2010-03-11;45.4
14686;2010-03-18;45.55
14693;2010-03-25;45.75
14700;2010-04-01;45.85
14707;2010-04-08;45.76
14714;2010-04-15;45.93
14721;2010-04-22;45.88
14728;2010-04-29;45.49
14735;2010-05-06;45.23
14743;2010-05-14;45.25
14749;2010-05-20;44.92
14756;2010-05-27;45.13
14763;2010-06-03;45.47
14770;2010-06-10;45.26
14777;2010-06-17;45.68
14784;2010-06-24;45.47
14790;2010-06-30;45.37
14791;2010-07-01;45.08
14792;2010-07-02;45.02
14795;2010-07-05;45.03
14796;2010-07-06;45.2
14797;2010-07-07;45.29
14798;2010-07-08;45.35
14799;2010-07-09;45.4
14802;2010-07-12;45.5
14803;2010-07-13;45.47
14805;2010-07-15;45.39
14806;2010-07-16;45.21
14809;2010-07-19;45.12
14810;2010-07-20;45.11
14811;2010-07-21;45.18
14812;2010-07-22;45.37
14813;2010-07-23;45.29
14816;2010-07-26;45.26
14817;2010-07-27;45.28
14818;2010-07-28;45.34
14819;2010-07-29;45.47
14820;2010-07-30;45.55
14823;2010-08-02;45.79
14824;2010-08-03;45.88
14825;2010-08-04;45.93
14826;2010-08-05;45.91
14827;2010-08-06;45.85
14830;2010-08-09;46.07
14831;2010-08-10;46.09
14832;2010-08-11;46.01
14833;2010-08-12;46.11
14834;2010-08-13;46.14
14837;2010-08-16;46.19
14838;2010-08-17;46.21
14839;2010-08-18;46.27
14840;2010-08-19;46.21
14841;2010-08-20;46.17
14844;2010-08-23;46.24
14845;2010-08-24;46.2
14846;2010-08-25;46.2
14847;2010-08-26;46.17
14848;2010-08-27;46.19
14851;2010-08-30;46.33
14852;2010-08-31;46.36
14853;2010-09-01;46.51
14854;2010-09-02;46.48
14855;2010-09-03;46.45
14858;2010-09-06;46.59
14859;2010-09-07;46.66
14860;2010-09-08;46.67
14861;2010-09-09;46.63
14862;2010-09-10;46.57
14865;2010-09-13;46.61
14866;2010-09-14;46.69
14867;2010-09-15;46.6
14868;2010-09-16;46.46
14869;2010-09-17;46.51
14872;2010-09-20;46.66
14873;2010-09-21;46.62
14874;2010-09-22;46.58
14875;2010-09-23;46.61
14876;2010-09-24;46.59
14879;2010-09-27;46.64
14880;2010-09-28;46.61
14881;2010-09-29;46.5
14882;2010-09-30;46.4
14883;2010-10-01;46.33
14886;2010-10-04;46.35
14887;2010-10-05;46.43
14888;2010-10-06;46.55
14889;2010-10-07;46.57
14890;2010-10-08;46.59
14893;2010-10-11;46.65
14894;2010-10-12;46.58
14895;2010-10-13;46.68
14896;2010-10-14;46.67
14897;2010-10-15;46.67
14900;2010-10-18;46.64
14901;2010-10-19;46.56
14902;2010-10-20;46.58
14903;2010-10-21;46.55
14904;2010-10-22;46.48
14907;2010-10-25;46.59
14908;2010-10-26;46.53
14909;2010-10-27;46.48
14910;2010-10-28;46.56
14911;2010-10-29;46.68
14915;2010-11-02;46.81
14916;2010-11-03;46.8
14917;2010-11-04;47.01
14918;2010-11-05;47
14921;2010-11-08;47
14922;2010-11-09;47.04
14923;2010-11-10;47
14925;2010-11-12;46.79
14928;2010-11-15;46.81
14929;2010-11-16;46.62
14930;2010-11-17;46.65
14931;2010-11-18;46.69
14932;2010-11-19;46.66
14935;2010-11-22;46.72
14936;2010-11-23;46.65
14937;2010-11-24;46.53
14938;2010-11-25;46.49
14939;2010-11-26;46.43
14942;2010-11-29;46.19
14943;2010-11-30;46.08
14944;2010-12-01;46.06
14945;2010-12-02;46.11
14946;2010-12-03;46.09
14949;2010-12-06;46.12
14950;2010-12-07;46.17
14951;2010-12-08;46.17
14952;2010-12-09;46.22
14953;2010-12-10;46.18
14956;2010-12-13;46.19
14957;2010-12-14;46.23
14958;2010-12-15;46.31
14959;2010-12-16;46.31
14960;2010-12-17;46.22
14963;2010-12-20;46.3
14964;2010-12-21;46.36
14965;2010-12-22;46.42
14966;2010-12-23;46.42
14967;2010-12-24;46.4
14970;2010-12-27;46.28
14971;2010-12-28;46.33
14972;2010-12-29;46.38
14973;2010-12-30;46.35
14974;2010-12-31;46.26
14977;2011-01-03;46.47
14978;2011-01-04;46.47
14979;2011-01-05;46.39
14980;2011-01-06;46.48
14981;2011-01-07;46.47
14984;2011-01-10;46.35
14985;2011-01-11;46.37
14986;2011-01-12;46.41
14987;2011-01-13;46.42
14988;2011-01-14;46.34
14991;2011-01-17;46.36
14992;2011-01-18;46.43
14993;2011-01-19;46.33
14994;2011-01-20;46.3
14995;2011-01-21;46.33
14998;2011-01-24;46.52
14999;2011-01-25;46.48
15000;2011-01-26;46.42
15001;2011-01-27;46.34
15002;2011-01-28;46.2
15005;2011-01-31;46.2
15006;2011-02-01;46.3
15007;2011-02-02;46.32
15008;2011-02-03;46.41
15009;2011-02-04;46.41
15012;2011-02-07;46.57
15013;2011-02-08;46.44
15014;2011-02-09;46.38
15015;2011-02-10;46.34
15016;2011-02-11;46.38
15019;2011-02-14;46.45
15020;2011-02-15;46.58
15021;2011-02-16;46.69
15022;2011-02-17;46.74
15023;2011-02-18;46.71
15026;2011-02-21;46.75
15027;2011-02-22;46.53
15028;2011-02-23;46.36
15029;2011-02-24;46.43
15030;2011-02-25;46.44
15033;2011-02-28;46.55
15034;2011-03-01;46.61
15035;2011-03-02;46.52
15036;2011-03-03;46.34
15037;2011-03-04;46.31
15040;2011-03-07;46.25
15041;2011-03-08;46.21
15042;2011-03-09;46.14
15043;2011-03-10;46.15
15044;2011-03-11;45.98
15047;2011-03-14;45.91
15048;2011-03-15;45.72
15049;2011-03-16;45.63
15050;2011-03-17;45.7
15051;2011-03-18;45.74
15054;2011-03-21;45.88
15055;2011-03-22;45.77
15056;2011-03-23;45.78
15057;2011-03-24;46
15058;2011-03-25;45.99
15061;2011-03-28;45.95
15062;2011-03-29;45.96
15063;2011-03-30;46.06
15064;2011-03-31;45.99
15065;2011-04-01;46.09
15068;2011-04-04;46.2
15069;2011-04-05;46.19
15070;2011-04-06;46.22
15071;2011-04-07;46.22
15072;2011-04-08;46.21
15075;2011-04-11;46.23
15076;2011-04-12;46.16
15077;2011-04-13;46.3
15078;2011-04-14;46.26
15079;2011-04-15;46.35
15082;2011-04-18;46.22
15083;2011-04-19;46.07
15084;2011-04-20;46.35
15085;2011-04-21;46.3
15090;2011-04-26;46.29
15091;2011-04-27;46.32
15092;2011-04-28;46.38
15093;2011-04-29;46.59
15096;2011-05-02;46.47
15097;2011-05-03;46.3
15098;2011-05-04;46.38
15099;2011-05-05;46.47
15100;2011-05-06;46.61
15103;2011-05-09;46.56
15104;2011-05-10;46.59
15105;2011-05-11;46.67
15106;2011-05-12;46.53
15107;2011-05-13;46.63
15110;2011-05-16;46.75
15111;2011-05-17;46.56
15112;2011-05-18;46.68
15113;2011-05-19;46.76
15114;2011-05-20;46.81
15117;2011-05-23;46.72
15118;2011-05-24;46.67
15119;2011-05-25;46.65
15120;2011-05-26;46.7
15121;2011-05-27;46.8
15124;2011-05-30;46.81
15125;2011-05-31;46.91
15126;2011-06-01;46.86
15128;2011-06-03;46.64
15131;2011-06-06;46.62
15132;2011-06-07;46.53
15133;2011-06-08;46.49
15134;2011-06-09;46.55
15135;2011-06-10;46.46
15139;2011-06-14;46.49
15140;2011-06-15;46.43
15141;2011-06-16;46.4
15142;2011-06-17;46.36
15145;2011-06-20;46.25
15146;2011-06-21;46.36
15147;2011-06-22;46.35
15148;2011-06-23;46.26
15149;2011-06-24;46.49
15152;2011-06-27;46.46
15153;2011-06-28;46.21
15154;2011-06-29;46.26
15155;2011-06-30;46.36
15156;2011-07-01;46.35
15159;2011-07-04;46.41
15160;2011-07-05;46.42
15161;2011-07-06;46.41
15162;2011-07-07;46.27
15163;2011-07-08;46.25
15166;2011-07-11;46.2
15167;2011-07-12;45.99
15168;2011-07-13;45.97
15170;2011-07-15;45.82
15173;2011-07-18;45.77
15174;2011-07-19;45.86
15175;2011-07-20;45.93
15176;2011-07-21;45.95
15177;2011-07-22;46.27
15180;2011-07-25;46.17
15181;2011-07-26;46.14
15182;2011-07-27;46.26
15183;2011-07-28;46.31
15184;2011-07-29;46.12
15187;2011-08-01;46.14
15188;2011-08-02;46.09
15189;2011-08-03;45.91
15190;2011-08-04;45.8
15191;2011-08-05;45.59
15194;2011-08-08;45.34
15195;2011-08-09;45.35
15196;2011-08-10;45.18
15197;2011-08-11;45.14
15198;2011-08-12;45.39
15202;2011-08-16;45.45
15203;2011-08-17;45.69
15204;2011-08-18;45.33
15205;2011-08-19;45.29
15208;2011-08-22;45.42
15209;2011-08-23;45.43
15210;2011-08-24;45.52
15211;2011-08-25;45.51
15212;2011-08-26;45.46
15215;2011-08-29;45.51
15216;2011-08-30;45.66
15217;2011-08-31;45.9
15218;2011-09-01;46.06
15219;2011-09-02;45.95
15222;2011-09-05;45.7
15223;2011-09-06;45.38
15224;2011-09-07;45.73
15225;2011-09-08;45.47
15226;2011-09-09;45.51
15229;2011-09-12;45.16
15230;2011-09-13;44.89
15231;2011-09-14;45.17
15232;2011-09-15;45.21
15233;2011-09-16;45.11
15236;2011-09-19;45.12
15237;2011-09-20;45.29
15238;2011-09-21;45.07
15239;2011-09-22;44.73
15240;2011-09-23;44.45
15243;2011-09-26;44.68
15244;2011-09-27;45.03
15245;2011-09-28;44.94
15246;2011-09-29;45.06
15247;2011-09-30;45.19
15250;2011-10-03;45.13
15251;2011-10-04;44.81
15252;2011-10-05;44.93
15253;2011-10-06;45.09
15254;2011-10-07;45.13
15257;2011-10-10;45.23
15258;2011-10-11;45.2
15259;2011-10-12;45.45
15260;2011-10-13;45.43
15261;2011-10-14;45.49
15264;2011-10-17;45.44
15265;2011-10-18;45.35
15266;2011-10-19;45.4
15267;2011-10-20;45.32
15268;2011-10-21;45.35
15271;2011-10-24;45.35
15272;2011-10-25;45.36
15273;2011-10-26;45.41
15274;2011-10-27;45.8
15275;2011-10-28;45.86
15278;2011-10-31;45.64
15280;2011-11-02;45.45
15281;2011-11-03;45.56
15282;2011-11-04;45.44
15285;2011-11-07;45.41
15286;2011-11-08;45.52
15287;2011-11-09;45.38
15288;2011-11-10;45.33
15292;2011-11-14;45.45
15293;2011-11-15;45.25
15294;2011-11-16;45.3
15295;2011-11-17;45
15296;2011-11-18;45.07
15299;2011-11-21;44.74
15300;2011-11-22;44.47
15301;2011-11-23;44.26
15302;2011-11-24;44.15
15303;2011-11-25;44.27
15306;2011-11-28;44.6
15307;2011-11-29;44.53
15308;2011-11-30;45.04
15309;2011-12-01;45.05
15310;2011-12-02;45.04
15313;2011-12-05;45.09
15314;2011-12-06;45.14
15315;2011-12-07;45.23
15316;2011-12-08;45.05
15317;2011-12-09;45.16
15320;2011-12-12;44.98
15321;2011-12-13;45.13
15322;2011-12-14;44.95
15323;2011-12-15;45.06
15324;2011-12-16;45
15327;2011-12-19;45.02
15328;2011-12-20;45.05
15329;2011-12-21;45.04
15330;2011-12-22;45.13
15331;2011-12-23;45.27
15335;2011-12-27;45.32
15336;2011-12-28;45.25
15337;2011-12-29;45.44
15338;2011-12-30;45.56
15339;2011-12-31;45.56
15341;2012-01-02;45.72
15342;2012-01-03;45.8
15343;2012-01-04;45.67
15344;2012-01-05;45.4
15345;2012-01-06;45.47
15348;2012-01-09;45.42
15349;2012-01-10;45.55
15350;2012-01-11;45.53
15351;2012-01-12;45.51
15352;2012-01-13;45.43
15355;2012-01-16;45.55
15356;2012-01-17;45.63
15357;2012-01-18;45.56
15358;2012-01-19;45.66
15359;2012-01-20;45.6
15362;2012-01-23;45.7
15363;2012-01-24;45.74
15364;2012-01-25;45.76
15365;2012-01-26;46.06
15366;2012-01-27;46
15369;2012-01-30;45.99
15370;2012-01-31;46.27
15371;2012-02-01;46.51
15372;2012-02-02;46.62
15373;2012-02-03;46.72
15376;2012-02-06;46.78
15377;2012-02-07;46.84
15378;2012-02-08;46.84
15379;2012-02-09;46.88
15380;2012-02-10;46.89
15383;2012-02-13;46.93
15384;2012-02-14;46.91
15385;2012-02-15;46.93
15386;2012-02-16;46.92
15387;2012-02-17;47.02
15390;2012-02-20;47.07
15391;2012-02-21;47.12
15392;2012-02-22;47.15
15393;2012-02-23;47.16
15394;2012-02-24;47.23
15397;2012-02-27;47.24
15398;2012-02-28;47.29
15399;2012-02-29;47.3
15400;2012-03-01;47.48
15401;2012-03-02;47.63
15404;2012-03-05;47.57
15405;2012-03-06;47.28
15406;2012-03-07;47.36
15407;2012-03-08;47.54
15408;2012-03-09;47.61
15411;2012-03-12;47.69
15412;2012-03-13;47.85
15413;2012-03-14;47.88
15414;2012-03-15;47.85
15415;2012-03-16;47.89
15418;2012-03-19;47.9
15419;2012-03-20;47.86
15420;2012-03-21;47.86
15421;2012-03-22;47.74
15422;2012-03-23;47.7
15425;2012-03-26;47.75
15426;2012-03-27;47.72
15427;2012-03-28;47.63
15428;2012-03-29;47.59
15429;2012-03-30;47.73
15432;2012-04-02;47.84
15433;2012-04-03;47.65
15434;2012-04-04;47.42
15435;2012-04-05;47.33
15440;2012-04-10;47.14
15441;2012-04-11;47.13
15442;2012-04-12;47.29
15443;2012-04-13;47.03
15446;2012-04-16;47.04
15447;2012-04-17;47.15
15448;2012-04-18;47.15
15449;2012-04-19;47.04
15450;2012-04-20;47.04
15453;2012-04-23;46.92
15454;2012-04-24;46.99
15455;2012-04-25;47.03
15456;2012-04-26;47.15
15457;2012-04-27;47.23
15460;2012-04-30;47.15
15462;2012-05-02;47.21
15463;2012-05-03;47.17
15464;2012-05-04;47.23
15467;2012-05-07;47.23
15469;2012-05-09;47.01
15470;2012-05-10;47.05
15471;2012-05-11;47.03
15474;2012-05-14;46.83
15475;2012-05-15;46.79
15476;2012-05-16;46.74
15478;2012-05-18;46.63
15481;2012-05-21;46.65
15482;2012-05-22;46.68
15483;2012-05-23;46.49
15484;2012-05-24;46.54
15485;2012-05-25;46.55
15489;2012-05-29;46.6
15490;2012-05-30;46.6
15491;2012-05-31;46.5
15492;2012-06-01;46.44
15495;2012-06-04;46.4
15496;2012-06-05;46.35
15497;2012-06-06;46.41
15498;2012-06-07;46.41
15499;2012-06-08;46.44
15502;2012-06-11;46.58
15503;2012-06-12;46.53
15504;2012-06-13;46.57
15505;2012-06-14;46.6
15506;2012-06-15;46.71
15509;2012-06-18;46.75
15510;2012-06-19;46.73
15511;2012-06-20;46.7
15512;2012-06-21;46.78
15513;2012-06-22;46.81
15516;2012-06-25;46.73
15517;2012-06-26;46.63
15518;2012-06-27;46.59
15519;2012-06-28;46.69
15520;2012-06-29;47.12
15523;2012-07-02;47.37
15524;2012-07-03;47.63
15525;2012-07-04;47.65
15526;2012-07-05;47.56
15527;2012-07-06;47.62
15530;2012-07-09;47.61
15531;2012-07-10;47.73
15532;2012-07-11;47.83
15533;2012-07-12;47.87
15534;2012-07-13;47.95
15537;2012-07-16;48
15538;2012-07-17;48.02
15539;2012-07-18;48.24
15540;2012-07-19;48.3
15541;2012-07-20;48.15
15544;2012-07-23;47.84
15545;2012-07-24;47.64
15546;2012-07-25;47.56
15547;2012-07-26;47.97
15548;2012-07-27;48.17
15551;2012-07-30;48.41
15552;2012-07-31;48.56
15553;2012-08-01;48.62
15554;2012-08-02;48.45
15555;2012-08-03;48.67
15558;2012-08-06;48.74
15559;2012-08-07;48.82
15560;2012-08-08;48.99
15561;2012-08-09;49.07
15562;2012-08-10;49.03
15565;2012-08-13;49.11
15566;2012-08-14;49.2
15568;2012-08-16;49.33
15569;2012-08-17;49.36
15572;2012-08-20;49.3
15573;2012-08-21;49.36
15574;2012-08-22;49.22
15575;2012-08-23;49.2
15576;2012-08-24;49.22
15579;2012-08-27;49.21
15580;2012-08-28;49.1
15581;2012-08-29;49.06
15582;2012-08-30;49.09
15583;2012-08-31;49.12
15586;2012-09-03;49.22
15587;2012-09-04;49.11
15588;2012-09-05;49.13
15589;2012-09-06;49.38
15590;2012-09-07;49.54
15593;2012-09-10;49.26
15594;2012-09-11;49.53
15595;2012-09-12;49.56
15596;2012-09-13;49.56
15597;2012-09-14;49.64
15600;2012-09-17;49.64
15601;2012-09-18;49.54
15602;2012-09-19;49.69
15603;2012-09-20;49.63
15604;2012-09-21;49.81
15607;2012-09-24;49.81
15608;2012-09-25;49.8
15609;2012-09-26;49.7
15610;2012-09-27;49.75
15611;2012-09-28;49.6
15614;2012-10-01;50.32
15615;2012-10-02;50.03
15616;2012-10-03;50.06
15617;2012-10-04;49.97
15618;2012-10-05;50.1
15621;2012-10-08;50.03
15622;2012-10-09;49.98
15623;2012-10-10;49.9
15624;2012-10-11;49.95
15625;2012-10-12;49.98
15628;2012-10-15;50.06
15629;2012-10-16;50.31
15630;2012-10-17;50.4
15631;2012-10-18;50.41
15632;2012-10-19;50.4
15635;2012-10-22;50.24
15636;2012-10-23;49.97
15637;2012-10-24;49.95
15638;2012-10-25;49.89
15639;2012-10-26;49.95
15642;2012-10-29;49.75
15643;2012-10-30;49.85
15644;2012-10-31;49.81
15646;2012-11-02;49.99
15649;2012-11-05;49.88
15650;2012-11-06;49.94
15651;2012-11-07;49.82
15652;2012-11-08;49.82
15653;2012-11-09;49.84
15656;2012-11-12;49.74
15657;2012-11-13;49.8
15658;2012-11-14;49.8
15659;2012-11-15;49.73
15660;2012-11-16;49.66
15663;2012-11-19;49.79
15664;2012-11-20;49.78
15665;2012-11-21;49.82
15666;2012-11-22;49.86
15667;2012-11-23;49.96
15670;2012-11-26;49.89
15671;2012-11-27;49.87
15672;2012-11-28;49.97
15673;2012-11-29;50.09
15674;2012-11-30;50.08
15677;2012-12-03;50.1
15678;2012-12-04;50.09
15679;2012-12-05;50.08
15680;2012-12-06;50.1
15681;2012-12-07;50.13
15684;2012-12-10;50.06
15685;2012-12-11;50.21
15686;2012-12-12;50.28
15687;2012-12-13;50.31
15688;2012-12-14;50.22
15691;2012-12-17;50.21
15692;2012-12-18;50.34
15693;2012-12-19;50.46
15694;2012-12-20;50.48
15695;2012-12-21;50.49
15698;2012-12-24;50.48
15701;2012-12-27;50.49
15702;2012-12-28;50.44
15705;2012-12-31;50.48
15707;2013-01-02;50.76
15708;2013-01-03;50.82
15709;2013-01-04;50.79
15712;2013-01-07;50.71
15713;2013-01-08;50.81
15714;2013-01-09;50.85
15715;2013-01-10;50.87
15716;2013-01-11;50.94
15719;2013-01-14;50.83
15720;2013-01-15;50.86
15721;2013-01-16;50.9
15722;2013-01-17;51.03
15723;2013-01-18;51.08
15726;2013-01-21;51.03
15727;2013-01-22;50.95
15728;2013-01-23;51.03
15729;2013-01-24;51.09
15730;2013-01-25;51.1
15733;2013-01-28;51.11
15734;2013-01-29;51.14
15735;2013-01-30;51.03
15736;2013-01-31;51.03
15737;2013-02-01;51.08
15740;2013-02-04;50.87
15741;2013-02-05;50.94
15742;2013-02-06;50.97
15743;2013-02-07;50.89
15744;2013-02-08;50.98
15747;2013-02-11;51.03
15748;2013-02-12;51.05
15749;2013-02-13;51.15
15750;2013-02-14;51.05
15751;2013-02-15;51.1
15754;2013-02-18;51.16
15755;2013-02-19;51.41
15756;2013-02-20;51.39
15757;2013-02-21;51.12
15758;2013-02-22;51.33
15761;2013-02-25;51.39
15762;2013-02-26;50.98
15763;2013-02-27;51.11
15764;2013-02-28;51.27
15765;2013-03-01;51.22
15768;2013-03-04;51.27
15769;2013-03-05;51.48
15770;2013-03-06;51.48
15771;2013-03-07;51.55
15772;2013-03-08;51.65
15775;2013-03-11;51.63
15776;2013-03-12;51.71
15777;2013-03-13;51.66
15778;2013-03-14;51.77
15779;2013-03-15;51.77
15782;2013-03-18;51.66
15783;2013-03-19;51.63
15784;2013-03-20;51.74
15785;2013-03-21;51.66
15786;2013-03-22;51.71
15789;2013-03-25;51.67
15790;2013-03-26;51.66
15791;2013-03-27;51.57
15792;2013-03-28;51.64
15797;2013-04-02;51.79
15798;2013-04-03;51.73
15799;2013-04-04;51.66
15800;2013-04-05;51.53
15803;2013-04-08;51.59
15804;2013-04-09;51.56
15805;2013-04-10;51.74
15806;2013-04-11;51.82
15807;2013-04-12;51.79
15810;2013-04-15;51.86
15811;2013-04-16;51.82
15812;2013-04-17;51.64
15813;2013-04-18;51.69
15814;2013-04-19;51.8
15817;2013-04-22;51.83
15818;2013-04-23;52.12
15819;2013-04-24;52.21
15820;2013-04-25;52.2
15821;2013-04-26;52.18
15824;2013-04-29;52.36
15825;2013-04-30;52.44
15827;2013-05-02;52.54
15828;2013-05-03;52.65
15831;2013-05-06;52.63
15832;2013-05-07;52.62
15835;2013-05-10;52.8
15838;2013-05-13;52.8
15839;2013-05-14;52.82
15840;2013-05-15;52.89
15841;2013-05-16;52.85
15842;2013-05-17;52.83
15846;2013-05-21;52.95
15847;2013-05-22;53.02
15848;2013-05-23;52.79
15849;2013-05-24;52.75
15852;2013-05-27;52.81
15853;2013-05-28;52.9
15854;2013-05-29;52.67
15855;2013-05-30;52.67
15856;2013-05-31;52.56
15859;2013-06-03;52.44
15860;2013-06-04;52.47
15861;2013-06-05;52.35
15862;2013-06-06;52.18
15863;2013-06-07;52.32
15866;2013-06-10;52.29
15867;2013-06-11;52.17
15868;2013-06-12;52.19
15869;2013-06-13;52.18
15870;2013-06-14;52.18
15873;2013-06-17;52.34
15874;2013-06-18;52.31
15875;2013-06-19;52.25
15876;2013-06-20;51.86
15877;2013-06-21;51.77
15880;2013-06-24;51.55
15881;2013-06-25;51.65
15882;2013-06-26;51.89
15883;2013-06-27;52.04
15884;2013-06-28;52.12
15887;2013-07-01;52.11
15888;2013-07-02;52.08
15889;2013-07-03;51.97
15890;2013-07-04;52.19
15891;2013-07-05;52.13
15894;2013-07-08;52.31
15895;2013-07-09;52.35
15896;2013-07-10;52.38
15897;2013-07-11;52.46
15898;2013-07-12;52.48
15901;2013-07-15;52.51
15902;2013-07-16;52.46
15903;2013-07-17;52.47
15904;2013-07-18;52.58
15905;2013-07-19;52.62
15908;2013-07-22;52.65
15909;2013-07-23;52.61
15910;2013-07-24;52.64
15911;2013-07-25;52.64
15912;2013-07-26;52.64
15915;2013-07-29;52.66
15916;2013-07-30;52.71
15917;2013-07-31;52.72
15918;2013-08-01;52.68
15919;2013-08-02;52.83
15922;2013-08-05;52.88
15923;2013-08-06;52.87
15924;2013-08-07;52.94
15925;2013-08-08;52.98
15926;2013-08-09;53.01
15929;2013-08-12;53.11
15930;2013-08-13;53.07
15931;2013-08-14;53.11
15933;2013-08-16;53.16
15936;2013-08-19;53.11
15937;2013-08-20;53.07
15938;2013-08-21;53.13
15939;2013-08-22;53.24
15940;2013-08-23;53.25
15943;2013-08-26;53.3
15944;2013-08-27;53.17
15945;2013-08-28;53.18
15946;2013-08-29;53.21
15947;2013-08-30;53.22
15950;2013-09-02;53.38
15951;2013-09-03;53.38
15952;2013-09-04;53.46
15953;2013-09-05;53.54
15954;2013-09-06;53.54
15957;2013-09-09;53.54
15958;2013-09-10;53.61
15959;2013-09-11;53.66
15960;2013-09-12;53.72
15961;2013-09-13;53.76
15964;2013-09-16;53.83
15965;2013-09-17;53.75
15966;2013-09-18;53.81
15967;2013-09-19;53.88
15968;2013-09-20;53.89
15971;2013-09-23;53.83
15972;2013-09-24;53.94
15973;2013-09-25;53.93
15974;2013-09-26;53.94
15975;2013-09-27;53.94
15978;2013-09-30;53.88
15979;2013-10-01;53.94
15980;2013-10-02;53.84
15981;2013-10-03;53.79
15982;2013-10-04;53.81
15985;2013-10-07;53.79
15986;2013-10-08;53.85
15987;2013-10-09;53.9
15988;2013-10-10;54.02
15989;2013-10-11;53.9
15992;2013-10-14;53.96
15993;2013-10-15;54.07
15994;2013-10-16;54.06
15995;2013-10-17;54.07
15996;2013-10-18;54.1
15999;2013-10-21;54.08
16000;2013-10-22;54.02
16001;2013-10-23;54.02
16002;2013-10-24;54.07
16003;2013-10-25;54.07
16006;2013-10-28;54.04
16007;2013-10-29;54.08
16008;2013-10-30;54.09
16009;2013-10-31;54.14
16013;2013-11-04;54.15
16014;2013-11-05;54.09
16015;2013-11-06;54.16
16016;2013-11-07;54.21
16017;2013-11-08;54.14
16021;2013-11-12;54.23
16022;2013-11-13;54.21
16023;2013-11-14;54.26
16024;2013-11-15;54.28
16027;2013-11-18;54.31
16028;2013-11-19;54.27
16029;2013-11-20;54.24
16030;2013-11-21;54.23
16031;2013-11-22;54.23
16034;2013-11-25;54.25
16035;2013-11-26;54.21
16036;2013-11-27;54.18
16037;2013-11-28;54.2
16038;2013-11-29;54.21
16041;2013-12-02;54.2
16042;2013-12-03;54.1
16043;2013-12-04;54.02
16044;2013-12-05;53.98
16045;2013-12-06;54.01
16048;2013-12-09;54.03
16049;2013-12-10;53.97
16050;2013-12-11;53.93
16051;2013-12-12;53.85
16052;2013-12-13;53.83
16055;2013-12-16;53.84
16056;2013-12-17;53.81
16057;2013-12-18;53.85
16058;2013-12-19;54.05
16059;2013-12-20;54.11
16062;2013-12-23;54.11
16063;2013-12-24;54.15
16066;2013-12-27;54.23
16069;2013-12-30;54.22
16070;2013-12-31;54.24
16072;2014-01-02;54.22
16073;2014-01-03;54.31
16076;2014-01-06;54.26
16077;2014-01-07;54.31
16078;2014-01-08;54.31
16079;2014-01-09;54.29
16080;2014-01-10;54.31
16083;2014-01-13;54.32
16084;2014-01-14;54.33
16085;2014-01-15;54.4
16086;2014-01-16;54.45
16087;2014-01-17;54.47
16090;2014-01-20;54.51
16091;2014-01-21;54.58
16092;2014-01-22;54.6
16093;2014-01-23;54.49
16094;2014-01-24;54.26
16097;2014-01-27;54.12
16098;2014-01-28;54.16
16099;2014-01-29;54.12
16100;2014-01-30;54.26
16101;2014-01-31;54.22
16104;2014-02-03;54.1
16105;2014-02-04;54.04
16106;2014-02-05;54.03
16107;2014-02-06;54.11
16108;2014-02-07;54.23
16111;2014-02-10;54.25
16112;2014-02-11;54.34
16113;2014-02-12;54.38
16114;2014-02-13;54.48
16115;2014-02-14;54.54
16118;2014-02-17;54.55
16119;2014-02-18;54.52
16120;2014-02-19;54.43
16121;2014-02-20;54.53
16122;2014-02-21;54.57
16125;2014-02-24;54.61
16126;2014-02-25;54.61
16127;2014-02-26;54.61
16128;2014-02-27;54.63
16129;2014-02-28;54.62
16132;2014-03-03;54.46
16133;2014-03-04;54.59
16134;2014-03-05;54.61
16135;2014-03-06;54.62
16136;2014-03-07;54.55
16139;2014-03-10;54.53
16140;2014-03-11;54.57
16141;2014-03-12;54.48
16142;2014-03-13;54.42
16143;2014-03-14;54.38
16146;2014-03-17;54.44
16147;2014-03-18;54.51
16148;2014-03-19;54.42
16149;2014-03-20;54.45
16150;2014-03-21;54.47
16153;2014-03-24;54.45
16154;2014-03-25;54.58
16155;2014-03-26;54.63
16156;2014-03-27;54.58
16157;2014-03-28;54.63
16160;2014-03-31;54.67
16161;2014-04-01;54.68
16162;2014-04-02;54.7
16163;2014-04-03;54.68
16164;2014-04-04;54.67
16167;2014-04-07;54.63
16168;2014-04-08;54.62
16169;2014-04-09;54.65
16170;2014-04-10;54.61
16171;2014-04-11;54.5
16174;2014-04-14;54.58
16175;2014-04-15;54.55
16176;2014-04-16;54.59
16177;2014-04-17;54.63
16182;2014-04-22;54.67
16183;2014-04-23;54.64
16184;2014-04-24;54.65
16185;2014-04-25;54.61
16188;2014-04-28;54.65
16189;2014-04-29;54.73
16190;2014-04-30;54.74
16192;2014-05-02;54.69
16195;2014-05-05;54.73
16196;2014-05-06;54.71
16197;2014-05-07;54.74
16199;2014-05-09;54.86
16202;2014-05-12;54.94
16203;2014-05-13;54.98
16204;2014-05-14;55.04
16205;2014-05-15;55.04
16206;2014-05-16;55.07
16209;2014-05-19;55.07
16210;2014-05-20;55.01
16211;2014-05-21;55.04
16212;2014-05-22;55.04
16213;2014-05-23;55.1
16216;2014-05-26;55.12
16217;2014-05-27;55.15
16218;2014-05-28;55.14
16220;2014-05-30;55.21
16223;2014-06-02;55.22
16224;2014-06-03;55.17
16225;2014-06-04;55.15
16226;2014-06-05;55.2
16227;2014-06-06;55.22
16231;2014-06-10;55.31
16232;2014-06-11;55.22
16233;2014-06-12;55.2
16234;2014-06-13;55.24
16237;2014-06-16;55.2
16238;2014-06-17;55.18
16239;2014-06-18;55.19
16240;2014-06-19;55.18
16241;2014-06-20;55.22
16244;2014-06-23;55.17
16245;2014-06-24;55.16
16246;2014-06-25;55.1
16247;2014-06-26;55.04
16248;2014-06-27;55.02
16251;2014-06-30;54.98
16252;2014-07-01;55.07
16253;2014-07-02;55.02
16254;2014-07-03;55.12
16255;2014-07-04;55.13
16258;2014-07-07;55.09
16259;2014-07-08;55.01
16260;2014-07-09;54.96
16261;2014-07-10;54.92
16262;2014-07-11;54.92
16266;2014-07-15;55.02
16267;2014-07-16;55.18
16268;2014-07-17;55.06
16269;2014-07-18;55.08
16272;2014-07-21;55.06
16273;2014-07-22;55.12
16274;2014-07-23;55.14
16275;2014-07-24;55.1
16276;2014-07-25;55.07
16279;2014-07-28;55.04
16280;2014-07-29;55.06
16281;2014-07-30;55.08
16282;2014-07-31;54.95
16283;2014-08-01;54.85
16286;2014-08-04;54.79
16287;2014-08-05;54.86
16288;2014-08-06;54.81
16289;2014-08-07;54.83
16290;2014-08-08;54.81
16293;2014-08-11;54.88
16294;2014-08-12;54.88
16295;2014-08-13;54.95
16296;2014-08-14;54.98
16300;2014-08-18;55.02
16301;2014-08-19;55.07
16302;2014-08-20;55.06
16303;2014-08-21;55.15
16304;2014-08-22;55.14
16307;2014-08-25;55.22
16308;2014-08-26;55.27
16309;2014-08-27;55.25
16310;2014-08-28;55.19
16311;2014-08-29;55.24
16314;2014-09-01;55.3
16315;2014-09-02;55.32
16316;2014-09-03;55.31
16317;2014-09-04;55.47
16318;2014-09-05;55.47
16321;2014-09-08;55.48
16322;2014-09-09;55.45
16323;2014-09-10;55.44
16324;2014-09-11;55.46
16325;2014-09-12;55.42
16328;2014-09-15;55.41
16329;2014-09-16;55.37
16330;2014-09-17;55.37
16331;2014-09-18;55.44
16332;2014-09-19;55.49
16335;2014-09-22;55.42
16336;2014-09-23;55.31
16337;2014-09-24;55.36
16338;2014-09-25;55.27
16339;2014-09-26;55.24
16342;2014-09-29;55.22
16343;2014-09-30;55.29
16344;2014-10-01;55.24
16345;2014-10-02;55.07
16346;2014-10-03;55.16
16349;2014-10-06;55.14
16350;2014-10-07;55.04
16351;2014-10-08;55.01
16352;2014-10-09;54.96
16353;2014-10-10;54.85
16356;2014-10-13;54.77
16357;2014-10-14;54.7
16358;2014-10-15;54.52
16359;2014-10-16;54.38
16360;2014-10-17;54.52
16363;2014-10-20;54.51
16364;2014-10-21;54.6
16365;2014-10-22;54.61
16366;2014-10-23;54.67
16367;2014-10-24;54.67
16370;2014-10-27;54.67
16371;2014-10-28;54.66
16372;2014-10-29;54.65
16373;2014-10-30;54.71
16374;2014-10-31;54.8
16377;2014-11-03;54.78
16378;2014-11-04;54.75
16379;2014-11-05;54.85
16380;2014-11-06;54.89
16381;2014-11-07;54.89
16384;2014-11-10;54.91
16386;2014-11-12;54.83
16387;2014-11-13;54.89
16388;2014-11-14;54.84
16391;2014-11-17;54.88
16392;2014-11-18;54.91
16393;2014-11-19;54.88
16394;2014-11-20;54.85
16395;2014-11-21;54.95
16398;2014-11-24;54.96
16399;2014-11-25;54.97
16400;2014-11-26;54.97
16401;2014-11-27;55.02
16402;2014-11-28;55.03
16405;2014-12-01;54.99
16406;2014-12-02;55.03
16407;2014-12-03;55.07
16408;2014-12-04;55.02
16409;2014-12-05;55.14
16412;2014-12-08;55.11
16413;2014-12-09;54.97
16414;2014-12-10;54.93
16415;2014-12-11;54.93
16416;2014-12-12;54.75
16419;2014-12-15;54.59
16420;2014-12-16;54.71
16421;2014-12-17;54.71
16422;2014-12-18;54.96
16423;2014-12-19;54.98
16426;2014-12-22;55.06
16427;2014-12-23;55.15
16428;2014-12-24;55.16
16433;2014-12-29;55.15
16434;2014-12-30;55.08
16435;2014-12-31;55.14
16437;2015-01-02;55.24
16440;2015-01-05;54.96
16441;2015-01-06;54.83
16442;2015-01-07;54.9
16443;2015-01-08;55.08
16444;2015-01-09;55.03
16447;2015-01-12;55.01
16448;2015-01-13;55.13
16449;2015-01-14;55.03
16450;2015-01-15;55.21
16451;2015-01-16;55.3
16454;2015-01-19;55.34
16455;2015-01-20;55.4
16456;2015-01-21;55.41
16457;2015-01-22;55.57
16458;2015-01-23;55.75
16461;2015-01-26;55.79
16462;2015-01-27;55.68
16463;2015-01-28;55.62
16464;2015-01-29;55.65
16465;2015-01-30;55.57
16468;2015-02-02;55.54
16469;2015-02-03;55.65
16470;2015-02-04;55.68
16471;2015-02-05;55.71
16472;2015-02-06;55.73
16475;2015-02-09;55.59
16476;2015-02-10;55.71
16477;2015-02-11;55.7
16478;2015-02-12;55.77
16479;2015-02-13;55.84
16482;2015-02-16;55.9
16483;2015-02-17;55.88
16484;2015-02-18;55.98
16485;2015-02-19;56.01
16486;2015-02-20;56.02
16489;2015-02-23;56.08
16490;2015-02-24;56.14
16491;2015-02-25;56.07
16492;2015-02-26;56.22
16493;2015-02-27;56.32
16496;2015-03-02;56.32
16497;2015-03-03;56.19
16498;2015-03-04;56.3
16499;2015-03-05;56.38
16500;2015-03-06;56.41
16503;2015-03-09;56.44
16504;2015-03-10;56.34
16505;2015-03-11;56.44
16506;2015-03-12;56.47
16507;2015-03-13;56.46
16510;2015-03-16;56.56
16511;2015-03-17;56.47
16512;2015-03-18;56.57
16513;2015-03-19;56.59
16514;2015-03-20;56.69
16517;2015-03-23;56.71
16518;2015-03-24;56.71
16519;2015-03-25;56.57
16520;2015-03-26;56.53
16521;2015-03-27;56.61
16524;2015-03-30;56.82
16525;2015-03-31;56.78
16526;2015-04-01;56.81
16527;2015-04-02;56.87
16532;2015-04-07;57.02
16533;2015-04-08;57.03
16534;2015-04-09;57.18
16535;2015-04-10;57.26
16538;2015-04-13;57.31
16539;2015-04-14;57.24
16540;2015-04-15;57.36
16541;2015-04-16;57.28
16542;2015-04-17;57.11
16545;2015-04-20;57.26
16546;2015-04-21;57.27
16547;2015-04-22;57.32
16548;2015-04-23;57.36
16549;2015-04-24;57.41
16552;2015-04-27;57.56
16553;2015-04-28;57.46
16554;2015-04-29;57.24
16555;2015-04-30;57.22
16559;2015-05-04;57.32
16560;2015-05-05;57.17
16561;2015-05-06;57.08
16562;2015-05-07;57.06
16566;2015-05-11;57.27
16567;2015-05-12;57.18
16568;2015-05-13;57.21
16573;2015-05-18;57.32
16574;2015-05-19;57.45
16575;2015-05-20;57.5
16576;2015-05-21;57.54
16577;2015-05-22;57.54
16581;2015-05-26;57.48
16582;2015-05-27;57.61
16583;2015-05-28;57.55
16584;2015-05-29;57.34
16587;2015-06-01;57.35
16588;2015-06-02;57.28
16589;2015-06-03;57.26
16590;2015-06-04;57.16
16591;2015-06-05;57.09
16594;2015-06-08;56.99
16595;2015-06-09;56.96
16596;2015-06-10;57.16
16597;2015-06-11;57.18
16598;2015-06-12;57.09
16601;2015-06-15;56.94
16602;2015-06-16;56.93
16604;2015-06-18;56.87
16605;2015-06-19;56.91
16608;2015-06-22;57.04
16610;2015-06-24;57.12
16611;2015-06-25;57.12
16612;2015-06-26;57.16
16615;2015-06-29;56.95
16616;2015-06-30;56.88
16617;2015-07-01;56.99
16618;2015-07-02;56.97
16619;2015-07-03;56.93
16622;2015-07-06;56.82
16623;2015-07-07;56.75
16624;2015-07-08;56.73
16625;2015-07-09;56.85
16626;2015-07-10;56.99
16629;2015-07-13;57.14
16631;2015-07-15;57.21
16632;2015-07-16;57.29
16633;2015-07-17;57.35
16636;2015-07-20;57.39
16637;2015-07-21;57.33
16638;2015-07-22;57.26
16639;2015-07-23;57.22
16640;2015-07-24;57.21
16643;2015-07-27;57
16644;2015-07-28;57.08
16645;2015-07-29;57.11
16646;2015-07-30;57.19
16650;2015-08-03;57.25
16651;2015-08-04;57.27
16652;2015-08-05;57.32
16653;2015-08-06;57.3
16654;2015-08-07;57.2
16657;2015-08-10;57.25
16658;2015-08-11;57.16
16659;2015-08-12;57
16660;2015-08-13;57.11
16661;2015-08-14;57.15
16664;2015-08-17;57.16
16665;2015-08-18;57.16
16666;2015-08-19;57.04
16667;2015-08-20;56.86
16668;2015-08-21;56.61
16671;2015-08-24;56.25
16672;2015-08-25;56.41
16673;2015-08-26;56.36
16674;2015-08-27;56.49
16675;2015-08-28;56.49
16678;2015-08-31;56.5
16679;2015-09-01;56.25
16680;2015-09-02;56.27
16681;2015-09-03;56.39
16682;2015-09-04;56.27
16685;2015-09-07;56.23
16686;2015-09-08;56.29
16687;2015-09-09;56.36
16688;2015-09-10;56.29
16689;2015-09-11;56.2
16692;2015-09-14;56.12
16693;2015-09-15;56.16
16694;2015-09-16;56.2
16695;2015-09-17;56.19
16696;2015-09-18;56.13
16699;2015-09-21;56.13
16700;2015-09-22;56.02
16701;2015-09-23;56
16702;2015-09-24;55.83
16703;2015-09-25;55.97
16706;2015-09-28;55.84
16707;2015-09-29;55.79
16708;2015-09-30;55.88
16710;2015-10-02;55.88
16713;2015-10-05;56.03
16714;2015-10-06;56.06
16715;2015-10-07;56.05
16716;2015-10-08;56.05
16717;2015-10-09;56.06
16720;2015-10-12;56.04
16721;2015-10-13;55.99
16722;2015-10-14;55.96
16723;2015-10-15;56.01
16724;2015-10-16;56.04
16727;2015-10-19;56.06
16728;2015-10-20;56.03
16729;2015-10-21;56.04
16730;2015-10-22;56.16
16731;2015-10-23;56.27
16734;2015-10-26;56.27
16735;2015-10-27;56.25
16736;2015-10-28;56.3
16737;2015-10-29;56.23
16738;2015-10-30;56.25
16741;2015-11-02;56.26
16742;2015-11-03;56.29
16743;2015-11-04;56.38
16744;2015-11-05;56.35
16745;2015-11-06;56.39
16748;2015-11-09;56.35
16749;2015-11-10;56.33
16751;2015-11-12;56.3
16752;2015-11-13;56.26
16755;2015-11-16;56.25
16756;2015-11-17;56.34
16757;2015-11-18;56.36
16758;2015-11-19;56.39
16759;2015-11-20;56.41
16762;2015-11-23;56.39
16763;2015-11-24;56.29
16764;2015-11-25;56.34
16765;2015-11-26;56.43
16766;2015-11-27;56.41
16769;2015-11-30;56.45
16770;2015-12-01;56.44
16771;2015-12-02;56.43
16772;2015-12-03;56.23
16773;2015-12-04;56.22
16776;2015-12-07;56.25
16777;2015-12-08;56.13
16778;2015-12-09;56.05
16779;2015-12-10;56.03
16780;2015-12-11;55.94
16783;2015-12-14;55.82
16784;2015-12-15;55.93
16785;2015-12-16;55.97
16786;2015-12-17;56
16787;2015-12-18;55.95
16790;2015-12-21;55.88
16791;2015-12-22;55.89
16792;2015-12-23;56.04
16793;2015-12-24;56.04
16797;2015-12-28;56.02
16798;2015-12-29;56.09
16799;2015-12-30;56.06
16800;2015-12-31;56.04
16804;2016-01-04;55.87
16805;2016-01-05;55.88
16806;2016-01-06;55.76
16807;2016-01-07;55.59
16808;2016-01-08;55.51
16811;2016-01-11;55.48
16812;2016-01-12;55.59
16813;2016-01-13;55.61
16814;2016-01-14;55.53
16815;2016-01-15;55.33
16818;2016-01-18;55.26
16819;2016-01-19;55.41
16820;2016-01-20;55.2
16821;2016-01-21;55.31
16822;2016-01-22;55.5
16825;2016-01-25;55.44
16826;2016-01-26;55.51
16827;2016-01-27;55.53
16828;2016-01-28;55.4
16829;2016-01-29;55.57
16832;2016-02-01;55.58
16833;2016-02-02;55.4
16834;2016-02-03;55.29
16835;2016-02-04;55.26
16836;2016-02-05;55.23
16839;2016-02-08;54.95
16840;2016-02-09;54.8
16841;2016-02-10;54.96
16842;2016-02-11;54.59
16843;2016-02-12;54.73
16846;2016-02-15;54.95
16847;2016-02-16;54.94
16848;2016-02-17;55.13
16849;2016-02-18;55.23
16850;2016-02-19;55.17
16853;2016-02-22;55.3
16854;2016-02-23;55.23
16855;2016-02-24;55.18
16856;2016-02-25;55.31
16857;2016-02-26;55.44
16860;2016-02-29;55.51
16861;2016-03-01;55.64
16862;2016-03-02;55.6
16863;2016-03-03;55.63
16864;2016-03-04;55.75
16867;2016-03-07;55.75
16868;2016-03-08;55.69
16869;2016-03-09;55.72
16870;2016-03-10;55.62
16871;2016-03-11;55.81
16874;2016-03-14;55.87
16875;2016-03-15;55.81
16876;2016-03-16;55.8
16877;2016-03-17;55.77
16878;2016-03-18;55.87
16881;2016-03-21;55.86
16882;2016-03-22;55.92
16883;2016-03-23;55.89
16884;2016-03-24;55.76
16889;2016-03-29;55.81
16890;2016-03-30;55.94
16891;2016-03-31;55.89
16892;2016-04-01;55.86
16895;2016-04-04;55.87
16896;2016-04-05;55.7
16897;2016-04-06;55.78
16898;2016-04-07;55.66
16899;2016-04-08;55.77
16902;2016-04-11;55.77
16903;2016-04-12;55.8
16904;2016-04-13;56.06
16905;2016-04-14;56.07
16906;2016-04-15;56.03
16909;2016-04-18;56.07
16910;2016-04-19;56.1
16911;2016-04-20;56.15
16912;2016-04-21;56.21
16913;2016-04-22;56.19
16916;2016-04-25;56.15
16917;2016-04-26;56.12
16918;2016-04-27;56.15
16919;2016-04-28;56.16
16920;2016-04-29;56.02
16923;2016-05-02;56.03
16924;2016-05-03;55.88
16925;2016-05-04;55.87
16927;2016-05-06;55.86
16930;2016-05-09;55.87
16931;2016-05-10;55.94
16932;2016-05-11;55.95
16933;2016-05-12;55.87
16934;2016-05-13;55.92
16938;2016-05-17;55.94
16939;2016-05-18;55.98
16940;2016-05-19;55.92
16941;2016-05-20;56.02
16944;2016-05-23;56.04
16945;2016-05-24;56.2
16946;2016-05-25;56.34
16947;2016-05-26;56.37
16948;2016-05-27;56.38
16951;2016-05-30;56.38
16952;2016-05-31;56.34
16953;2016-06-01;56.31
16954;2016-06-02;56.33
16955;2016-06-03;56.23
16958;2016-06-06;56.23
16959;2016-06-07;56.27
16960;2016-06-08;56.21
16961;2016-06-09;56.15
16962;2016-06-10;55.94
16965;2016-06-13;55.74
16966;2016-06-14;55.61
16967;2016-06-15;55.68
16968;2016-06-16;55.59
16969;2016-06-17;55.7
16972;2016-06-20;55.94
16973;2016-06-21;55.98
16974;2016-06-22;56
16976;2016-06-24;55.49
16979;2016-06-27;55.02
16980;2016-06-28;55.2
16981;2016-06-29;55.44
16982;2016-06-30;55.59
16983;2016-07-01;55.68
16986;2016-07-04;55.62
16987;2016-07-05;55.48
16988;2016-07-06;55.32
16989;2016-07-07;55.36
16990;2016-07-08;55.53
16993;2016-07-11;55.67
16994;2016-07-12;55.82
16995;2016-07-13;55.81
16997;2016-07-15;55.9
17000;2016-07-18;55.97
17001;2016-07-19;55.92
17002;2016-07-20;56.01
17003;2016-07-21;56
17004;2016-07-22;56.02
17007;2016-07-25;56.09
17008;2016-07-26;56.09
17009;2016-07-27;56.2
17010;2016-07-28;56.13
17011;2016-07-29;56.19
17014;2016-08-01;56.15
17015;2016-08-02;56
17016;2016-08-03;55.99
17017;2016-08-04;56.11
17018;2016-08-05;56.23
17021;2016-08-08;56.26
17022;2016-08-09;56.37
17023;2016-08-10;56.38
17024;2016-08-11;56.44
17025;2016-08-12;56.41
17029;2016-08-16;56.33
17030;2016-08-17;56.25
17031;2016-08-18;56.31
17032;2016-08-19;56.25
17035;2016-08-22;56.31
17036;2016-08-23;56.39
17037;2016-08-24;56.47
17038;2016-08-25;56.39
17039;2016-08-26;56.43
17042;2016-08-29;56.42
17043;2016-08-30;56.49
17044;2016-08-31;56.56
17045;2016-09-01;56.61
17046;2016-09-02;56.73
17049;2016-09-05;56.76
17050;2016-09-06;56.7
17051;2016-09-07;56.72
17052;2016-09-08;56.69
17053;2016-09-09;56.59
17056;2016-09-12;56.48
17057;2016-09-13;56.41
17058;2016-09-14;56.39
17059;2016-09-15;56.43
17060;2016-09-16;56.34
17063;2016-09-19;56.43
17064;2016-09-20;56.4
17065;2016-09-21;56.44
17066;2016-09-22;56.56
17067;2016-09-23;56.51
17070;2016-09-26;56.35
17071;2016-09-27;56.28
17072;2016-09-28;56.36
17073;2016-09-29;56.31
17074;2016-09-30;56.28
17077;2016-10-03;56.32
17078;2016-10-04;56.35
17079;2016-10-05;56.36
17080;2016-10-06;56.33
17081;2016-10-07;56.23
17084;2016-10-10;56.28
17085;2016-10-11;56.24
17086;2016-10-12;56.24
17087;2016-10-13;56.16
17088;2016-10-14;56.25
17091;2016-10-17;56.22
17092;2016-10-18;56.3
17093;2016-10-19;56.38
17094;2016-10-20;56.36
17095;2016-10-21;56.4
17098;2016-10-24;56.46
17099;2016-10-25;56.45
17100;2016-10-26;56.43
17101;2016-10-27;56.38
17102;2016-10-28;56.38
17105;2016-10-31;56.3
17107;2016-11-02;56.09
17108;2016-11-03;56.09
17109;2016-11-04;56.03
17112;2016-11-07;56.15
17113;2016-11-08;56.2
17114;2016-11-09;56.33
17115;2016-11-10;56.44
17119;2016-11-14;56.31
17120;2016-11-15;56.33
17121;2016-11-16;56.34
17122;2016-11-17;56.38
17123;2016-11-18;56.36
17126;2016-11-21;56.39
17127;2016-11-22;56.44
17128;2016-11-23;56.4
17129;2016-11-24;56.44
17130;2016-11-25;56.44
17133;2016-11-28;56.39
17134;2016-11-29;56.44
17135;2016-11-30;56.48
17136;2016-12-01;56.51
17137;2016-12-02;56.4
17140;2016-12-05;56.49
17141;2016-12-06;56.68
17142;2016-12-07;56.81
17143;2016-12-08;57
17144;2016-12-09;57.14
17147;2016-12-12;57.17
17148;2016-12-13;57.24
17149;2016-12-14;57.23
17150;2016-12-15;57.38
17151;2016-12-16;57.4
17154;2016-12-19;57.42
17155;2016-12-20;57.48
17156;2016-12-21;57.49
17157;2016-12-22;57.48
17158;2016-12-23;57.49
17162;2016-12-27;57.48
17163;2016-12-28;57.54
17164;2016-12-29;57.5
17165;2016-12-30;57.52
17168;2017-01-02;57.59
17169;2017-01-03;57.74
17170;2017-01-04;57.74
17171;2017-01-05;57.68
17172;2017-01-06;57.68
17175;2017-01-09;57.63
17176;2017-01-10;57.56
17177;2017-01-11;57.61
17178;2017-01-12;57.54
17179;2017-01-13;57.63
17182;2017-01-16;57.6
17183;2017-01-17;57.63
17184;2017-01-18;57.61
17185;2017-01-19;57.6
17186;2017-01-20;57.59
17189;2017-01-23;57.58
17190;2017-01-24;57.68
17191;2017-01-25;57.84
17192;2017-01-26;57.84
17193;2017-01-27;57.77
17196;2017-01-30;57.67
17197;2017-01-31;57.57
17198;2017-02-01;57.67
17199;2017-02-02;57.66
17200;2017-02-03;57.71
17203;2017-02-06;57.65
17204;2017-02-07;57.58
17205;2017-02-08;57.57
17206;2017-02-09;57.65
17207;2017-02-10;57.63
17210;2017-02-13;57.72
17211;2017-02-14;57.71
17212;2017-02-15;57.78
17213;2017-02-16;57.71
17214;2017-02-17;57.63
17217;2017-02-20;57.65
17218;2017-02-21;57.69
17219;2017-02-22;57.7
17220;2017-02-23;57.7
17221;2017-02-24;57.61
17224;2017-02-27;57.66
17225;2017-02-28;57.69
17226;2017-03-01;57.8
17227;2017-03-02;57.84
17228;2017-03-03;57.88
17231;2017-03-06;57.81
17232;2017-03-07;57.78
17233;2017-03-08;57.8
17234;2017-03-09;57.83
17235;2017-03-10;57.9
17238;2017-03-13;57.9
17239;2017-03-14;57.84
17240;2017-03-15;57.87
17241;2017-03-16;57.95
17242;2017-03-17;57.98
17245;2017-03-20;57.96
17246;2017-03-21;57.97
17247;2017-03-22;57.84
17248;2017-03-23;57.9
17249;2017-03-24;57.9
17252;2017-03-27;57.87
17253;2017-03-28;57.92
17254;2017-03-29;57.96
17255;2017-03-30;57.99
17256;2017-03-31;58.06
17259;2017-04-03;58.01
17260;2017-04-04;57.98
17261;2017-04-05;57.98
17262;2017-04-06;57.98
17263;2017-04-07;58
17266;2017-04-10;57.99
17267;2017-04-11;57.94
17268;2017-04-12;57.93
17269;2017-04-13;57.89
17274;2017-04-18;57.76
17275;2017-04-19;57.78
17276;2017-04-20;57.87
17277;2017-04-21;57.85
17280;2017-04-24;58.19
17281;2017-04-25;58.2
17282;2017-04-26;58.25
17283;2017-04-27;58.27
17284;2017-04-28;58.23
17288;2017-05-02;58.36
17289;2017-05-03;58.36
17290;2017-05-04;58.48
17291;2017-05-05;58.53
17295;2017-05-09;58.52
17296;2017-05-10;58.5
17297;2017-05-11;58.4
17298;2017-05-12;58.47
17301;2017-05-15;58.48
17302;2017-05-16;58.49
17303;2017-05-17;58.33
17304;2017-05-18;58.23
17305;2017-05-19;58.34
17308;2017-05-22;58.36
17309;2017-05-23;58.43
17310;2017-05-24;58.48
17312;2017-05-26;58.52
17315;2017-05-29;58.52
17316;2017-05-30;58.53
17318;2017-06-01;58.57
17319;2017-06-02;58.63
17330;2017-06-13;58.54
17331;2017-06-14;58.58
17332;2017-06-15;58.52
17333;2017-06-16;58.59
17336;2017-06-19;58.67
17337;2017-06-20;58.68
17338;2017-06-21;58.65
17339;2017-06-22;58.64
17343;2017-06-26;58.67
17344;2017-06-27;58.63
17345;2017-06-28;58.61
17346;2017-06-29;58.51
17347;2017-06-30;58.48
17350;2017-07-03;58.59
17351;2017-07-04;58.59
17352;2017-07-05;58.61
17353;2017-07-06;58.56
17357;2017-07-10;58.63
17358;2017-07-11;58.6
17359;2017-07-12;58.72
17364;2017-07-17;58.76
17365;2017-07-18;58.68
17366;2017-07-19;58.7
17367;2017-07-20;58.68
17368;2017-07-21;58.57
17371;2017-07-24;58.46
17372;2017-07-25;58.46
17373;2017-07-26;58.54
17374;2017-07-27;58.58
17375;2017-07-28;58.5
17378;2017-07-31;58.5
17379;2017-08-01;58.56
17380;2017-08-02;58.58
17381;2017-08-03;58.58
17382;2017-08-04;58.64
17385;2017-08-07;58.64
17386;2017-08-08;58.63
17387;2017-08-09;58.53
17388;2017-08-10;58.47
17389;2017-08-11;58.34
17392;2017-08-14;58.41
17394;2017-08-16;58.53
17395;2017-08-17;58.46
17396;2017-08-18;58.39
17399;2017-08-21;58.32
17400;2017-08-22;58.38
17401;2017-08-23;58.38
17402;2017-08-24;58.36
17403;2017-08-25;58.35
17406;2017-08-28;58.29
17407;2017-08-29;58.18
17408;2017-08-30;58.24
17409;2017-08-31;58.37
17410;2017-09-01;58.42
17413;2017-09-04;58.33
17414;2017-09-05;58.36
17415;2017-09-06;58.31
17416;2017-09-07;58.28
17417;2017-09-08;58.3
17420;2017-09-11;58.43
17421;2017-09-12;58.53
17422;2017-09-13;58.54
17423;2017-09-14;58.57
17424;2017-09-15;58.54
17427;2017-09-18;58.59
17428;2017-09-19;58.65
17429;2017-09-20;58.63
17430;2017-09-21;58.65
17431;2017-09-22;58.65
17434;2017-09-25;58.68
17435;2017-09-26;58.67
17436;2017-09-27;58.7
17437;2017-09-28;58.73
17438;2017-09-29;58.8
17441;2017-10-02;58.87
17442;2017-10-03;58.9
17443;2017-10-04;58.89
17444;2017-10-05;58.88
17445;2017-10-06;58.88
17448;2017-10-09;58.91
17449;2017-10-10;58.91
17450;2017-10-11;58.84
17451;2017-10-12;58.83
17452;2017-10-13;58.83
17455;2017-10-16;58.81
17456;2017-10-17;58.77
17457;2017-10-18;58.83
17458;2017-10-19;58.76
17459;2017-10-20;58.8
17462;2017-10-23;58.79
17463;2017-10-24;58.73
17464;2017-10-25;58.68
17466;2017-10-27;58.85
17469;2017-10-30;58.89
17470;2017-10-31;58.87
17472;2017-11-02;58.89
17473;2017-11-03;58.9
17476;2017-11-06;58.89
17477;2017-11-07;58.88
17478;2017-11-08;58.87
17479;2017-11-09;58.76
17480;2017-11-10;58.71
17483;2017-11-13;58.66
17484;2017-11-14;58.65
17485;2017-11-15;58.59
17486;2017-11-16;58.64
17487;2017-11-17;58.63
17490;2017-11-20;58.7
17491;2017-11-21;58.76
17492;2017-11-22;58.74
17493;2017-11-23;58.73
17494;2017-11-24;58.74
17497;2017-11-27;58.74
17498;2017-11-28;58.78
17499;2017-11-29;58.79
17500;2017-11-30;58.76
17501;2017-12-01;58.72
17504;2017-12-04;58.84
17505;2017-12-05;58.82
17506;2017-12-06;58.76
17507;2017-12-07;58.76
17508;2017-12-08;58.81
17511;2017-12-11;58.84
17512;2017-12-12;58.95
17513;2017-12-13;58.95
17514;2017-12-14;58.92
17515;2017-12-15;58.91
17518;2017-12-18;58.96
17519;2017-12-19;58.96
17520;2017-12-20;58.92
17521;2017-12-21;58.93
17522;2017-12-22;58.93
17527;2017-12-27;58.93
17528;2017-12-28;58.91
17529;2017-12-29;58.88
17533;2018-01-02;58.86
17534;2018-01-03;58.92
17535;2018-01-04;59.05
17536;2018-01-05;59.11
17539;2018-01-08;59.18
17540;2018-01-09;59.21
17541;2018-01-10;59.21
17542;2018-01-11;59.21
17543;2018-01-12;59.22
17546;2018-01-15;59.23
17547;2018-01-16;59.26
17548;2018-01-17;59.25
17549;2018-01-18;59.28
17550;2018-01-19;59.31
17553;2018-01-22;59.37
17554;2018-01-23;59.37
17555;2018-01-24;59.3
17556;2018-01-25;59.27
17557;2018-01-26;59.32
17560;2018-01-29;59.31
17561;2018-01-30;59.2
17562;2018-01-31;59.19
17563;2018-02-01;59.18
17564;2018-02-02;59.07
17567;2018-02-05;58.93
17568;2018-02-06;58.7
17569;2018-02-07;58.82
17570;2018-02-08;58.7
17571;2018-02-09;58.61
17574;2018-02-12;58.69
17575;2018-02-13;58.67
17576;2018-02-14;58.78
17577;2018-02-15;58.87
17578;2018-02-16;58.94
17581;2018-02-19;58.9
17582;2018-02-20;58.95
17583;2018-02-21;58.97
17584;2018-02-22;59
17585;2018-02-23;58.99
17588;2018-02-26;59
17589;2018-02-27;58.98
17590;2018-02-28;58.94
17591;2018-03-01;58.82
17592;2018-03-02;58.67
17595;2018-03-05;58.71
17596;2018-03-06;58.72
17597;2018-03-07;58.74
17598;2018-03-08;58.86
17599;2018-03-09;58.92
17602;2018-03-12;58.95
17603;2018-03-13;58.89
17604;2018-03-14;58.88
17605;2018-03-15;58.91
17606;2018-03-16;58.89
17609;2018-03-19;58.85
17610;2018-03-20;58.86
17611;2018-03-21;58.83
17612;2018-03-22;58.68
17613;2018-03-23;58.59
17616;2018-03-26;58.5
17617;2018-03-27;58.57
17618;2018-03-28;58.6
17619;2018-03-29;58.62
17624;2018-04-03;58.56
17625;2018-04-04;58.51
17626;2018-04-05;58.63
17627;2018-04-06;58.64
17630;2018-04-09;58.64
17631;2018-04-10;58.67
17632;2018-04-11;58.61
17633;2018-04-12;58.63
17634;2018-04-13;58.63
17637;2018-04-16;58.62
17638;2018-04-17;58.66
17639;2018-04-18;58.64
17640;2018-04-19;58.63
17641;2018-04-20;58.65
17644;2018-04-23;58.68
17645;2018-04-24;58.67
17646;2018-04-25;58.66
17647;2018-04-26;58.7
17648;2018-04-27;58.75
17651;2018-04-30;58.77
17653;2018-05-02;58.8
17654;2018-05-03;58.78
17655;2018-05-04;58.82
17658;2018-05-07;58.88
17660;2018-05-09;58.9
17662;2018-05-11;58.93
17665;2018-05-14;58.9
17666;2018-05-15;58.91
17667;2018-05-16;58.94
17668;2018-05-17;58.96
17669;2018-05-18;58.95
17673;2018-05-22;59.03
17674;2018-05-23;58.94
17675;2018-05-24;58.91
17676;2018-05-25;58.93
17679;2018-05-28;58.93
17680;2018-05-29;58.76
17681;2018-05-30;58.72
17682;2018-05-31;58.71
17683;2018-06-01;58.82
17686;2018-06-04;58.85
17687;2018-06-05;58.84
17688;2018-06-06;58.81
17689;2018-06-07;58.79
17690;2018-06-08;58.74
17693;2018-06-11;58.78
17694;2018-06-12;58.79
17695;2018-06-13;58.79
17696;2018-06-14;58.95
17697;2018-06-15;58.96
17700;2018-06-18;58.87
17701;2018-06-19;58.81
17702;2018-06-20;58.77
17703;2018-06-21;58.7
17704;2018-06-22;58.78
17707;2018-06-25;58.65
17708;2018-06-26;58.58
17709;2018-06-27;58.59
17710;2018-06-28;58.53
17711;2018-06-29;58.57
17714;2018-07-02;58.54
17715;2018-07-03;58.56
17716;2018-07-04;58.56
17717;2018-07-05;58.64
17718;2018-07-06;58.68
17721;2018-07-09;58.71
17722;2018-07-10;58.74
17723;2018-07-11;58.65
17724;2018-07-12;58.71
17725;2018-07-13;58.74
17728;2018-07-16;58.71
17729;2018-07-17;58.69
17730;2018-07-18;58.74
17731;2018-07-19;58.71
17732;2018-07-20;58.67
17735;2018-07-23;58.64
17736;2018-07-24;58.69
17737;2018-07-25;58.7
17738;2018-07-26;58.83
17739;2018-07-27;58.87
17742;2018-07-30;58.85
17743;2018-07-31;58.86
17744;2018-08-01;58.84
17745;2018-08-02;58.82
17746;2018-08-03;58.87
17749;2018-08-06;58.87
17750;2018-08-07;58.86
17751;2018-08-08;58.84
17752;2018-08-09;58.83
17753;2018-08-10;58.74
17756;2018-08-13;58.72
17757;2018-08-14;58.71
17759;2018-08-16;58.66
17760;2018-08-17;58.65
17763;2018-08-20;58.69
17764;2018-08-21;58.73
17765;2018-08-22;58.7
17766;2018-08-23;58.7
17767;2018-08-24;58.69
17770;2018-08-27;58.74
17771;2018-08-28;58.72
17772;2018-08-29;58.74
17773;2018-08-30;58.7
17774;2018-08-31;58.63
17777;2018-09-03;58.59
17778;2018-09-04;58.53
17779;2018-09-05;58.44
17780;2018-09-06;58.42
17781;2018-09-07;58.42
17784;2018-09-10;58.43
17785;2018-09-11;58.46
17786;2018-09-12;58.46
17787;2018-09-13;58.45
17788;2018-09-14;58.47
17791;2018-09-17;58.47
17792;2018-09-18;58.48
17793;2018-09-19;58.49
17794;2018-09-20;58.53
17795;2018-09-21;58.59
17798;2018-09-24;58.56
17799;2018-09-25;58.52
17800;2018-09-26;58.55
17801;2018-09-27;58.55
17802;2018-09-28;58.49
17805;2018-10-01;58.53
17806;2018-10-02;58.49
17807;2018-10-03;58.51
17808;2018-10-04;58.42
17809;2018-10-05;58.32
17812;2018-10-08;58.24
17813;2018-10-09;58.23
17814;2018-10-10;58.1
17815;2018-10-11;57.88
17816;2018-10-12;57.84
17819;2018-10-15;57.83
17820;2018-10-16;57.96
17821;2018-10-17;57.92
17822;2018-10-18;57.87
17823;2018-10-19;57.77
17826;2018-10-22;57.71
17827;2018-10-23;57.51
17828;2018-10-24;57.37
17829;2018-10-25;57.4
17830;2018-10-26;57.38
17833;2018-10-29;57.4
17834;2018-10-30;57.39
17835;2018-10-31;57.5
17837;2018-11-02;57.53
17840;2018-11-05;57.54
17841;2018-11-06;57.53
17842;2018-11-07;57.64
17843;2018-11-08;57.65
17844;2018-11-09;57.69
17847;2018-11-12;57.58
17848;2018-11-13;57.6
17849;2018-11-14;57.55
17850;2018-11-15;57.46
17851;2018-11-16;57.42
17854;2018-11-19;57.3
17855;2018-11-20;57.14
17856;2018-11-21;57.2
17857;2018-11-22;57.12
17858;2018-11-23;57.15
17861;2018-11-26;57.31
17862;2018-11-27;57.32
17863;2018-11-28;57.32
17864;2018-11-29;57.31
17868;2018-12-03;57.36
17869;2018-12-04;57.23
17870;2018-12-05;57.07
17871;2018-12-06;56.79
17872;2018-12-07;56.83
17875;2018-12-10;56.68
17876;2018-12-11;56.73
17877;2018-12-12;56.87
17878;2018-12-13;56.87
17879;2018-12-14;56.78
17882;2018-12-17;56.67
17883;2018-12-18;56.6
17884;2018-12-19;56.61
17885;2018-12-20;56.45
17886;2018-12-21;56.43
17889;2018-12-24;56.37
17892;2018-12-27;56.25
17893;2018-12-28;56.38
17896;2018-12-31;56.47
17898;2019-01-02;56.43
17899;2019-01-03;56.29
17900;2019-01-04;56.49
17903;2019-01-07;56.48
17904;2019-01-08;56.56
17905;2019-01-09;56.64
17906;2019-01-10;56.69
17907;2019-01-11;56.64
17910;2019-01-14;56.56
17911;2019-01-15;56.58
17912;2019-01-16;56.69
17913;2019-01-17;56.68
17914;2019-01-18;56.83
17917;2019-01-21;56.81
17918;2019-01-22;56.79
17919;2019-01-23;56.81
17920;2019-01-24;56.87
17921;2019-01-25;56.96
17924;2019-01-28;56.91
17925;2019-01-29;56.97
17927;2019-01-31;57.02
17928;2019-02-01;57.04
17931;2019-02-04;57.03
17932;2019-02-05;57.15
17933;2019-02-06;57.13
17934;2019-02-07;56.98
17935;2019-02-08;56.9
17938;2019-02-11;56.98
17939;2019-02-12;57.06
17940;2019-02-13;57.11
17941;2019-02-14;57.11
17942;2019-02-15;57.33
17945;2019-02-18;57.36
17946;2019-02-19;57.34
17947;2019-02-20;57.37
17948;2019-02-21;57.38
17949;2019-02-22;57.41
17952;2019-02-25;57.42
17953;2019-02-26;57.47
17955;2019-02-28;57.47
17956;2019-03-01;57.51
17959;2019-03-04;57.56
17960;2019-03-05;57.56
17961;2019-03-06;57.51
17962;2019-03-07;57.47
17963;2019-03-08;57.37
17966;2019-03-11;57.47
17967;2019-03-12;57.53
17968;2019-03-13;57.59
17969;2019-03-14;57.68
17970;2019-03-15;57.78
17973;2019-03-18;57.83
17974;2019-03-19;57.86
17975;2019-03-20;57.8
17976;2019-03-21;57.82
17977;2019-03-22;57.65
17980;2019-03-25;57.64
17981;2019-03-26;57.67
17982;2019-03-27;57.66
17983;2019-03-28;57.63
17984;2019-03-29;57.72
17987;2019-04-01;57.88
17988;2019-04-02;57.92
17989;2019-04-03;58.02
17990;2019-04-04;58.02
17991;2019-04-05;58.01
17994;2019-04-08;57.98
17995;2019-04-09;57.93
17996;2019-04-10;57.98
17997;2019-04-11;58.06
17998;2019-04-12;58.1
18001;2019-04-15;58.16
18002;2019-04-16;58.2
18003;2019-04-17;58.18
18004;2019-04-18;58.23
18009;2019-04-23;58.22
18010;2019-04-24;58.24
18011;2019-04-25;58.19
18012;2019-04-26;58.21
18015;2019-04-29;58.21
18016;2019-04-30;58.24
18018;2019-05-02;58.27
18019;2019-05-03;58.29
18022;2019-05-06;58.23
18023;2019-05-07;58.12
18026;2019-05-10;57.99
18029;2019-05-13;57.88
18030;2019-05-14;57.96
18031;2019-05-15;58.04
18032;2019-05-16;58.13
18033;2019-05-17;58.12
18036;2019-05-20;58.02
18037;2019-05-21;58.09
18038;2019-05-22;58.09
18039;2019-05-23;57.99
18040;2019-05-24;58.07
18043;2019-05-27;58.12
18044;2019-05-28;58.1
18047;2019-05-31;58.01
18050;2019-06-03;58.02
18051;2019-06-04;58.05
18052;2019-06-05;58.12
18053;2019-06-06;58.09
18054;2019-06-07;58.18
18058;2019-06-11;58.18
18059;2019-06-12;58.16
18060;2019-06-13;58.15
18061;2019-06-14;58.15
18064;2019-06-17;58.15
18065;2019-06-18;58.28
18066;2019-06-19;58.32
18067;2019-06-20;58.3
18068;2019-06-21;58.23
18071;2019-06-24;58.21
18072;2019-06-25;58.15
18073;2019-06-26;58.07
18074;2019-06-27;58.05
18075;2019-06-28;58.13
18078;2019-07-01;58.17
18079;2019-07-02;58.24
18080;2019-07-03;58.34
18082;2019-07-05;58.43
18085;2019-07-08;58.41
18086;2019-07-09;58.36
18087;2019-07-10;58.36
18088;2019-07-11;58.34
18089;2019-07-12;58.36
18092;2019-07-15;58.41
18093;2019-07-16;58.44
18094;2019-07-17;58.43
18095;2019-07-18;58.41
18096;2019-07-19;58.38
18099;2019-07-22;58.38
18100;2019-07-23;58.49
18101;2019-07-24;58.48
18102;2019-07-25;58.49
18103;2019-07-26;58.51
18106;2019-07-29;58.57
18107;2019-07-30;58.46
18108;2019-07-31;58.48
18109;2019-08-01;58.52
18110;2019-08-02;58.32
18113;2019-08-05;58.15
18114;2019-08-06;58.07
18115;2019-08-07;58.08
18116;2019-08-08;58.23
18117;2019-08-09;58.15
18120;2019-08-12;58.1
18121;2019-08-13;58.16
18122;2019-08-14;58.01
18124;2019-08-16;58.05
18127;2019-08-19;58.16
18128;2019-08-20;58.1
18129;2019-08-21;58.19
18130;2019-08-22;58.14
18131;2019-08-23;58.08
18134;2019-08-26;58.1
18135;2019-08-27;58.11
18136;2019-08-28;58.07
18137;2019-08-29;58.13
18138;2019-08-30;58.22
18141;2019-09-02;58.25
18142;2019-09-03;58.17
18143;2019-09-04;58.24
18144;2019-09-05;58.3
18145;2019-09-06;58.33
18148;2019-09-09;58.31
18149;2019-09-10;58.35
18150;2019-09-11;58.37
18151;2019-09-12;58.37
18152;2019-09-13;58.4
18155;2019-09-16;58.36
18156;2019-09-17;58.41
18157;2019-09-18;58.4
18158;2019-09-19;58.47
18159;2019-09-20;58.53
18162;2019-09-23;58.45
18163;2019-09-24;58.41
18164;2019-09-25;58.36
18165;2019-09-26;58.42
18166;2019-09-27;58.46
18169;2019-09-30;58.48
18170;2019-10-01;58.39
18171;2019-10-02;58.16
18172;2019-10-03;58.11
18173;2019-10-04;58.17
18176;2019-10-07;58.23
18177;2019-10-08;58.13
18178;2019-10-09;58.16
18179;2019-10-10;58.22
18180;2019-10-11;58.41
18183;2019-10-14;58.37
18184;2019-10-15;58.44
18185;2019-10-16;58.43
18186;2019-10-17;58.41
18187;2019-10-18;58.4
18190;2019-10-21;58.41
18191;2019-10-22;58.39
18192;2019-10-23;58.41
18193;2019-10-24;58.45
18194;2019-10-25;58.5
18197;2019-10-28;58.54
18198;2019-10-29;58.52
18200;2019-10-31;58.47
18204;2019-11-04;58.55
18205;2019-11-05;58.58
18206;2019-11-06;58.63
18207;2019-11-07;58.69
18208;2019-11-08;58.7
18212;2019-11-12;58.73
18213;2019-11-13;58.7
18214;2019-11-14;58.68
18215;2019-11-15;58.7
18218;2019-11-18;58.7
18219;2019-11-19;58.73
18220;2019-11-20;58.69
18221;2019-11-21;58.71
18222;2019-11-22;58.75
18225;2019-11-25;58.81
18226;2019-11-26;58.82
18227;2019-11-27;58.81
18228;2019-11-28;58.79
18229;2019-11-29;58.78
18232;2019-12-02;58.67
18233;2019-12-03;58.58
18234;2019-12-04;58.65
18235;2019-12-05;58.68
18236;2019-12-06;58.73
18239;2019-12-09;58.71
18240;2019-12-10;58.7
18241;2019-12-11;58.71
18242;2019-12-12;58.73
18243;2019-12-13;58.81
18246;2019-12-16;58.9
18247;2019-12-17;58.9
18248;2019-12-18;58.87
18249;2019-12-19;58.9
18250;2019-12-20;58.98
18253;2019-12-23;58.95
18254;2019-12-24;58.96
18257;2019-12-27;58.98
18260;2019-12-30;58.92
18261;2019-12-31;58.89
18263;2020-01-02;58.97
18264;2020-01-03;58.98
18267;2020-01-06;58.94
18268;2020-01-07;58.96
18269;2020-01-08;58.97
18270;2020-01-09;58.99
18271;2020-01-10;58.99
18274;2020-01-13;59
18275;2020-01-14;59
18276;2020-01-15;59.02
18277;2020-01-16;59.03
18278;2020-01-17;59.08
18281;2020-01-20;59.09
18282;2020-01-21;59.06
18283;2020-01-22;59.04
18284;2020-01-23;59.02
18285;2020-01-24;59.04
18288;2020-01-27;58.92
18289;2020-01-28;58.97
18290;2020-01-29;58.96
18291;2020-01-30;58.86
18292;2020-01-31;58.81
18295;2020-02-03;58.84
18296;2020-02-04;58.98
18297;2020-02-05;59.08
18298;2020-02-06;59.15
18299;2020-02-07;59.14
18302;2020-02-10;59.17
18303;2020-02-11;59.28
18304;2020-02-12;59.32
18305;2020-02-13;59.37
18306;2020-02-14;59.41
18309;2020-02-17;59.46
18310;2020-02-18;59.47
18311;2020-02-19;59.47
18312;2020-02-20;59.39
18313;2020-02-21;59.32
18316;2020-02-24;59.03
18317;2020-02-25;58.82
18318;2020-02-26;58.81
18319;2020-02-27;58.45
18320;2020-02-28;58.05
18323;2020-03-02;57.93
18324;2020-03-03;57.96
18325;2020-03-04;58.1
18326;2020-03-05;57.86
18327;2020-03-06;57.45
18330;2020-03-09;56.53
18331;2020-03-10;56.46
18332;2020-03-11;56.39
