15155;2011-06-30;101.29
15159;2011-07-04;102.1
15160;2011-07-05;102.19
15161;2011-07-06;101.81
15162;2011-07-07;101.82
15166;2011-07-11;101.25
15167;2011-07-12;100.14
15168;2011-07-13;100.43
15169;2011-07-14;100.45
15173;2011-07-18;99.22
15174;2011-07-19;99.31
15175;2011-07-20;99.64
15180;2011-07-25;99.7
15181;2011-07-26;100.09
15182;2011-07-27;99.72
15183;2011-07-28;99.29
15187;2011-08-01;99.8
15188;2011-08-02;99.79
15189;2011-08-03;99.56
15190;2011-08-04;99.82
15195;2011-08-09;93.86
15196;2011-08-10;94.41
15197;2011-08-11;94.22
15202;2011-08-16;94.15
15203;2011-08-17;94.67
15204;2011-08-18;94.53
15208;2011-08-22;92.43
15209;2011-08-23;92.4
15210;2011-08-24;93.13
15211;2011-08-25;93.19
15222;2011-09-05;94.74
15223;2011-09-06;94.3
15224;2011-09-07;95.08
15225;2011-09-08;95.26
15229;2011-09-12;93.91
15230;2011-09-13;94.1
15231;2011-09-14;94.3
15232;2011-09-15;94.43
15237;2011-09-20;95.01
15238;2011-09-21;95.22
15239;2011-09-22;95.06
15243;2011-09-26;93.75
15244;2011-09-27;94.12
15245;2011-09-28;93.76
15246;2011-09-29;93.61
15250;2011-10-03;92.38
15251;2011-10-04;91.31
15252;2011-10-05;91.66
15253;2011-10-06;92.06
15257;2011-10-10;93.37
15258;2011-10-11;93.69
15259;2011-10-12;93.74
15260;2011-10-13;93.77
15264;2011-10-17;94.49
15265;2011-10-18;94.6
15266;2011-10-19;94.06
15267;2011-10-20;94.06
15271;2011-10-24;94.59
15272;2011-10-25;94.77
15273;2011-10-26;94.87
15274;2011-10-27;95.21
15278;2011-10-31;96.73
15281;2011-11-03;96.5
15287;2011-11-09;96.75
15288;2011-11-10;96.65
15292;2011-11-14;96.7
15293;2011-11-15;96.46
15294;2011-11-16;96.17
15295;2011-11-17;96.11
15299;2011-11-21;94.67
15300;2011-11-22;94.16
15301;2011-11-23;93.76
15302;2011-11-24;93.67
15306;2011-11-28;93.94
15308;2011-11-30;94.05
15313;2011-12-05;95.99
15314;2011-12-06;95.75
15315;2011-12-07;96.14
15316;2011-12-08;96.27
15320;2011-12-12;96.62
15321;2011-12-13;96.01
15322;2011-12-14;96.17
15323;2011-12-15;95.62
15327;2011-12-19;95.37
15328;2011-12-20;95.52
15329;2011-12-21;95.43
15330;2011-12-22;95.27
15335;2011-12-27;95.99
15336;2011-12-28;96.33
15337;2011-12-29;96.47
15341;2012-01-02;96.17
15342;2012-01-03;96.76
15343;2012-01-04;96.68
15344;2012-01-05;96.58
15348;2012-01-09;96.43
15349;2012-01-10;96.24
15350;2012-01-11;96.57
15351;2012-01-12;96.51
15355;2012-01-16;95.3
15356;2012-01-17;94.93
15357;2012-01-18;94.86
15358;2012-01-19;94.63
15362;2012-01-23;95.1
15363;2012-01-24;95.53
15364;2012-01-25;96
15365;2012-01-26;96.58
15369;2012-01-30;97.46
15370;2012-01-31;98.84
15371;2012-02-01;99.57
15376;2012-02-06;100.29
15377;2012-02-07;100.12
15378;2012-02-08;100.79
15379;2012-02-09;100.77
15383;2012-02-13;101.29
15384;2012-02-14;101.2
15385;2012-02-15;100.77
15386;2012-02-16;100.58
15390;2012-02-20;101.85
15391;2012-02-21;102.24
15392;2012-02-22;102.96
15393;2012-02-23;103.25
15397;2012-02-27;105.22
15398;2012-02-28;105.8
15400;2012-03-01;106.79
15404;2012-03-05;108.37
15405;2012-03-06;107.87
15406;2012-03-07;106.49
15407;2012-03-08;106.93
15411;2012-03-12;109.13
15412;2012-03-13;109.25
15413;2012-03-14;110.08
15414;2012-03-15;109.84
15418;2012-03-19;110.24
15420;2012-03-21;108.96
15421;2012-03-22;108.99
15425;2012-03-26;111.87
15426;2012-03-27;111.73
15427;2012-03-28;112.22
15428;2012-03-29;112.15
15432;2012-04-02;113.19
15433;2012-04-03;113.41
15434;2012-04-04;113.24
15435;2012-04-05;113.12
15440;2012-04-10;110.48
15441;2012-04-11;110.68
15442;2012-04-12;110.86
15446;2012-04-16;108.47
15447;2012-04-17;109.52
15448;2012-04-18;110.6
15449;2012-04-19;110.24
15453;2012-04-23;110.89
15455;2012-04-25;110.89
15456;2012-04-26;110.84
15460;2012-04-30;111.07
15463;2012-05-03;110.6
15468;2012-05-08;108.65
15469;2012-05-09;107.17
15470;2012-05-10;107.31
15474;2012-05-14;105.71
15475;2012-05-15;105.83
15476;2012-05-16;105.4
15481;2012-05-21;105.05
15482;2012-05-22;105.99
15484;2012-05-24;105.22
15489;2012-05-29;104.51
15490;2012-05-30;103.91
15491;2012-05-31;103.47
15495;2012-06-04;101.33
15496;2012-06-05;101.46
15497;2012-06-06;101.18
15498;2012-06-07;101.13
15502;2012-06-11;102.12
15503;2012-06-12;101.25
15504;2012-06-13;101.49
15505;2012-06-14;101.45
15509;2012-06-18;101.98
15510;2012-06-19;102.26
15511;2012-06-20;102.21
15512;2012-06-21;102.13
15516;2012-06-25;100.77
15517;2012-06-26;100.58
15518;2012-06-27;99.73
15519;2012-06-28;99.49
15523;2012-07-02;101.31
15524;2012-07-03;102.99
15525;2012-07-04;102.58
15526;2012-07-05;102.79
15530;2012-07-09;101.88
15531;2012-07-10;101.21
15532;2012-07-11;100.5
15533;2012-07-12;100.73
15538;2012-07-17;101.1
15539;2012-07-18;101.58
15540;2012-07-19;101.28
15544;2012-07-23;101.31
15545;2012-07-24;101.45
15546;2012-07-25;101.28
15547;2012-07-26;101.4
15551;2012-07-30;103.12
15552;2012-07-31;103.6
15553;2012-08-01;103.94
15554;2012-08-02;104
15558;2012-08-06;104.27
15559;2012-08-07;104.51
15560;2012-08-08;104.53
15561;2012-08-09;104.9
15565;2012-08-13;105.37
15566;2012-08-14;105.47
15575;2012-08-23;106.18
15579;2012-08-27;107.1
15580;2012-08-28;106.81
15581;2012-08-29;106.81
15582;2012-08-30;106.88
15586;2012-09-03;106.27
15587;2012-09-04;106.09
15588;2012-09-05;106.13
15589;2012-09-06;106.45
15593;2012-09-10;106.57
15594;2012-09-11;106.7
15595;2012-09-12;107.32
15596;2012-09-13;107.2
15600;2012-09-17;107.98
15601;2012-09-18;107.61
15602;2012-09-19;107.62
15603;2012-09-20;107.57
15607;2012-09-24;106.76
15609;2012-09-26;105.69
15610;2012-09-27;105.82
15614;2012-10-01;106.24
15615;2012-10-02;106.77
15616;2012-10-03;106.92
15617;2012-10-04;106.98
15621;2012-10-08;106.16
15622;2012-10-09;106.2
15623;2012-10-10;106.29
15624;2012-10-11;106.26
15628;2012-10-15;105.94
15629;2012-10-16;106.23
15630;2012-10-17;106.63
15631;2012-10-18;106.74
15635;2012-10-22;105.83
15636;2012-10-23;105.67
15637;2012-10-24;106.02
15638;2012-10-25;105.99
15642;2012-10-29;105.98
15643;2012-10-30;106
15644;2012-10-31;105.23
15649;2012-11-05;105.7
15650;2012-11-06;106.37
15651;2012-11-07;106.55
15652;2012-11-08;106.62
15656;2012-11-12;105.77
15657;2012-11-13;105.79
15658;2012-11-14;105.82
15659;2012-11-15;105.86
15663;2012-11-19;103.86
15664;2012-11-20;103.86
15665;2012-11-21;103.67
15666;2012-11-22;103.81
15670;2012-11-26;103.41
15671;2012-11-27;102.78
15672;2012-11-28;103.52
15673;2012-11-29;103.66
15677;2012-12-03;104.8
15678;2012-12-04;104.74
15679;2012-12-05;104.87
15680;2012-12-06;104.89
15684;2012-12-10;105.46
15685;2012-12-11;105.33
15686;2012-12-12;105.39
15687;2012-12-13;105.29
15691;2012-12-17;106.06
15692;2012-12-18;106.19
15693;2012-12-19;106.47
15694;2012-12-20;106.46
15701;2012-12-27;105.87
15705;2012-12-31;105.64
15707;2013-01-02;107.76
15708;2013-01-03;108.03
15712;2013-01-07;109.01
15713;2013-01-08;109.82
15714;2013-01-09;110.33
15715;2013-01-10;110.59
15719;2013-01-14;110.41
15720;2013-01-15;109.76
15721;2013-01-16;109.77
15722;2013-01-17;110.09
15726;2013-01-21;109.46
15727;2013-01-22;109.76
15728;2013-01-23;109.86
15729;2013-01-24;109.89
15733;2013-01-28;110.02
15734;2013-01-29;110.41
15735;2013-01-30;110.76
15736;2013-01-31;110.89
15740;2013-02-04;110.63
15741;2013-02-05;110.24
15742;2013-02-06;110.27
15743;2013-02-07;110.05
15747;2013-02-11;110.54
15748;2013-02-12;110.85
15750;2013-02-14;110.82
15754;2013-02-18;111.07
15755;2013-02-19;110.78
15756;2013-02-20;110.88
15757;2013-02-21;111
15761;2013-02-25;110.98
15762;2013-02-26;110.24
15763;2013-02-27;110.34
15764;2013-02-28;110.53
15768;2013-03-04;110.27
15769;2013-03-05;110.13
15770;2013-03-06;110.83
15771;2013-03-07;111.04
15775;2013-03-11;111.91
15776;2013-03-12;111.78
15777;2013-03-13;111.97
15778;2013-03-14;112.36
15782;2013-03-18;112.79
15783;2013-03-19;113.21
15784;2013-03-20;113.06
15785;2013-03-21;112.76
15789;2013-03-25;112.95
15790;2013-03-26;113.02
15791;2013-03-27;112.91
15792;2013-03-28;112.94
15797;2013-04-02;112.77
15798;2013-04-03;113.03
15799;2013-04-04;113.37
15803;2013-04-08;113.08
15804;2013-04-09;113.8
15805;2013-04-10;114.76
15806;2013-04-11;114.84
15810;2013-04-15;113.93
15811;2013-04-16;113.81
15812;2013-04-17;113.67
15813;2013-04-18;113.72
15817;2013-04-22;114.47
15818;2013-04-23;115.15
15819;2013-04-24;116.06
15820;2013-04-25;116
15824;2013-04-29;116.41
15825;2013-04-30;116.75
15827;2013-05-02;116.66
15831;2013-05-06;116.86
15832;2013-05-07;117.07
15833;2013-05-08;117.38
15838;2013-05-13;117.61
15839;2013-05-14;117.62
15840;2013-05-15;118.75
15841;2013-05-16;118.74
15846;2013-05-21;121.25
15847;2013-05-22;121.54
15848;2013-05-23;121.06
15852;2013-05-27;121.4
15853;2013-05-28;122.11
15854;2013-05-29;122.71
15855;2013-05-30;123.54
15859;2013-06-03;124.99
15860;2013-06-04;124.81
15861;2013-06-05;125.49
15862;2013-06-06;125.21
15866;2013-06-10;124.1
15867;2013-06-11;123.83
15868;2013-06-12;125.17
15869;2013-06-13;124.95
15873;2013-06-17;124.68
15874;2013-06-18;125.22
15875;2013-06-19;125.31
15876;2013-06-20;124.79
15880;2013-06-24;122.67
15881;2013-06-25;122.58
15882;2013-06-26;122.24
15883;2013-06-27;122.6
15887;2013-07-01;123.98
15888;2013-07-02;124.88
15889;2013-07-03;124.86
15890;2013-07-04;125.42
15894;2013-07-08;125.61
15895;2013-07-09;126.11
15896;2013-07-10;126.27
15897;2013-07-11;126.61
15901;2013-07-15;127.23
15902;2013-07-16;127.71
15903;2013-07-17;128.02
15904;2013-07-18;127.98
15908;2013-07-22;130.47
15909;2013-07-23;130.26
15910;2013-07-24;129.39
15911;2013-07-25;129.84
15915;2013-07-29;129.88
15916;2013-07-30;130.88
15917;2013-07-31;131.44
15918;2013-08-01;131.59
15922;2013-08-05;133.85
15930;2013-08-13;134.14
15931;2013-08-14;134.03
15936;2013-08-19;134.96
15937;2013-08-20;134.6
15938;2013-08-21;135.05
15939;2013-08-22;134.88
15943;2013-08-26;133.38
15944;2013-08-27;128.9
15945;2013-08-28;128.5
15946;2013-08-29;128.69
15950;2013-09-02;130.41
15951;2013-09-03;128.69
15952;2013-09-04;126.03
15953;2013-09-05;124.61
15957;2013-09-09;124.47
15958;2013-09-10;128.58
15959;2013-09-11;128.56
15960;2013-09-12;128.84
15964;2013-09-16;131.51
15965;2013-09-17;131.27
15966;2013-09-18;130.85
15967;2013-09-19;131.22
15971;2013-09-23;131.19
15972;2013-09-24;130.75
15973;2013-09-25;130.44
15974;2013-09-26;130.71
15978;2013-09-30;131.03
15979;2013-10-01;131.72
15980;2013-10-02;132.96
15981;2013-10-03;132.87
15985;2013-10-07;131.74
15986;2013-10-08;131.35
15987;2013-10-09;131.45
15988;2013-10-10;131.69
15999;2013-10-21;133.83
16000;2013-10-22;133.6
16001;2013-10-23;133.72
16002;2013-10-24;133.87
16006;2013-10-28;131.96
16007;2013-10-29;130.6
16008;2013-10-30;130.98
16009;2013-10-31;131.96
16013;2013-11-04;131.67
16014;2013-11-05;132.57
16015;2013-11-06;132.66
16016;2013-11-07;133.27
16020;2013-11-11;132.76
16021;2013-11-12;133.46
16022;2013-11-13;133.36
16023;2013-11-14;133.46
16027;2013-11-18;134.67
16028;2013-11-19;134.34
16029;2013-11-20;134.09
16030;2013-11-21;133.68
16034;2013-11-25;133.8
16035;2013-11-26;133.27
16036;2013-11-27;133.91
16037;2013-11-28;134.17
16041;2013-12-02;134.72
16042;2013-12-03;133.76
16043;2013-12-04;133.46
16044;2013-12-05;133.82
16048;2013-12-09;136.08
16049;2013-12-10;136.76
16050;2013-12-11;136.37
16051;2013-12-12;136.9
16055;2013-12-16;136.63
16056;2013-12-17;137.11
16057;2013-12-18;137.56
16058;2013-12-19;138.65
16062;2013-12-23;138.79
16069;2013-12-30;139.11
16070;2013-12-31;139.65
16072;2014-01-02;140.94
16076;2014-01-06;141.43
16077;2014-01-07;141.29
16078;2014-01-08;142.04
16079;2014-01-09;142.97
16083;2014-01-13;143.13
16084;2014-01-14;142.95
16085;2014-01-15;143.64
16086;2014-01-16;144.23
16090;2014-01-20;144.03
16091;2014-01-21;144.57
16092;2014-01-22;144.59
16093;2014-01-23;145.86
16097;2014-01-27;143.23
16098;2014-01-28;143.82
16099;2014-01-29;144.86
16100;2014-01-30;144.9
16104;2014-02-03;145.69
16105;2014-02-04;145.35
16106;2014-02-05;145.7
16107;2014-02-06;146.34
16111;2014-02-10;148.62
16112;2014-02-11;148.96
16113;2014-02-12;149.71
16114;2014-02-13;150
16118;2014-02-17;150.49
16119;2014-02-18;150.66
16120;2014-02-19;151.1
16121;2014-02-20;151.85
16125;2014-02-24;151.83
16126;2014-02-25;152.46
16127;2014-02-26;152.29
16128;2014-02-27;152.68
16132;2014-03-03;150.39
16133;2014-03-04;151.63
16134;2014-03-05;151.49
16135;2014-03-06;153.14
16139;2014-03-10;153.8
16140;2014-03-11;153.76
16141;2014-03-12;152.2
16142;2014-03-13;153.29
16146;2014-03-17;154.26
16147;2014-03-18;155.29
16148;2014-03-19;155.47
16149;2014-03-20;155.57
16153;2014-03-24;156.94
16154;2014-03-25;157.59
16155;2014-03-26;158.06
16156;2014-03-27;158.44
16160;2014-03-31;159.33
16161;2014-04-01;160.88
16162;2014-04-02;162.13
16163;2014-04-03;162.7
16167;2014-04-07;162.34
16168;2014-04-08;163.07
16169;2014-04-09;163.44
16170;2014-04-10;163.36
16174;2014-04-14;161.78
16175;2014-04-15;162.53
16176;2014-04-16;162.91
16177;2014-04-17;163.55
16182;2014-04-22;165.02
16183;2014-04-23;165.59
16184;2014-04-24;165.2
16188;2014-04-28;163.76
16189;2014-04-29;162.99
16190;2014-04-30;163.45
16195;2014-05-05;166.53
16196;2014-05-06;166.45
16197;2014-05-07;166.19
16198;2014-05-08;166.81
16202;2014-05-12;166.46
16203;2014-05-13;167.75
16204;2014-05-14;168.19
16205;2014-05-15;167.53
16209;2014-05-19;164.53
16210;2014-05-20;163.31
16211;2014-05-21;164.3
16212;2014-05-22;165.4
16216;2014-05-26;166.99
16217;2014-05-27;167.76
16218;2014-05-28;166.55
16223;2014-06-02;168.83
16224;2014-06-03;167.79
16225;2014-06-04;167.68
16226;2014-06-05;168.83
16231;2014-06-10;168.29
16232;2014-06-11;167.43
16233;2014-06-12;167.95
16237;2014-06-16;162.51
16238;2014-06-17;162.7
16239;2014-06-18;163.88
16240;2014-06-19;164.01
16245;2014-06-24;159.36
16246;2014-06-25;160.53
16247;2014-06-26;159.77
16252;2014-07-01;159.9
16253;2014-07-02;162.19
16254;2014-07-03;162.71
16258;2014-07-07;163.86
16259;2014-07-08;164.19
16260;2014-07-09;164.06
16261;2014-07-10;164.75
16265;2014-07-14;165.96
16266;2014-07-15;166.67
16267;2014-07-16;167.73
16268;2014-07-17;167.65
16272;2014-07-21;166.51
16273;2014-07-22;169.7
16274;2014-07-23;171.12
16275;2014-07-24;171.68
16286;2014-08-04;176.42
16287;2014-08-05;176.21
16288;2014-08-06;175.67
16289;2014-08-07;176.41
16293;2014-08-11;177.16
16294;2014-08-12;177.13
16295;2014-08-13;177.72
16296;2014-08-14;178.12
16300;2014-08-18;179.84
16301;2014-08-19;180.11
16302;2014-08-20;180.54
16303;2014-08-21;181.42
16307;2014-08-25;181.17
16308;2014-08-26;182.31
16309;2014-08-27;183.08
16310;2014-08-28;181.92
16314;2014-09-01;184.08
16315;2014-09-02;183.74
16316;2014-09-03;184.09
16317;2014-09-04;184.14
16321;2014-09-08;184.46
16322;2014-09-09;184.53
16323;2014-09-10;183.87
16324;2014-09-11;183.94
16328;2014-09-15;182.94
16329;2014-09-16;183.41
16330;2014-09-17;184.61
16331;2014-09-18;185.25
16335;2014-09-22;182.46
16336;2014-09-23;182.43
16337;2014-09-24;180.51
16338;2014-09-25;181.29
16342;2014-09-29;181.22
16343;2014-09-30;182.23
16344;2014-10-01;183.08
16345;2014-10-02;182.29
16356;2014-10-13;175.37
16357;2014-10-14;172.74
16358;2014-10-15;169.77
16359;2014-10-16;165.71
16363;2014-10-20;169.45
16364;2014-10-21;172.09
16365;2014-10-22;174
16366;2014-10-23;174.45
16370;2014-10-27;175.62
16371;2014-10-28;174.64
16372;2014-10-29;174.66
16373;2014-10-30;172.91
16377;2014-11-03;175.98
16378;2014-11-04;172.95
16379;2014-11-05;169.76
16380;2014-11-06;170.27
16384;2014-11-10;172.86
16385;2014-11-11;172.65
16386;2014-11-12;171.98
16387;2014-11-13;170.96
16391;2014-11-17;167.23
16392;2014-11-18;168.4
16393;2014-11-19;168.33
16394;2014-11-20;168.67
16398;2014-11-24;168.8
16399;2014-11-25;166.51
16400;2014-11-26;164.18
16401;2014-11-27;164.02
16405;2014-12-01;158.86
16406;2014-12-02;159.32
16407;2014-12-03;159.28
16408;2014-12-04;160.82
16412;2014-12-08;158.88
16413;2014-12-09;155.65
16414;2014-12-10;154.1
16415;2014-12-11;150.9
16419;2014-12-15;145.3
16420;2014-12-16;137.9
16421;2014-12-17;141.77
16422;2014-12-18;149.33
16426;2014-12-22;156.62
16427;2014-12-23;155.07
16433;2014-12-29;159.25
16434;2014-12-30;155.48
16435;2014-12-31;154.18
16440;2015-01-05;150.33
16441;2015-01-06;148.07
16442;2015-01-07;149.82
16443;2015-01-08;152.62
16447;2015-01-12;153.42
16448;2015-01-13;154.7
16449;2015-01-14;155.34
16450;2015-01-15;155.34
16454;2015-01-19;155.72
16455;2015-01-20;154.66
16456;2015-01-21;153.75
16457;2015-01-22;153.7
16461;2015-01-26;153.85
16462;2015-01-27;155.73
16463;2015-01-28;157.85
16464;2015-01-29;156.64
16468;2015-02-02;160.36
16469;2015-02-03;161.03
16470;2015-02-04;161.01
16471;2015-02-05;161.05
16475;2015-02-09;163.03
16476;2015-02-10;162.2
16477;2015-02-11;160.64
16478;2015-02-12;161.3
16482;2015-02-16;162.77
16483;2015-02-17;162.19
16484;2015-02-18;162.64
16485;2015-02-19;161.8
16489;2015-02-23;160.85
16490;2015-02-24;161.39
16491;2015-02-25;161.99
16492;2015-02-26;161.29
16496;2015-03-02;160.87
16497;2015-03-03;161.85
16498;2015-03-04;161.31
16499;2015-03-05;161.52
16503;2015-03-09;162.57
16504;2015-03-10;162.55
16505;2015-03-11;161.98
16506;2015-03-12;162.3
16510;2015-03-16;158.37
16511;2015-03-17;157.04
16512;2015-03-18;154.49
16513;2015-03-19;155.73
16517;2015-03-23;157.08
16518;2015-03-24;157.65
16519;2015-03-25;153.3
16520;2015-03-26;152.91
16524;2015-03-30;153.56
16525;2015-03-31;152.78
16526;2015-04-01;152.6
16527;2015-04-02;152.49
16532;2015-04-07;153.66
16533;2015-04-08;154.75
16534;2015-04-09;155.53
16538;2015-04-13;157.09
16539;2015-04-14;157.23
16540;2015-04-15;158.84
16541;2015-04-16;160.9
16545;2015-04-20;164.41
16546;2015-04-21;163.95
16547;2015-04-22;164
16548;2015-04-23;164.6
16552;2015-04-27;166.07
16553;2015-04-28;165.95
16554;2015-04-29;167.29
16555;2015-04-30;167.92
16559;2015-05-04;165.76
16560;2015-05-05;165.89
16561;2015-05-06;166.7
16562;2015-05-07;165.62
16566;2015-05-11;165.05
16567;2015-05-12;165.2
16568;2015-05-13;165.52
16573;2015-05-18;167.14
16574;2015-05-19;167.71
16575;2015-05-20;166.77
16576;2015-05-21;167.17
16581;2015-05-26;166.9
16582;2015-05-27;165.85
16583;2015-05-28;165.23
16587;2015-06-01;165
16588;2015-06-02;165.83
16589;2015-06-03;165.74
16590;2015-06-04;165.91
16594;2015-06-08;164.09
16595;2015-06-09;163.99
16596;2015-06-10;164.76
16597;2015-06-11;164.35
16601;2015-06-15;164.94
16602;2015-06-16;164.31
16604;2015-06-18;164.46
16608;2015-06-22;162.46
16610;2015-06-24;162.98
16611;2015-06-25;163.38
16615;2015-06-29;158.96
16616;2015-06-30;160.19
16617;2015-07-01;160.59
16618;2015-07-02;161.56
16622;2015-07-06;160.84
16623;2015-07-07;159.64
16624;2015-07-08;158.67
16625;2015-07-09;160.76
16629;2015-07-13;161.12
16630;2015-07-14;161.42
16631;2015-07-15;163.05
16638;2015-07-22;164.27
16639;2015-07-23;164.36
16643;2015-07-27;161.06
16644;2015-07-28;160.55
16645;2015-07-29;160.95
16646;2015-07-30;160.71
16650;2015-08-03;158.18
16651;2015-08-04;157.44
16652;2015-08-05;157.65
16653;2015-08-06;156.85
16657;2015-08-10;158.06
16658;2015-08-11;157.4
16659;2015-08-12;156
16660;2015-08-13;155.32
16664;2015-08-17;151.84
16665;2015-08-18;149.26
16666;2015-08-19;147.59
16667;2015-08-20;145.75
16671;2015-08-24;133.32
16672;2015-08-25;139.21
16673;2015-08-26;137.58
16674;2015-08-27;141.6
16678;2015-08-31;140.79
16679;2015-09-01;139.63
16680;2015-09-02;138.42
16681;2015-09-03;139.36
16685;2015-09-07;139.23
16686;2015-09-08;139.6
16687;2015-09-09;142.14
16688;2015-09-10;142.19
16692;2015-09-14;140.11
16693;2015-09-15;140.25
16694;2015-09-16;140.49
16695;2015-09-17;139.85
16699;2015-09-21;139.84
16706;2015-09-28;139.83
16707;2015-09-29;137.87
16708;2015-09-30;139.43
16709;2015-10-01;138.96
16713;2015-10-05;140.78
16714;2015-10-06;141.03
16715;2015-10-07;142.69
16716;2015-10-08;143.17
16720;2015-10-12;144.12
16721;2015-10-13;143.28
16722;2015-10-14;143.38
16723;2015-10-15;142.47
16727;2015-10-19;143.04
16728;2015-10-20;142.26
16729;2015-10-21;139.65
16730;2015-10-22;137.82
16734;2015-10-26;136.8
16735;2015-10-27;134.65
16736;2015-10-28;134.45
16737;2015-10-29;134.46
16741;2015-11-02;133.71
16742;2015-11-03;133.03
16743;2015-11-04;132.81
16744;2015-11-05;132.5
16748;2015-11-09;131.2
16749;2015-11-10;129.87
16750;2015-11-11;131.37
16751;2015-11-12;131.06
16755;2015-11-16;128.46
16756;2015-11-17;128.03
16757;2015-11-18;128.78
16758;2015-11-19;130.28
16762;2015-11-23;130.75
16763;2015-11-24;130.53
16764;2015-11-25;130.77
16765;2015-11-26;130.83
16769;2015-11-30;129.93
16770;2015-12-01;131.22
16771;2015-12-02;131.47
16772;2015-12-03;130.6
16776;2015-12-07;129.6
16777;2015-12-08;126.79
16778;2015-12-09;126.84
16779;2015-12-10;125.98
16783;2015-12-14;122.87
16784;2015-12-15;123.44
16785;2015-12-16;124.82
16786;2015-12-17;127.25
16790;2015-12-21;126.56
16791;2015-12-22;128.01
16792;2015-12-23;126.91
16797;2015-12-28;127.26
16798;2015-12-29;126.54
16799;2015-12-30;126.78
16800;2015-12-31;127.25
16804;2016-01-04;125.53
16805;2016-01-05;124.78
16806;2016-01-06;122.53
16807;2016-01-07;118.43
16811;2016-01-11;116.57
16812;2016-01-12;114.61
16813;2016-01-13;114.22
16814;2016-01-14;111.93
16818;2016-01-18;107.61
16819;2016-01-19;110.08
16820;2016-01-20;106.21
16821;2016-01-21;105.79
16825;2016-01-25;108.34
16826;2016-01-26;107.91
16827;2016-01-27;109.63
16828;2016-01-28;112.33
16832;2016-02-01;113.98
16833;2016-02-02;113.8
16834;2016-02-03;113.72
16835;2016-02-04;115.56
16839;2016-02-08;114.76
16840;2016-02-09;113.76
16841;2016-02-10;112.9
16842;2016-02-11;110.72
16846;2016-02-15;111.86
16847;2016-02-16;112.46
16848;2016-02-17;113
16849;2016-02-18;113.9
16853;2016-02-22;115.18
16854;2016-02-23;116.31
16855;2016-02-24;115.57
16856;2016-02-25;115.67
16860;2016-02-29;117.54
16861;2016-03-01;118.39
16862;2016-03-02;118.13
16863;2016-03-03;118.83
16867;2016-03-07;121.15
16868;2016-03-08;121.86
16869;2016-03-09;121.24
16870;2016-03-10;121.12
16874;2016-03-14;120.17
16875;2016-03-15;119.09
16876;2016-03-16;119.4
16877;2016-03-17;121.71
16881;2016-03-21;121.62
16882;2016-03-22;121.64
16883;2016-03-23;121.42
16884;2016-03-24;119.84
16889;2016-03-29;117.72
16890;2016-03-30;118.71
16891;2016-03-31;119.53
16895;2016-04-04;119
16896;2016-04-05;118.51
16897;2016-04-06;118.42
16898;2016-04-07;119.65
16902;2016-04-11;120.54
16903;2016-04-12;121.78
16904;2016-04-13;123.11
16905;2016-04-14;124.32
16909;2016-04-18;123.01
16910;2016-04-19;124.46
16911;2016-04-20;124.2
16912;2016-04-21;124.93
16916;2016-04-25;127.86
16917;2016-04-26;126.44
16918;2016-04-27;126.71
16919;2016-04-28;126.98
16923;2016-05-02;125.31
16924;2016-05-03;123.99
16925;2016-05-04;123.32
16930;2016-05-09;124.87
16931;2016-05-10;124.44
16932;2016-05-11;124.49
16933;2016-05-12;124.94
16938;2016-05-17;124.87
16939;2016-05-18;125.21
16940;2016-05-19;123.99
16944;2016-05-23;121.24
16945;2016-05-24;122.02
16946;2016-05-25;123.15
16947;2016-05-26;122.8
16951;2016-05-30;121.46
16952;2016-05-31;122.25
16953;2016-06-01;122.44
16954;2016-06-02;122.56
16958;2016-06-06;122.68
16959;2016-06-07;123.51
16960;2016-06-08;124.79
16961;2016-06-09;124.43
16965;2016-06-13;123.61
16966;2016-06-14;123.6
16967;2016-06-15;123.02
16968;2016-06-16;121.64
16972;2016-06-20;122.89
16973;2016-06-21;123.2
16974;2016-06-22;123.29
16979;2016-06-27;120.77
16980;2016-06-28;121.53
16981;2016-06-29;121.86
16982;2016-06-30;122.55
16993;2016-07-11;123.73
16994;2016-07-12;124.21
16995;2016-07-13;125.49
16996;2016-07-14;125.53
17000;2016-07-18;125.64
17001;2016-07-19;125
17002;2016-07-20;125.08
17003;2016-07-21;124.51
17007;2016-07-25;123.7
17008;2016-07-26;123.33
17009;2016-07-27;123.72
17010;2016-07-28;123.49
17014;2016-08-01;123.76
17015;2016-08-02;122.26
17016;2016-08-03;121.71
17017;2016-08-04;122.12
17021;2016-08-08;123.31
17022;2016-08-09;123.91
17023;2016-08-10;123.64
17024;2016-08-11;123.27
17029;2016-08-16;124.5
17030;2016-08-17;123.6
17031;2016-08-18;123.4
17035;2016-08-22;122.16
17036;2016-08-23;122.01
17037;2016-08-24;121.21
17038;2016-08-25;120.59
17042;2016-08-29;121.31
17043;2016-08-30;122.04
17044;2016-08-31;121.09
17045;2016-09-01;120.3
17049;2016-09-05;122.6
17050;2016-09-06;122.34
17051;2016-09-07;121.76
17052;2016-09-08;121.73
17063;2016-09-19;118.39
17064;2016-09-20;118.29
17065;2016-09-21;118.53
17066;2016-09-22;119.42
17070;2016-09-26;119.07
17071;2016-09-27;117.12
17072;2016-09-28;115.01
17073;2016-09-29;116.54
17077;2016-10-03;114.24
17078;2016-10-04;115.14
17079;2016-10-05;115.54
17080;2016-10-06;116.4
17084;2016-10-10;115.66
17085;2016-10-11;116.78
17086;2016-10-12;116.68
17087;2016-10-13;116.58
17091;2016-10-17;114.87
17092;2016-10-18;114.79
17093;2016-10-19;115.49
17094;2016-10-20;116.87
17098;2016-10-24;118.13
17099;2016-10-25;118.79
17100;2016-10-26;118.56
17101;2016-10-27;118.96
17105;2016-10-31;119.54
17107;2016-11-02;118.79
17108;2016-11-03;117.83
17112;2016-11-07;118.55
17113;2016-11-08;120.59
17114;2016-11-09;120.73
17115;2016-11-10;122.03
17119;2016-11-14;121.06
17120;2016-11-15;119.84
17121;2016-11-16;122.03
17122;2016-11-17;121.98
17126;2016-11-21;120.04
17127;2016-11-22;120.83
17128;2016-11-23;122.87
17129;2016-11-24;122.8
17133;2016-11-28;123.15
17134;2016-11-29;122.83
17135;2016-11-30;124.51
17136;2016-12-01;125.66
17140;2016-12-05;125.92
17141;2016-12-06;126.6
17142;2016-12-07;126.56
17143;2016-12-08;127.22
17147;2016-12-12;128.15
17148;2016-12-13;127.62
17149;2016-12-14;126.89
17150;2016-12-15;126.61
17154;2016-12-19;126.09
17155;2016-12-20;125.69
17156;2016-12-21;126.04
17157;2016-12-22;126.31
17162;2016-12-27;127.6
17163;2016-12-28;127.16
17164;2016-12-29;127.36
17168;2017-01-02;127.43
17169;2017-01-03;128.46
17170;2017-01-04;128.43
17171;2017-01-05;128.86
17175;2017-01-09;128.67
17176;2017-01-10;128.41
17177;2017-01-11;127.6
17178;2017-01-12;127.71
17182;2017-01-16;126.48
17183;2017-01-17;127.31
17184;2017-01-18;127.57
17185;2017-01-19;127.43
17189;2017-01-23;128.74
17190;2017-01-24;129.59
17191;2017-01-25;129.91
17192;2017-01-26;130.26
17196;2017-01-30;129.65
17197;2017-01-31;128.83
17198;2017-02-01;129
17199;2017-02-02;128.36
17203;2017-02-06;129.14
17204;2017-02-07;128.87
17205;2017-02-08;128.66
17206;2017-02-09;128.27
17210;2017-02-13;129.02
17211;2017-02-14;129.07
17212;2017-02-15;130.06
17213;2017-02-16;131.08
17217;2017-02-20;129.93
17218;2017-02-21;129.9
17219;2017-02-22;130.33
17220;2017-02-23;130.12
17224;2017-02-27;129.43
17225;2017-02-28;128.82
17226;2017-03-01;128.83
17227;2017-03-02;129.63
17231;2017-03-06;129.21
17232;2017-03-07;128.54
17233;2017-03-08;128.33
17234;2017-03-09;128.03
17238;2017-03-13;126.65
17239;2017-03-14;126.26
17240;2017-03-15;126.63
17241;2017-03-16;127.94
17245;2017-03-20;127.86
17246;2017-03-21;128.08
17247;2017-03-22;126.88
17248;2017-03-23;127.43
17252;2017-03-27;126.7
17253;2017-03-28;126.65
17254;2017-03-29;127.02
17255;2017-03-30;127.72
17259;2017-04-03;127.46
17260;2017-04-04;128.18
17261;2017-04-05;129.31
17262;2017-04-06;129.66
17266;2017-04-10;129.73
17267;2017-04-11;129.62
17268;2017-04-12;130.39
17269;2017-04-13;129.81
17274;2017-04-18;128.75
17275;2017-04-19;128.89
17276;2017-04-20;128.21
17280;2017-04-24;128.52
17281;2017-04-25;128.11
17282;2017-04-26;127.98
17283;2017-04-27;128.09
17288;2017-05-02;129.51
17289;2017-05-03;129.2
17290;2017-05-04;129
17294;2017-05-08;128.21
17295;2017-05-09;128.86
17296;2017-05-10;129.35
17297;2017-05-11;129.01
17301;2017-05-15;129.11
17302;2017-05-16;129.92
17303;2017-05-17;130.19
17304;2017-05-18;129.81
17308;2017-05-22;130.36
17309;2017-05-23;130.15
17310;2017-05-24;129.46
17315;2017-05-29;129.14
17316;2017-05-30;129.62
17317;2017-05-31;129.87
17318;2017-06-01;129.9
17323;2017-06-06;129.5
17324;2017-06-07;129.98
17325;2017-06-08;129.61
17329;2017-06-12;128.89
17330;2017-06-13;128.98
17331;2017-06-14;129.4
17332;2017-06-15;129.11
17336;2017-06-19;132.21
17337;2017-06-20;130.7
17338;2017-06-21;134.35
17339;2017-06-22;135.99
17350;2017-07-03;135.45
17351;2017-07-04;133.24
17352;2017-07-05;133.07
17353;2017-07-06;132.14
17357;2017-07-10;132.78
17358;2017-07-11;133.48
17359;2017-07-12;134.67
17360;2017-07-13;135.5
17364;2017-07-17;135.66
17365;2017-07-18;135.41
17366;2017-07-19;135.35
17367;2017-07-20;135.3
17371;2017-07-24;136.05
17372;2017-07-25;135.96
17373;2017-07-26;135.66
17374;2017-07-27;135.57
17378;2017-07-31;134.49
17379;2017-08-01;134.42
17380;2017-08-02;134.5
17381;2017-08-03;134.44
17385;2017-08-07;134.93
17386;2017-08-08;135.39
17387;2017-08-09;135.07
17388;2017-08-10;134.96
17392;2017-08-14;134.39
17394;2017-08-16;134.46
17395;2017-08-17;135.12
17399;2017-08-21;136.05
17400;2017-08-22;136.39
17401;2017-08-23;136.94
17402;2017-08-24;136.65
17406;2017-08-28;137.24
17407;2017-08-29;137.07
17415;2017-09-06;137.71
17416;2017-09-07;138.3
17420;2017-09-11;139.08
17421;2017-09-12;139.06
17422;2017-09-13;139.06
17423;2017-09-14;139.02
17427;2017-09-18;139.11
17428;2017-09-19;138.39
17429;2017-09-20;137.63
17430;2017-09-21;137.33
17434;2017-09-25;134.87
17435;2017-09-26;135.17
17436;2017-09-27;135.54
17437;2017-09-28;135.98
17441;2017-10-02;136.18
17442;2017-10-03;136.77
17443;2017-10-04;137.36
17444;2017-10-05;137.05
17448;2017-10-09;135.43
17449;2017-10-10;134.79
17450;2017-10-11;133.73
17451;2017-10-12;135.09
17455;2017-10-16;134.85
17456;2017-10-17;134.29
17457;2017-10-18;133.91
17458;2017-10-19;134.49
17462;2017-10-23;133.68
17463;2017-10-24;133.69
17464;2017-10-25;134.37
17465;2017-10-26;133.75
17469;2017-10-30;133.8
17470;2017-10-31;133.81
17472;2017-11-02;134.01
17476;2017-11-06;133.54
17477;2017-11-07;132.12
17478;2017-11-08;131.49
17479;2017-11-09;132.17
17483;2017-11-13;132.69
17484;2017-11-14;133.19
17485;2017-11-15;132.39
17486;2017-11-16;131.99
17490;2017-11-20;130.5
17491;2017-11-21;130.31
17492;2017-11-22;130.88
17493;2017-11-23;131.75
17497;2017-11-27;132.49
17498;2017-11-28;132.61
17499;2017-11-29;132.67
17500;2017-11-30;132.9
17504;2017-12-04;133.4
17505;2017-12-05;132.39
17506;2017-12-06;131.63
17507;2017-12-07;131.68
17511;2017-12-11;131.73
17512;2017-12-12;132.57
17513;2017-12-13;131.87
17514;2017-12-14;131.65
17518;2017-12-18;132.44
17519;2017-12-19;132.4
17520;2017-12-20;132.33
17521;2017-12-21;132.58
17527;2017-12-27;132.65
17528;2017-12-28;133.05
17533;2018-01-02;133.04
17534;2018-01-03;134.39
17535;2018-01-04;135.4
17539;2018-01-08;136.77
17540;2018-01-09;136.72
17541;2018-01-10;137.2
17542;2018-01-11;137.53
17546;2018-01-15;139.25
17547;2018-01-16;139.76
17548;2018-01-17;140.15
17549;2018-01-18;140.32
17553;2018-01-22;140.3
17554;2018-01-23;140.67
17555;2018-01-24;140.37
17556;2018-01-25;141.25
17560;2018-01-29;140.82
17561;2018-01-30;141.13
17562;2018-01-31;140.78
17563;2018-02-01;140.79
17567;2018-02-05;139.35
17568;2018-02-06;136.98
17569;2018-02-07;137.5
17570;2018-02-08;137.01
17574;2018-02-12;137.03
17575;2018-02-13;137.48
17576;2018-02-14;137.92
17577;2018-02-15;138.89
17581;2018-02-19;139.48
17582;2018-02-20;139.2
17583;2018-02-21;139.43
17584;2018-02-22;139.96
17588;2018-02-26;139.87
17589;2018-02-27;140.05
17590;2018-02-28;139.15
17591;2018-03-01;139.29
17595;2018-03-05;139.38
17596;2018-03-06;140.32
17597;2018-03-07;140.85
17598;2018-03-08;142.01
17602;2018-03-12;144.18
17603;2018-03-13;144.66
17604;2018-03-14;144.35
17605;2018-03-15;144.15
17609;2018-03-19;143.63
17610;2018-03-20;143.81
17611;2018-03-21;144.34
17612;2018-03-22;145.27
17616;2018-03-26;146.07
17617;2018-03-27;146.75
17618;2018-03-28;145.95
17619;2018-03-29;146.17
17624;2018-04-03;145.16
17625;2018-04-04;145.79
17626;2018-04-05;147.41
17630;2018-04-09;147.53
17631;2018-04-10;147.49
17632;2018-04-11;146.16
17633;2018-04-12;145.97
17638;2018-04-17;149.83
17639;2018-04-18;150.43
17640;2018-04-19;152.54
17644;2018-04-23;153.42
17645;2018-04-24;152.28
17646;2018-04-25;151.39
17647;2018-04-26;151.36
17651;2018-04-30;151.02
17653;2018-05-02;149.86
17654;2018-05-03;148.7
17658;2018-05-07;148.74
17659;2018-05-08;147.54
17660;2018-05-09;145.55
17665;2018-05-14;147.14
17666;2018-05-15;146.73
17667;2018-05-16;145.95
17668;2018-05-17;146.1
17673;2018-05-22;146.2
17674;2018-05-23;146.27
17675;2018-05-24;146.38
17679;2018-05-28;145.92
17680;2018-05-29;146.14
17681;2018-05-30;145.43
17682;2018-05-31;146.68
17686;2018-06-04;148.87
17687;2018-06-05;149.75
17688;2018-06-06;149.49
17689;2018-06-07;149.25
17693;2018-06-11;148.49
17694;2018-06-12;148.58
17703;2018-06-21;146.81
17707;2018-06-25;148.81
17708;2018-06-26;148.14
17709;2018-06-27;148.49
17710;2018-06-28;148.22
17714;2018-07-02;147.73
17715;2018-07-03;147.28
17716;2018-07-04;147.56
17717;2018-07-05;146.97
17721;2018-07-09;149.09
17722;2018-07-10;150.34
17723;2018-07-11;149.95
17724;2018-07-12;149.54
17728;2018-07-16;150.79
17729;2018-07-17;150.12
17730;2018-07-18;149.96
17731;2018-07-19;149.7
17735;2018-07-23;150.34
17736;2018-07-24;150.35
17737;2018-07-25;150.71
17738;2018-07-26;150.31
17742;2018-07-30;149.64
17743;2018-07-31;149.45
17744;2018-08-01;149.61
17745;2018-08-02;149.25
17749;2018-08-06;149.4
17750;2018-08-07;149.98
17751;2018-08-08;149.43
17752;2018-08-09;148.82
17756;2018-08-13;144.04
17757;2018-08-14;143.99
17759;2018-08-16;143.73
17770;2018-08-27;145.57
17771;2018-08-28;146.37
17772;2018-08-29;146.29
17773;2018-08-30;145.66
17777;2018-09-03;144.94
17778;2018-09-04;145.3
17779;2018-09-05;142.21
17780;2018-09-06;141.43
17784;2018-09-10;142.42
17785;2018-09-11;142.32
17786;2018-09-12;141.43
17787;2018-09-13;140.53
17791;2018-09-17;139.3
17792;2018-09-18;139.77
17793;2018-09-19;140.23
17794;2018-09-20;140.82
17798;2018-09-24;140.28
17799;2018-09-25;142.41
17800;2018-09-26;142.6
17801;2018-09-27;142.71
17805;2018-10-01;144.24
17806;2018-10-02;143.4
17807;2018-10-03;143.82
17808;2018-10-04;143.28
17812;2018-10-08;142.11
17813;2018-10-09;141.74
17814;2018-10-10;141.11
17815;2018-10-11;136.9
17819;2018-10-15;137.3
17820;2018-10-16;139.61
17821;2018-10-17;139.71
17822;2018-10-18;139.63
17826;2018-10-22;140.8
17827;2018-10-23;138.71
17828;2018-10-24;137.71
17829;2018-10-25;141.28
17833;2018-10-29;140.78
17834;2018-10-30;140.56
17835;2018-10-31;142.03
17840;2018-11-05;141.43
17841;2018-11-06;141.18
17842;2018-11-07;140.89
17843;2018-11-08;140.87
17847;2018-11-12;140.57
17848;2018-11-13;140.33
17849;2018-11-14;139.22
17850;2018-11-15;139.48
17854;2018-11-19;139.08
17855;2018-11-20;137.53
17856;2018-11-21;137.8
17857;2018-11-22;138.82
17861;2018-11-26;137.85
17862;2018-11-27;138.21
17863;2018-11-28;138.56
17864;2018-11-29;139.59
17868;2018-12-03;141.46
17869;2018-12-04;141.63
17870;2018-12-05;140.56
17871;2018-12-06;140.22
17875;2018-12-10;139.18
17876;2018-12-11;139.2
17877;2018-12-12;139.83
17878;2018-12-13;140.11
17882;2018-12-17;140.77
17883;2018-12-18;139.87
17884;2018-12-19;139.06
17885;2018-12-20;137.27
17892;2018-12-27;137.23
17896;2018-12-31;138.51
17898;2019-01-02;137.85
17899;2019-01-03;138.43
17903;2019-01-07;141.77
17904;2019-01-08;141.39
17905;2019-01-09;142.64
17906;2019-01-10;143.94
17910;2019-01-14;144.49
17911;2019-01-15;145.35
17912;2019-01-16;145.86
17913;2019-01-17;146.33
17917;2019-01-21;145.79
17918;2019-01-22;145.73
17919;2019-01-23;146.17
17920;2019-01-24;146.15
17924;2019-01-28;147.39
17925;2019-01-29;146.75
17926;2019-01-30;146.4
17927;2019-01-31;146.21
17931;2019-02-04;145.92
17932;2019-02-05;147.11
17933;2019-02-06;147.46
17934;2019-02-07;146.76
17938;2019-02-11;145.29
17939;2019-02-12;146.16
17940;2019-02-13;146.04
17941;2019-02-14;145.56
17946;2019-02-19;144.2
17947;2019-02-20;145.54
17948;2019-02-21;145.68
17952;2019-02-25;144.16
17953;2019-02-26;144.7
17954;2019-02-27;144.76
17955;2019-02-28;144.51
17959;2019-03-04;145.55
17960;2019-03-05;145.15
17961;2019-03-06;144.99
17962;2019-03-07;144.02
17966;2019-03-11;142.99
17967;2019-03-12;143.29
17968;2019-03-13;144.17
17969;2019-03-14;145.56
17973;2019-03-18;146.68
17974;2019-03-19;146.86
17975;2019-03-20;147.16
17976;2019-03-21;148.12
17980;2019-03-25;147.5
17981;2019-03-26;147.55
17982;2019-03-27;148.85
17983;2019-03-28;149.33
17987;2019-04-01;150.78
17988;2019-04-02;151.53
17989;2019-04-03;152.15
17990;2019-04-04;153.06
17994;2019-04-08;153.06
17995;2019-04-09;152.87
17996;2019-04-10;153.38
17997;2019-04-11;153.86
18001;2019-04-15;154.32
18002;2019-04-16;155.3
18003;2019-04-17;156.87
18004;2019-04-18;156.96
18009;2019-04-23;157.33
18010;2019-04-24;158.02
18011;2019-04-25;158.56
18015;2019-04-29;158.02
18016;2019-04-30;158.09
18018;2019-05-02;158.75
18022;2019-05-06;154.5
18023;2019-05-07;153.99
18024;2019-05-08;153.23
18029;2019-05-13;144.74
18030;2019-05-14;144.51
18031;2019-05-15;145.24
18032;2019-05-16;146.73
18036;2019-05-20;144.69
18037;2019-05-21;146.2
18038;2019-05-22;146.63
18039;2019-05-23;145.05
18043;2019-05-27;144.03
18044;2019-05-28;145.94
18045;2019-05-29;145.16
18058;2019-06-11;153.09
18059;2019-06-12;153.67
18060;2019-06-13;151.39
18064;2019-06-17;150.87
18065;2019-06-18;150.84
18066;2019-06-19;150.39
18067;2019-06-20;150.62
18071;2019-06-24;147.43
18072;2019-06-25;147.48
18073;2019-06-26;147.38
18074;2019-06-27;148.85
18079;2019-07-02;149.3
18080;2019-07-03;149.68
18081;2019-07-04;149.69
18085;2019-07-08;149.59
18086;2019-07-09;150.4
18087;2019-07-10;151.22
18088;2019-07-11;151.73
18092;2019-07-15;152.17
18093;2019-07-16;152.71
18094;2019-07-17;152.64
18095;2019-07-18;152.46
18099;2019-07-22;151.6
18100;2019-07-23;150.93
18101;2019-07-24;150.93
18102;2019-07-25;151.51
18106;2019-07-29;150.48
18107;2019-07-30;150.41
18108;2019-07-31;150.3
18109;2019-08-01;149.44
18113;2019-08-05;146.38
18114;2019-08-06;145.7
18115;2019-08-07;146.93
18116;2019-08-08;147.53
18127;2019-08-19;146.25
18128;2019-08-20;147.44
18129;2019-08-21;146.59
18130;2019-08-22;145.77
18134;2019-08-26;143.27
18135;2019-08-27;144.24
18136;2019-08-28;143.54
18137;2019-08-29;142.61
18141;2019-09-02;142.85
18142;2019-09-03;141.94
18143;2019-09-04;143.19
18144;2019-09-05;143.26
18148;2019-09-09;142.19
18149;2019-09-10;141.86
18150;2019-09-11;140.39
18151;2019-09-12;140.22
18155;2019-09-16;140.07
18156;2019-09-17;139.37
18157;2019-09-18;139.19
18158;2019-09-19;140.45
18162;2019-09-23;140.32
18163;2019-09-24;140.32
18164;2019-09-25;140.28
18165;2019-09-26;139.9
18169;2019-09-30;139.98
18170;2019-10-01;139.68
18171;2019-10-02;138.54
18172;2019-10-03;137.79
18176;2019-10-07;138.26
18177;2019-10-08;137.84
18178;2019-10-09;136.39
18179;2019-10-10;136.54
18183;2019-10-14;135.86
18184;2019-10-15;135.35
18185;2019-10-16;135.81
18186;2019-10-17;136.54
18190;2019-10-21;137.23
18191;2019-10-22;138.36
18192;2019-10-23;138.47
18193;2019-10-24;138.84
18197;2019-10-28;137.6
18198;2019-10-29;136.88
18199;2019-10-30;137.54
18200;2019-10-31;136.89
18204;2019-11-04;135.94
18205;2019-11-05;137.37
18206;2019-11-06;137.07
18207;2019-11-07;137.5
18211;2019-11-11;138.33
18212;2019-11-12;138.34
18213;2019-11-13;137.74
18214;2019-11-14;138.07
18218;2019-11-18;138.56
18219;2019-11-19;139.21
18220;2019-11-20;139.22
18221;2019-11-21;139.02
18225;2019-11-25;139.32
18226;2019-11-26;137.47
18227;2019-11-27;137.43
18228;2019-11-28;137.43
18232;2019-12-02;137.65
18233;2019-12-03;137.58
18234;2019-12-04;138.06
18235;2019-12-05;138.53
18239;2019-12-09;140.03
18240;2019-12-10;139.83
18241;2019-12-11;140.41
18242;2019-12-12;139.49
18246;2019-12-16;141.08
18247;2019-12-17;141.82
18248;2019-12-18;142.81
18249;2019-12-19;143.87
18253;2019-12-23;145.77
18260;2019-12-30;144.43
18261;2019-12-31;144.58
18263;2020-01-02;144.65
18267;2020-01-06;140.99
18268;2020-01-07;141.68
18269;2020-01-08;141
18270;2020-01-09;143.51
18274;2020-01-13;144.24
18275;2020-01-14;145.49
18276;2020-01-15;145.48
18277;2020-01-16;145.85
18281;2020-01-20;146.19
18282;2020-01-21;145.58
18283;2020-01-22;145.46
18284;2020-01-23;144.69
18288;2020-01-27;141.74
18289;2020-01-28;141.59
18290;2020-01-29;142.16
18291;2020-01-30;142.71
18295;2020-02-03;140.98
18296;2020-02-04;141.57
18297;2020-02-05;141.55
18298;2020-02-06;141.24
18302;2020-02-10;139.68
18303;2020-02-11;139.07
18304;2020-02-12;139.18
18305;2020-02-13;138.58
18309;2020-02-17;138.31
18310;2020-02-18;137.89
18311;2020-02-19;138.72
18312;2020-02-20;139.11
18316;2020-02-24;135.57
18317;2020-02-25;135.37
18318;2020-02-26;134.23
18319;2020-02-27;133.13
18323;2020-03-02;127.72
18324;2020-03-03;130.52
18325;2020-03-04;129.67
18326;2020-03-05;129.21
18330;2020-03-09;110.84
18331;2020-03-10;115.5
18332;2020-03-11;113.71
18333;2020-03-12;109.32
