15953;2013-09-05;102.72
15954;2013-09-06;102.81
15957;2013-09-09;103.16
15958;2013-09-10;104.36
15959;2013-09-11;104.83
15960;2013-09-12;105.15
15961;2013-09-13;104.45
15964;2013-09-16;105.38
15965;2013-09-17;105.23
15966;2013-09-18;105.34
15967;2013-09-19;106.21
15968;2013-09-20;105.95
15971;2013-09-23;105.83
15972;2013-09-24;106.29
15973;2013-09-25;106.21
15974;2013-09-26;106.46
15975;2013-09-27;106.7
15978;2013-09-30;106.61
15979;2013-10-01;107.13
15980;2013-10-02;107.23
15981;2013-10-03;106.89
15982;2013-10-04;106.34
15985;2013-10-07;106.61
15986;2013-10-08;106.82
15987;2013-10-09;106.82
15988;2013-10-10;108.14
15989;2013-10-11;108.77
15992;2013-10-14;108.69
15993;2013-10-15;109.49
15994;2013-10-16;109.03
15995;2013-10-17;109.01
15996;2013-10-18;109.44
15999;2013-10-21;110
16000;2013-10-22;110.22
16001;2013-10-23;109.88
16002;2013-10-24;109.48
16003;2013-10-25;109.65
16006;2013-10-28;110.18
16007;2013-10-29;111.28
16008;2013-10-30;112.02
16009;2013-10-31;111.98
16013;2013-11-04;112.61
16014;2013-11-05;112.24
16015;2013-11-06;111.99
16016;2013-11-07;111.7
16017;2013-11-08;111.74
16021;2013-11-12;112.2
16022;2013-11-13;111.89
16023;2013-11-14;112.02
16024;2013-11-15;112.09
16027;2013-11-18;112.32
16028;2013-11-19;112
16029;2013-11-20;111.97
16030;2013-11-21;112
16031;2013-11-22;112.43
16034;2013-11-25;113.4
16035;2013-11-26;113.76
16036;2013-11-27;114.2
16037;2013-11-28;114.88
16038;2013-11-29;116.37
16041;2013-12-02;116.46
16042;2013-12-03;115.8
16043;2013-12-04;116.37
16044;2013-12-05;115.96
16045;2013-12-06;116.15
16048;2013-12-09;116.16
16049;2013-12-10;116.87
16050;2013-12-11;118.23
16051;2013-12-12;118.23
16052;2013-12-13;118.3
16055;2013-12-16;120.47
16056;2013-12-17;120.06
16057;2013-12-18;119.84
16058;2013-12-19;120.56
16059;2013-12-20;121.89
16062;2013-12-23;124.37
16063;2013-12-24;124.56
16066;2013-12-27;125.37
16069;2013-12-30;125.92
16070;2013-12-31;126.91
16072;2014-01-02;127
16073;2014-01-03;127.26
16076;2014-01-06;128.88
16077;2014-01-07;129.67
16078;2014-01-08;128.93
16079;2014-01-09;129.09
16080;2014-01-10;129.63
16083;2014-01-13;131.38
16084;2014-01-14;132.66
16085;2014-01-15;132.93
16086;2014-01-16;133.53
16087;2014-01-17;134.32
16090;2014-01-20;134.44
16091;2014-01-21;133.15
16092;2014-01-22;132.79
16093;2014-01-23;132.38
16094;2014-01-24;131.42
16097;2014-01-27;130.61
16098;2014-01-28;132.93
16099;2014-01-29;132.57
16100;2014-01-30;132.01
16101;2014-01-31;131.77
16104;2014-02-03;131.97
16105;2014-02-04;131.28
16106;2014-02-05;132.53
16107;2014-02-06;133.2
16108;2014-02-07;134.96
16111;2014-02-10;134.79
16112;2014-02-11;135.55
16113;2014-02-12;135.58
16114;2014-02-13;135.47
16115;2014-02-14;135.67
16118;2014-02-17;136.89
16119;2014-02-18;137.09
16120;2014-02-19;137.25
16121;2014-02-20;136.92
16122;2014-02-21;137.69
16125;2014-02-24;137.83
16126;2014-02-25;138.68
16127;2014-02-26;138.42
16128;2014-02-27;137.88
16129;2014-02-28;140.44
16132;2014-03-03;137.61
16133;2014-03-04;138.09
16134;2014-03-05;138.78
16135;2014-03-06;140.2
16136;2014-03-07;139.17
16139;2014-03-10;138.93
16140;2014-03-11;138.7
16141;2014-03-12;138.37
16142;2014-03-13;139.03
16143;2014-03-14;137.19
16146;2014-03-17;139.01
16147;2014-03-18;139.71
16148;2014-03-19;140.08
16149;2014-03-20;140.14
16150;2014-03-21;140.04
16153;2014-03-24;138.89
16154;2014-03-25;138.46
16155;2014-03-26;139.12
16156;2014-03-27;139
16157;2014-03-28;140.77
16160;2014-03-31;141.74
16161;2014-04-01;143.45
16162;2014-04-02;144.05
16163;2014-04-03;143.95
16164;2014-04-04;144.27
16167;2014-04-07;143.59
16168;2014-04-08;143.12
16169;2014-04-09;143.8
16170;2014-04-10;143.48
16171;2014-04-11;142.36
16174;2014-04-14;140.31
16175;2014-04-15;139.09
16176;2014-04-16;138.81
16177;2014-04-17;139.35
16182;2014-04-22;140.22
16184;2014-04-24;140.87
16185;2014-04-25;140.3
16188;2014-04-28;140.78
16189;2014-04-29;140.83
16190;2014-04-30;140.75
16192;2014-05-02;140.93
16195;2014-05-05;139.94
16196;2014-05-06;139.7
16197;2014-05-07;139.41
16199;2014-05-09;140.72
16202;2014-05-12;141.79
16203;2014-05-13;142.78
16204;2014-05-14;143.69
16205;2014-05-15;141.7
16206;2014-05-16;139.75
16209;2014-05-19;139.9
16210;2014-05-20;139.76
16211;2014-05-21;139.31
16212;2014-05-22;139.17
16213;2014-05-23;139.7
16216;2014-05-26;140.03
16217;2014-05-27;140.93
16218;2014-05-28;141.18
16220;2014-05-30;140.51
16223;2014-06-02;141.07
16224;2014-06-03;140.43
16225;2014-06-04;140.98
16226;2014-06-05;142.07
16227;2014-06-06;142.32
16231;2014-06-10;142.04
16232;2014-06-11;141.36
16233;2014-06-12;142.19
16234;2014-06-13;140.87
16237;2014-06-16;140.25
16238;2014-06-17;140.87
16239;2014-06-18;142.16
16240;2014-06-19;142.23
16241;2014-06-20;141.23
16244;2014-06-23;140.87
16245;2014-06-24;140.52
16246;2014-06-25;139.28
16247;2014-06-26;138.72
16248;2014-06-27;138.22
16251;2014-06-30;138.18
16252;2014-07-01;138.07
16253;2014-07-02;137.81
16254;2014-07-03;138.7
16255;2014-07-04;139.18
16258;2014-07-07;137.41
16259;2014-07-08;135.44
16260;2014-07-09;134.8
16261;2014-07-10;132.11
16262;2014-07-11;131.95
16266;2014-07-15;130.92
16267;2014-07-16;132.71
16268;2014-07-17;130.82
16269;2014-07-18;129.37
16272;2014-07-21;129.75
16273;2014-07-22;130.42
16274;2014-07-23;130.53
16275;2014-07-24;130.37
16276;2014-07-25;129.92
16279;2014-07-28;130.03
16280;2014-07-29;129.7
16281;2014-07-30;130.44
16282;2014-07-31;127.62
16283;2014-08-01;126
16286;2014-08-04;125.51
16287;2014-08-05;125.48
16288;2014-08-06;123.47
16289;2014-08-07;122.55
16290;2014-08-08;120.12
16293;2014-08-11;121.68
16294;2014-08-12;121.89
16295;2014-08-13;122.14
16296;2014-08-14;122.45
16300;2014-08-18;123.92
16301;2014-08-19;125.96
16302;2014-08-20;126.09
16303;2014-08-21;127.58
16304;2014-08-22;127.35
16307;2014-08-25;127.42
16308;2014-08-26;128.09
16309;2014-08-27;129.28
16310;2014-08-28;129.59
16311;2014-08-29;128.39
16314;2014-09-01;128.8
16315;2014-09-02;129.16
16316;2014-09-03;130.17
16317;2014-09-04;130.8
16318;2014-09-05;130.96
16321;2014-09-08;130.53
16322;2014-09-09;130.16
16323;2014-09-10;129.28
16324;2014-09-11;129.34
16325;2014-09-12;128.74
16328;2014-09-15;128.97
16329;2014-09-16;128.74
16330;2014-09-17;129.52
16331;2014-09-18;129.9
16332;2014-09-19;129.87
16335;2014-09-22;129.54
16336;2014-09-23;128.5
16337;2014-09-24;128.82
16338;2014-09-25;128.11
16339;2014-09-26;128.02
16342;2014-09-29;127.16
16343;2014-09-30;127.36
16344;2014-10-01;127.04
16345;2014-10-02;126.18
16346;2014-10-03;126.16
16349;2014-10-06;124.83
16350;2014-10-07;123.7
16351;2014-10-08;121.69
16352;2014-10-09;121.57
16353;2014-10-10;117.91
16356;2014-10-13;118.05
16357;2014-10-14;117.97
16358;2014-10-15;116.66
16359;2014-10-16;115.18
16360;2014-10-17;117.12
16363;2014-10-20;118.28
16364;2014-10-21;119.01
16365;2014-10-22;119.63
16366;2014-10-23;120.11
16367;2014-10-24;120.98
16370;2014-10-27;120.5
16371;2014-10-28;120.86
16372;2014-10-29;121.87
16373;2014-10-30;121.43
16374;2014-10-31;122.54
16377;2014-11-03;123.33
16378;2014-11-04;123.43
16379;2014-11-05;123.74
16380;2014-11-06;124.27
16381;2014-11-07;124.16
16384;2014-11-10;124.76
16386;2014-11-12;124.53
16387;2014-11-13;123.92
16388;2014-11-14;125.07
16391;2014-11-17;124.42
16392;2014-11-18;124.47
16393;2014-11-19;124.76
16394;2014-11-20;125.15
16395;2014-11-21;126.24
16398;2014-11-24;126.27
16399;2014-11-25;126.88
16400;2014-11-26;127.4
16401;2014-11-27;127.78
16402;2014-11-28;127.86
16405;2014-12-01;127.9
16406;2014-12-02;127.72
16407;2014-12-03;127.35
16408;2014-12-04;127.87
16409;2014-12-05;130.16
16412;2014-12-08;130.12
16413;2014-12-09;128.83
16414;2014-12-10;129.47
16415;2014-12-11;128.5
16416;2014-12-12;127.31
16419;2014-12-15;125.98
16420;2014-12-16;125.98
16421;2014-12-17;126.31
16422;2014-12-18;127.93
16423;2014-12-19;127.66
16426;2014-12-22;125.41
16427;2014-12-23;126.03
16428;2014-12-24;126.24
16433;2014-12-29;126.67
16434;2014-12-30;126.95
16435;2014-12-31;127.51
16437;2015-01-02;128.12
16440;2015-01-05;128.28
16441;2015-01-06;127.3
16442;2015-01-07;127.05
16443;2015-01-08;127.91
16444;2015-01-09;127.28
16447;2015-01-12;127.63
16448;2015-01-13;127.61
16449;2015-01-14;126.65
16450;2015-01-15;127.31
16451;2015-01-16;127.4
16454;2015-01-19;127.79
16455;2015-01-20;127.03
16456;2015-01-21;126.76
16457;2015-01-22;127.25
16458;2015-01-23;128.26
16461;2015-01-26;129.13
16462;2015-01-27;127.43
16463;2015-01-28;128.41
16464;2015-01-29;129.69
16465;2015-01-30;129.65
16468;2015-02-02;130.22
16469;2015-02-03;130.98
16470;2015-02-04;131.42
16471;2015-02-05;132.47
16472;2015-02-06;132.96
16475;2015-02-09;133.16
16476;2015-02-10;133.15
16477;2015-02-11;132.76
16478;2015-02-12;134.48
16479;2015-02-13;134.59
16482;2015-02-16;135.83
16483;2015-02-17;136.31
16484;2015-02-18;136.3
16485;2015-02-19;136.39
16486;2015-02-20;135.87
16489;2015-02-23;136.23
16490;2015-02-24;136.67
16491;2015-02-25;136.6
16492;2015-02-26;136.89
16493;2015-02-27;138.32
16496;2015-03-02;139.31
16497;2015-03-03;138.57
16498;2015-03-04;138.62
16499;2015-03-05;139.57
16500;2015-03-06;140.73
16503;2015-03-09;140.19
16504;2015-03-10;140.04
16505;2015-03-11;141.5
16506;2015-03-12;141.62
16507;2015-03-13;142.32
16510;2015-03-16;143.63
16511;2015-03-17;143.41
16512;2015-03-18;142.64
16513;2015-03-19;142.85
16514;2015-03-20;144.43
16517;2015-03-23;144.68
16518;2015-03-24;145.52
16519;2015-03-25;145.99
16520;2015-03-26;144.99
16521;2015-03-27;145.39
16524;2015-03-30;146.42
16525;2015-03-31;146.15
16526;2015-04-01;146.19
16527;2015-04-02;146.27
16532;2015-04-07;146.19
16533;2015-04-08;145.61
16534;2015-04-09;145.53
16535;2015-04-10;146.65
16538;2015-04-13;147.63
16539;2015-04-14;147.66
16540;2015-04-15;148.82
16541;2015-04-16;149.41
16542;2015-04-17;147.49
16545;2015-04-20;148.05
16546;2015-04-21;148.57
16547;2015-04-22;148.74
16548;2015-04-23;148.79
16549;2015-04-24;148.14
16552;2015-04-27;150
16553;2015-04-28;149.54
16554;2015-04-29;147.91
16555;2015-04-30;147.85
16559;2015-05-04;148.41
16560;2015-05-05;148.77
16561;2015-05-06;148.07
16562;2015-05-07;147.9
16566;2015-05-11;150.26
16567;2015-05-12;149.45
16568;2015-05-13;151.01
16570;2015-05-15;151.72
16573;2015-05-18;152.85
16574;2015-05-19;153.46
16575;2015-05-20;154.31
16576;2015-05-21;154.6
16577;2015-05-22;154.65
16581;2015-05-26;154.15
16582;2015-05-27;155.57
16583;2015-05-28;155.53
16584;2015-05-29;155.09
16587;2015-06-01;155.27
16588;2015-06-02;156.13
16589;2015-06-03;156.66
16590;2015-06-04;155.93
16591;2015-06-05;155.56
16594;2015-06-08;153.79
16595;2015-06-09;153.03
16596;2015-06-10;153.57
16597;2015-06-11;154.18
16598;2015-06-12;152.71
16601;2015-06-15;150.87
16602;2015-06-16;151.5
16604;2015-06-18;152.22
16605;2015-06-19;153.97
16608;2015-06-22;156.78
16609;2015-06-23;158.72
16610;2015-06-24;159.68
16611;2015-06-25;159.53
16612;2015-06-26;159.43
16615;2015-06-29;154.21
16616;2015-06-30;153.98
16617;2015-07-01;157
16618;2015-07-02;156.35
16619;2015-07-03;155.42
16622;2015-07-06;155.15
16623;2015-07-07;154.58
16624;2015-07-08;154.46
16625;2015-07-09;155.88
16626;2015-07-10;158.22
16629;2015-07-13;161.3
16631;2015-07-15;163.35
16632;2015-07-16;165.22
16633;2015-07-17;165.23
16636;2015-07-20;166.59
16637;2015-07-21;167.44
16638;2015-07-22;167.82
16639;2015-07-23;167.69
16640;2015-07-24;168.13
16643;2015-07-27;166.46
16644;2015-07-28;169.05
16645;2015-07-29;170.03
16646;2015-07-30;170.66
16647;2015-07-31;169.45
16650;2015-08-03;168.4
16651;2015-08-04;167.36
16652;2015-08-05;168.11
16653;2015-08-06;167.84
16654;2015-08-07;167.07
16657;2015-08-10;166.57
16658;2015-08-11;165.34
16659;2015-08-12;162.79
16660;2015-08-13;163.51
16661;2015-08-14;163.34
16664;2015-08-17;162.96
16665;2015-08-18;162.68
16666;2015-08-19;162.02
16667;2015-08-20;160.33
16668;2015-08-21;158.48
16671;2015-08-24;151.71
16672;2015-08-25;154.92
16673;2015-08-26;156.86
16674;2015-08-27;160.22
16675;2015-08-28;160.04
16678;2015-08-31;159.65
16679;2015-09-01;157.05
16680;2015-09-02;156.96
16681;2015-09-03;159.02
16682;2015-09-04;157.91
16685;2015-09-07;157.74
16686;2015-09-08;159.28
16687;2015-09-09;160.38
16688;2015-09-10;160.04
16689;2015-09-11;159.65
16692;2015-09-14;158.62
16693;2015-09-15;158.24
16694;2015-09-16;157.8
16695;2015-09-17;157.5
16696;2015-09-18;155.91
16699;2015-09-21;156.09
16700;2015-09-22;154.03
16701;2015-09-23;154.92
16702;2015-09-24;152.65
16703;2015-09-25;154.78
16706;2015-09-28;153.86
16707;2015-09-29;152.1
16708;2015-09-30;153.52
16709;2015-10-01;153.28
16710;2015-10-02;153.71
16713;2015-10-05;155.42
16714;2015-10-06;156.89
16715;2015-10-07;157.19
16716;2015-10-08;157.31
16717;2015-10-09;158.75
16720;2015-10-12;158.7
16721;2015-10-13;158.45
16722;2015-10-14;158.09
16723;2015-10-15;158.81
16724;2015-10-16;160.45
16727;2015-10-19;160.89
16728;2015-10-20;160.5
16729;2015-10-21;160.79
16730;2015-10-22;161.44
16731;2015-10-23;159.35
16734;2015-10-26;159.77
16735;2015-10-27;159.52
16736;2015-10-28;160.8
16737;2015-10-29;160.02
16738;2015-10-30;160.19
16741;2015-11-02;161
16742;2015-11-03;160.69
16743;2015-11-04;161.27
16744;2015-11-05;161.12
16745;2015-11-06;161.98
16748;2015-11-09;161.71
16749;2015-11-10;161.53
16751;2015-11-12;161.35
16752;2015-11-13;160.93
16755;2015-11-16;159.45
16756;2015-11-17;159.78
16757;2015-11-18;159.85
16758;2015-11-19;159.64
16759;2015-11-20;159.52
16762;2015-11-23;160.52
16763;2015-11-24;159.11
16764;2015-11-25;159.15
16765;2015-11-26;160.77
16766;2015-11-27;161.71
16769;2015-11-30;162.59
16770;2015-12-01;162.91
16771;2015-12-02;162.87
16772;2015-12-03;163.56
16773;2015-12-04;163.52
16776;2015-12-07;163.73
16777;2015-12-08;162.56
16778;2015-12-09;163.08
16779;2015-12-10;161.63
16780;2015-12-11;161.74
16783;2015-12-14;160.48
16784;2015-12-15;161.55
16785;2015-12-16;163.54
16786;2015-12-17;164.88
16787;2015-12-18;164.33
16790;2015-12-21;164.49
16791;2015-12-22;164.69
16792;2015-12-23;164.91
16793;2015-12-24;165.48
16797;2015-12-28;165.57
16798;2015-12-29;166.91
16799;2015-12-30;167.44
16800;2015-12-31;167.8
16804;2016-01-04;166.03
16805;2016-01-05;167.05
16806;2016-01-06;166.14
16807;2016-01-07;164.03
16808;2016-01-08;166.04
16811;2016-01-11;166.74
16812;2016-01-12;169.6
16813;2016-01-13;170.58
16814;2016-01-14;168.32
16815;2016-01-15;166.05
16818;2016-01-18;162.93
16819;2016-01-19;164.78
16820;2016-01-20;159.99
16821;2016-01-21;160.65
16822;2016-01-22;163.58
16825;2016-01-25;165.02
16826;2016-01-26;165.44
16827;2016-01-27;165.3
16828;2016-01-28;164.13
16829;2016-01-29;164.03
16832;2016-02-01;164.92
16833;2016-02-02;162.25
16834;2016-02-03;161.26
16835;2016-02-04;161.69
16836;2016-02-05;162.2
16839;2016-02-08;157.57
16840;2016-02-09;153.25
16841;2016-02-10;155.57
16842;2016-02-11;153.21
16843;2016-02-12;154.17
16846;2016-02-15;157.38
16847;2016-02-16;157.99
16848;2016-02-17;161.8
16849;2016-02-18;162.17
16850;2016-02-19;162.2
16853;2016-02-22;164.49
16854;2016-02-23;165.83
16855;2016-02-24;163.6
16856;2016-02-25;164.69
16857;2016-02-26;165.87
16860;2016-02-29;166.33
16861;2016-03-01;168.27
16862;2016-03-02;168.8
16863;2016-03-03;168.97
16864;2016-03-04;169.29
16867;2016-03-07;168.95
16868;2016-03-08;168.38
16869;2016-03-09;167.55
16870;2016-03-10;166.75
16871;2016-03-11;167.82
16874;2016-03-14;168.78
16875;2016-03-15;169.59
16876;2016-03-16;169.97
16877;2016-03-17;169.72
16878;2016-03-18;171.11
16881;2016-03-21;170.69
16882;2016-03-22;170.77
16883;2016-03-23;169.38
16884;2016-03-24;168.28
16889;2016-03-29;167.58
16890;2016-03-30;168.38
16891;2016-03-31;167.35
16892;2016-04-01;167.14
16895;2016-04-04;166.72
16896;2016-04-05;166.67
16897;2016-04-06;166.57
16898;2016-04-07;166.17
16899;2016-04-08;165.86
16902;2016-04-11;166.96
16903;2016-04-12;167.18
16904;2016-04-13;168.48
16905;2016-04-14;168.95
16906;2016-04-15;169.15
16909;2016-04-18;169.36
16910;2016-04-19;169.82
16911;2016-04-20;171
16912;2016-04-21;171.4
16913;2016-04-22;170.83
16916;2016-04-25;170.91
16917;2016-04-26;170.6
16918;2016-04-27;172.07
16919;2016-04-28;170.69
16920;2016-04-29;170.71
16923;2016-05-02;171.68
16924;2016-05-03;171.15
16925;2016-05-04;171.73
16927;2016-05-06;172.25
16930;2016-05-09;172.97
16931;2016-05-10;175.03
16932;2016-05-11;175.22
16933;2016-05-12;175.6
16934;2016-05-13;175.86
16938;2016-05-17;175.31
16939;2016-05-18;175.1
16940;2016-05-19;174.91
16941;2016-05-20;175.64
16944;2016-05-23;176.61
16945;2016-05-24;176.77
16946;2016-05-25;177.68
16947;2016-05-26;178.59
16948;2016-05-27;179.53
16951;2016-05-30;180.78
16952;2016-05-31;181.31
16953;2016-06-01;181.79
16954;2016-06-02;182.4
16955;2016-06-03;181.84
16958;2016-06-06;181.84
16959;2016-06-07;181.84
16960;2016-06-08;182
16961;2016-06-09;181.67
16962;2016-06-10;178.73
16965;2016-06-13;175.49
16966;2016-06-14;173.12
16967;2016-06-15;173.3
16968;2016-06-16;171.09
16969;2016-06-17;172.02
16972;2016-06-20;174.65
16973;2016-06-21;177.47
16974;2016-06-22;176.26
16975;2016-06-23;176.54
16976;2016-06-24;170.3
16979;2016-06-27;167.57
16980;2016-06-28;170.86
16981;2016-06-29;173.98
16982;2016-06-30;175.34
16983;2016-07-01;177.63
16986;2016-07-04;177.55
16987;2016-07-05;175.18
16988;2016-07-06;172.47
16989;2016-07-07;173.32
16990;2016-07-08;173.95
16993;2016-07-11;174.61
16994;2016-07-12;176.39
16995;2016-07-13;176.63
16997;2016-07-15;177.26
17000;2016-07-18;179.31
17001;2016-07-19;180.32
17002;2016-07-20;181.57
17003;2016-07-21;181.4
17004;2016-07-22;179.79
17007;2016-07-25;181.04
17008;2016-07-26;182.41
17009;2016-07-27;183.98
17010;2016-07-28;183.66
17011;2016-07-29;184.42
17014;2016-08-01;184.42
17015;2016-08-02;184.32
17016;2016-08-03;183.83
17017;2016-08-04;185.25
17018;2016-08-05;187.13
17021;2016-08-08;187.63
17022;2016-08-09;188.11
17023;2016-08-10;188.37
17024;2016-08-11;190.02
17025;2016-08-12;189.4
17029;2016-08-16;190.91
17030;2016-08-17;190.69
17031;2016-08-18;192.43
17032;2016-08-19;192.82
17035;2016-08-22;194.36
17036;2016-08-23;194.04
17037;2016-08-24;194.71
17038;2016-08-25;195.16
17039;2016-08-26;195.95
17042;2016-08-29;196.23
17043;2016-08-30;196.9
17044;2016-08-31;197.02
17045;2016-09-01;196.84
17046;2016-09-02;197.95
17049;2016-09-05;200.96
17050;2016-09-06;200.6
17051;2016-09-07;200.13
17052;2016-09-08;201.02
17053;2016-09-09;201.58
17056;2016-09-12;199.17
17057;2016-09-13;199.99
17058;2016-09-14;199.71
17059;2016-09-15;199.27
17060;2016-09-16;199.43
17063;2016-09-19;200.7
17064;2016-09-20;199.71
17065;2016-09-21;201.13
17066;2016-09-22;201.64
17067;2016-09-23;201.34
17070;2016-09-26;199.26
17071;2016-09-27;198.34
17072;2016-09-28;200.71
17073;2016-09-29;200.24
17074;2016-09-30;198.43
17077;2016-10-03;200.55
17078;2016-10-04;201.43
17079;2016-10-05;202.08
17080;2016-10-06;201.85
17081;2016-10-07;202.08
17084;2016-10-10;202.06
17085;2016-10-11;203
17086;2016-10-12;203.83
17087;2016-10-13;203.24
17088;2016-10-14;204
17091;2016-10-17;204
17092;2016-10-18;204.14
17093;2016-10-19;203.9
17094;2016-10-20;204.01
17095;2016-10-21;203.95
17098;2016-10-24;203.49
17099;2016-10-25;202.6
17100;2016-10-26;203.36
17101;2016-10-27;202.51
17102;2016-10-28;202.21
17105;2016-10-31;202.35
17107;2016-11-02;199.65
17108;2016-11-03;198.75
17109;2016-11-04;198.17
17112;2016-11-07;198.45
17113;2016-11-08;198.62
17114;2016-11-09;198.87
17115;2016-11-10;199.83
17119;2016-11-14;199.79
17120;2016-11-15;198.83
17121;2016-11-16;200.02
17122;2016-11-17;200.5
17123;2016-11-18;200.72
17126;2016-11-21;200.55
17127;2016-11-22;202.23
17128;2016-11-23;203.25
17129;2016-11-24;204.72
17130;2016-11-25;205.45
17133;2016-11-28;204.9
17134;2016-11-29;205.52
17135;2016-11-30;205.76
17136;2016-12-01;205.85
17137;2016-12-02;205.38
17140;2016-12-05;207.58
17141;2016-12-06;208.42
17142;2016-12-07;210.49
17143;2016-12-08;212.41
17144;2016-12-09;213.83
17147;2016-12-12;214.2
17148;2016-12-13;214.97
17149;2016-12-14;216.26
17150;2016-12-15;216.96
17151;2016-12-16;217.23
17154;2016-12-19;219.25
17155;2016-12-20;220.12
17156;2016-12-21;220.73
17157;2016-12-22;221.86
17158;2016-12-23;222.54
17162;2016-12-27;225.42
17163;2016-12-28;227.44
17164;2016-12-29;228.09
17165;2016-12-30;229.95
17168;2017-01-02;231.47
17169;2017-01-03;231.43
17170;2017-01-04;232.98
17171;2017-01-05;236.37
17172;2017-01-06;239.58
17175;2017-01-09;239.36
17176;2017-01-10;237.06
17177;2017-01-11;236.99
17178;2017-01-12;236.54
17179;2017-01-13;237.16
17182;2017-01-16;237.66
17183;2017-01-17;236.63
17184;2017-01-18;237.08
17185;2017-01-19;238.44
17186;2017-01-20;238.89
17189;2017-01-23;238.88
17190;2017-01-24;240.13
17192;2017-01-26;245.62
17193;2017-01-27;244.07
17196;2017-01-30;241.19
17197;2017-01-31;240.16
17198;2017-02-01;241.49
17199;2017-02-02;242.99
17200;2017-02-03;243.74
17203;2017-02-06;241.89
17204;2017-02-07;241.36
17206;2017-02-09;238.26
17207;2017-02-10;239.04
17210;2017-02-13;241.15
17211;2017-02-14;241.53
17212;2017-02-15;240.83
17213;2017-02-16;240.08
17214;2017-02-17;238.17
17217;2017-02-20;238.41
17218;2017-02-21;240.32
17219;2017-02-22;239.31
17220;2017-02-23;236.99
17224;2017-02-27;233.5
17225;2017-02-28;233.83
17226;2017-03-01;235.6
17227;2017-03-02;235.79
17228;2017-03-03;236.52
17231;2017-03-06;235.55
17232;2017-03-07;236.72
17233;2017-03-08;237.08
17234;2017-03-09;236.65
17235;2017-03-10;237.92
17238;2017-03-13;236.54
17240;2017-03-15;231.67
17241;2017-03-16;233.28
17242;2017-03-17;233.62
17245;2017-03-20;234.72
17246;2017-03-21;232.61
17247;2017-03-22;231.37
17248;2017-03-23;233.78
17249;2017-03-24;235.16
17252;2017-03-27;235.49
17253;2017-03-28;237.22
17254;2017-03-29;235.39
17255;2017-03-30;235.51
17256;2017-03-31;236.36
17259;2017-04-03;237.2
17260;2017-04-04;235.73
17261;2017-04-05;234.34
17262;2017-04-06;234.61
17263;2017-04-07;234.06
17266;2017-04-10;233.91
17267;2017-04-11;231.1
17268;2017-04-12;229.95
17269;2017-04-13;226.43
17274;2017-04-18;220.41
17275;2017-04-19;219.52
17276;2017-04-20;220.16
17277;2017-04-21;220.14
17280;2017-04-24;227.69
17281;2017-04-25;230.08
17282;2017-04-26;231.61
17283;2017-04-27;232.63
17284;2017-04-28;236.38
17288;2017-05-02;238.82
17289;2017-05-03;240.06
17290;2017-05-04;240.51
17291;2017-05-05;240.8
17295;2017-05-09;246.14
17296;2017-05-10;246.07
17297;2017-05-11;246.28
17298;2017-05-12;246.62
17301;2017-05-15;247.9
17302;2017-05-16;253.89
17303;2017-05-17;251.77
17304;2017-05-18;249.31
17305;2017-05-19;252.34
17308;2017-05-22;252.56
17309;2017-05-23;255.28
17310;2017-05-24;255.39
17312;2017-05-26;258.08
17315;2017-05-29;258.48
17316;2017-05-30;259.36
17317;2017-05-31;260.48
17318;2017-06-01;261.87
17319;2017-06-02;262.85
17323;2017-06-06;261.46
17324;2017-06-07;260.56
17325;2017-06-08;262.14
17326;2017-06-09;265.3
17329;2017-06-12;262.84
17330;2017-06-13;263.34
17331;2017-06-14;263.44
17332;2017-06-15;261.65
17333;2017-06-16;262.5
17336;2017-06-19;263.33
17337;2017-06-20;266.17
17338;2017-06-21;266.57
17339;2017-06-22;266.42
17340;2017-06-23;265.49
17343;2017-06-26;268.12
17344;2017-06-27;267.49
17345;2017-06-28;266.91
17346;2017-06-29;266.86
17347;2017-06-30;264.23
17350;2017-07-03;263.21
17351;2017-07-04;262.8
17352;2017-07-05;262.23
17353;2017-07-06;261.5
17357;2017-07-10;261.19
17358;2017-07-11;261.52
17359;2017-07-12;261.96
17360;2017-07-13;262.99
17364;2017-07-17;263.61
17365;2017-07-18;263.82
17366;2017-07-19;264.82
17367;2017-07-20;263.11
17368;2017-07-21;263.4
17371;2017-07-24;263.33
17372;2017-07-25;264.43
17373;2017-07-26;263.45
17374;2017-07-27;260.66
17375;2017-07-28;259.11
17378;2017-07-31;259
17379;2017-08-01;258.82
17380;2017-08-02;257.98
17381;2017-08-03;258.42
17382;2017-08-04;259.04
17385;2017-08-07;258.7
17386;2017-08-08;260.17
17387;2017-08-09;257.41
17388;2017-08-10;255.39
17389;2017-08-11;252.63
17392;2017-08-14;254.33
17394;2017-08-16;256.81
17395;2017-08-17;256.59
17396;2017-08-18;254.85
17399;2017-08-21;253.69
17400;2017-08-22;253.4
17401;2017-08-23;253.16
17402;2017-08-24;253.89
17403;2017-08-25;253.25
17406;2017-08-28;252.72
17407;2017-08-29;250.53
17408;2017-08-30;251.35
17409;2017-08-31;252.25
17410;2017-09-01;253.77
17413;2017-09-04;254.04
17414;2017-09-05;255.62
17415;2017-09-06;257.17
17416;2017-09-07;257.72
17417;2017-09-08;259.03
17420;2017-09-11;259.49
17421;2017-09-12;257.43
17422;2017-09-13;259.03
17423;2017-09-14;258.54
17424;2017-09-15;258.16
17427;2017-09-18;259.41
17428;2017-09-19;259.67
17429;2017-09-20;257.5
17430;2017-09-21;258.2
17431;2017-09-22;258.34
17434;2017-09-25;257.4
17435;2017-09-26;257.11
17436;2017-09-27;257.9
17437;2017-09-28;258.79
17438;2017-09-29;260.82
17441;2017-10-02;261.8
17442;2017-10-03;263.88
17443;2017-10-04;265.46
17444;2017-10-05;265.76
17445;2017-10-06;265.24
17448;2017-10-09;264.64
17449;2017-10-10;264.4
17450;2017-10-11;264.9
17451;2017-10-12;264.86
17452;2017-10-13;264.68
17455;2017-10-16;263.44
17456;2017-10-17;264.26
17457;2017-10-18;263.26
17458;2017-10-19;260.46
17459;2017-10-20;261.61
17462;2017-10-23;260.22
17463;2017-10-24;260.58
17464;2017-10-25;260.93
17465;2017-10-26;260.7
17466;2017-10-27;259.76
17469;2017-10-30;258.39
17470;2017-10-31;258.33
17472;2017-11-02;259.3
17473;2017-11-03;259.24
17476;2017-11-06;259.15
17477;2017-11-07;258.15
17478;2017-11-08;257.45
17479;2017-11-09;254.92
17480;2017-11-10;252.55
17483;2017-11-13;249.29
17484;2017-11-14;250
17485;2017-11-15;245.54
17486;2017-11-16;246.49
17487;2017-11-17;245.97
17490;2017-11-20;247.36
17491;2017-11-21;248.94
17492;2017-11-22;251.14
17493;2017-11-23;250.94
17494;2017-11-24;249.52
17497;2017-11-27;249.2
17498;2017-11-28;250.6
17499;2017-11-29;251.05
17500;2017-11-30;250.82
17501;2017-12-01;249.5
17504;2017-12-04;250.53
17505;2017-12-05;249.19
17506;2017-12-06;247.12
17507;2017-12-07;250.2
17508;2017-12-08;253.52
17511;2017-12-11;255.25
17512;2017-12-12;256.92
17513;2017-12-13;257.36
17514;2017-12-14;256.76
17515;2017-12-15;257.97
17518;2017-12-18;259.75
17519;2017-12-19;259.37
17520;2017-12-20;258.38
17521;2017-12-21;259.51
17522;2017-12-22;257.14
17527;2017-12-27;256.45
17528;2017-12-28;258.41
17529;2017-12-29;259.2
17533;2018-01-02;263.03
17534;2018-01-03;264.86
17535;2018-01-04;265.72
17536;2018-01-05;266.79
17539;2018-01-08;268.91
17540;2018-01-09;270.09
17541;2018-01-10;270.84
17542;2018-01-11;270.29
17543;2018-01-12;271.78
17546;2018-01-15;274.3
17547;2018-01-16;274.47
17548;2018-01-17;275.12
17549;2018-01-18;274.4
17550;2018-01-19;274.66
17553;2018-01-22;274.64
17554;2018-01-23;276.09
17555;2018-01-24;277.2
17556;2018-01-25;275.28
17557;2018-01-26;274.41
17560;2018-01-29;273.75
17561;2018-01-30;271.44
17562;2018-01-31;270.13
17563;2018-02-01;271.21
17564;2018-02-02;268.72
17567;2018-02-05;263.31
17568;2018-02-06;257.56
17569;2018-02-07;262.94
17570;2018-02-08;260.59
17571;2018-02-09;256.56
17574;2018-02-12;259.94
17575;2018-02-13;258.36
17576;2018-02-14;263.07
17577;2018-02-15;264.14
17578;2018-02-16;266.45
17581;2018-02-19;266.35
17582;2018-02-20;268.16
17583;2018-02-21;266.8
17584;2018-02-22;266.66
17585;2018-02-23;267.28
17588;2018-02-26;265.87
17589;2018-02-27;268.27
17590;2018-02-28;265.91
17591;2018-03-01;263.51
17592;2018-03-02;260.12
17595;2018-03-05;261.6
17596;2018-03-06;260.81
17597;2018-03-07;260.67
17598;2018-03-08;262.65
17599;2018-03-09;262.38
17602;2018-03-12;265.75
17603;2018-03-13;266.7
17604;2018-03-14;264.2
17605;2018-03-15;262.14
17606;2018-03-16;256.68
17609;2018-03-19;257.23
17610;2018-03-20;257.6
17611;2018-03-21;255.26
17612;2018-03-22;253.3
17613;2018-03-23;252.86
17616;2018-03-26;260.95
17617;2018-03-27;262.28
17618;2018-03-28;261.27
17619;2018-03-29;262.09
17624;2018-04-03;261.61
17625;2018-04-04;258.72
17626;2018-04-05;260.27
17627;2018-04-06;261.34
17630;2018-04-09;263.7
17631;2018-04-10;264.24
17632;2018-04-11;264.13
17633;2018-04-12;262.66
17634;2018-04-13;262.59
17637;2018-04-16;263.08
17638;2018-04-17;265.01
17639;2018-04-18;263.09
17640;2018-04-19;263.67
17641;2018-04-20;265.89
17644;2018-04-23;265.84
17645;2018-04-24;264.12
17646;2018-04-25;260.22
17647;2018-04-26;260.86
17648;2018-04-27;261.89
17651;2018-04-30;262.44
17653;2018-05-02;263.12
17654;2018-05-03;263.39
17655;2018-05-04;264.02
17658;2018-05-07;263.3
17660;2018-05-09;265.05
17662;2018-05-11;265.28
17665;2018-05-14;264.69
17666;2018-05-15;262.82
17667;2018-05-16;262.16
17668;2018-05-17;262.95
17669;2018-05-18;262.04
17673;2018-05-22;263.52
17674;2018-05-23;259.52
17675;2018-05-24;260.06
17676;2018-05-25;259.67
17679;2018-05-28;258.36
17680;2018-05-29;256.7
17681;2018-05-30;255.93
17682;2018-05-31;257.26
17683;2018-06-01;258.39
17686;2018-06-04;257.97
17687;2018-06-05;256.61
17688;2018-06-06;256.82
17689;2018-06-07;256.79
17690;2018-06-08;255.63
17693;2018-06-11;256.41
17694;2018-06-12;257.33
17695;2018-06-13;258.06
17696;2018-06-14;259.76
17697;2018-06-15;260.73
17700;2018-06-18;260.88
17701;2018-06-19;258.78
17702;2018-06-20;258.08
17703;2018-06-21;256.96
17704;2018-06-22;256.09
17707;2018-06-25;254.98
17708;2018-06-26;254.37
17709;2018-06-27;252.67
17710;2018-06-28;253.09
17711;2018-06-29;253.23
17714;2018-07-02;252
17715;2018-07-03;249.93
17716;2018-07-04;247.67
17717;2018-07-05;246.94
17718;2018-07-06;247.34
17721;2018-07-09;248.62
17722;2018-07-10;248.26
17723;2018-07-11;246.11
17724;2018-07-12;246.81
17725;2018-07-13;246.55
17728;2018-07-16;245.71
17729;2018-07-17;245.31
17730;2018-07-18;246.53
17731;2018-07-19;248.04
17732;2018-07-20;248.39
17735;2018-07-23;247.55
17736;2018-07-24;247
17737;2018-07-25;245.47
17738;2018-07-26;245.31
17739;2018-07-27;247.21
17742;2018-07-30;248.23
17743;2018-07-31;247.41
17744;2018-08-01;246
17745;2018-08-02;245.45
17746;2018-08-03;245.64
17749;2018-08-06;243.72
17750;2018-08-07;245.19
17751;2018-08-08;244.74
17752;2018-08-09;243
17753;2018-08-10;242.55
17756;2018-08-13;240.74
17757;2018-08-14;238.6
17759;2018-08-16;237.01
17760;2018-08-17;236.63
17763;2018-08-20;238.39
17764;2018-08-21;239.3
17765;2018-08-22;240.76
17766;2018-08-23;241.06
17767;2018-08-24;241.39
17770;2018-08-27;240.99
17771;2018-08-28;241.03
17772;2018-08-29;240.8
17773;2018-08-30;238.94
17774;2018-08-31;239.77
17777;2018-09-03;239.55
17778;2018-09-04;237.99
17779;2018-09-05;237
17780;2018-09-06;234.1
17781;2018-09-07;232.8
17784;2018-09-10;230
17785;2018-09-11;229.72
17786;2018-09-12;229.35
17787;2018-09-13;229.49
17788;2018-09-14;229.88
17791;2018-09-17;230.21
17792;2018-09-18;228.85
17793;2018-09-19;227.66
17794;2018-09-20;225.28
17795;2018-09-21;224.95
17798;2018-09-24;224.31
17799;2018-09-25;224.59
17800;2018-09-26;224.1
17801;2018-09-27;223.11
17802;2018-09-28;219.66
17805;2018-10-01;219.08
17806;2018-10-02;219.13
17807;2018-10-03;219.9
17808;2018-10-04;218.36
17809;2018-10-05;215.37
17812;2018-10-08;212.91
17813;2018-10-09;211.05
17814;2018-10-10;205.68
17815;2018-10-11;201.35
17816;2018-10-12;203.32
17819;2018-10-15;204.48
17820;2018-10-16;206.94
17821;2018-10-17;207.34
17822;2018-10-18;206.38
17823;2018-10-19;202.64
17826;2018-10-22;201.55
17827;2018-10-23;196.39
17828;2018-10-24;194.12
17829;2018-10-25;191.52
17830;2018-10-26;189.31
17833;2018-10-29;191.64
17834;2018-10-30;191.6
17835;2018-10-31;195.88
17837;2018-11-02;200.14
17840;2018-11-05;199.24
17841;2018-11-06;197.79
17842;2018-11-07;200.8
17843;2018-11-08;200.81
17844;2018-11-09;198.42
17847;2018-11-12;194.41
17848;2018-11-13;193.96
17849;2018-11-14;193.18
17850;2018-11-15;190.56
17851;2018-11-16;188.19
17854;2018-11-19;185.77
17855;2018-11-20;181.42
17856;2018-11-21;181.28
17857;2018-11-22;177.4
17858;2018-11-23;172.67
17861;2018-11-26;175
17862;2018-11-27;175.23
17863;2018-11-28;178
17864;2018-11-29;180.94
17865;2018-11-30;178.96
17868;2018-12-03;181.13
17869;2018-12-04;178.78
17870;2018-12-05;175.02
17871;2018-12-06;169.04
17872;2018-12-07;168.12
17875;2018-12-10;163.68
17876;2018-12-11;164.94
17877;2018-12-12;167.23
17878;2018-12-13;166.48
17879;2018-12-14;163.37
17882;2018-12-17;160.11
17883;2018-12-18;159.71
17884;2018-12-19;160.16
17885;2018-12-20;156.44
17886;2018-12-21;156.13
17889;2018-12-24;154.78
17892;2018-12-27;155.01
17893;2018-12-28;158.62
17896;2018-12-31;162.66
17898;2019-01-02;162.19
17899;2019-01-03;160.55
17900;2019-01-04;163.82
17903;2019-01-07;166.36
17904;2019-01-08;171.64
17905;2019-01-09;179.96
17906;2019-01-10;184.17
17907;2019-01-11;185.46
17910;2019-01-14;181.04
17911;2019-01-15;178.91
17912;2019-01-16;179.03
17913;2019-01-17;178.5
17914;2019-01-18;181.89
17917;2019-01-21;182.85
17918;2019-01-22;183.18
17919;2019-01-23;182.82
17920;2019-01-24;184.28
17921;2019-01-25;184.45
17924;2019-01-28;184.17
17925;2019-01-29;182.86
17926;2019-01-30;184.84
17927;2019-01-31;183.85
17928;2019-02-01;184.26
17931;2019-02-04;185.51
17932;2019-02-05;186.55
17933;2019-02-06;185.19
17934;2019-02-07;181.42
17935;2019-02-08;179.69
17938;2019-02-11;180.64
17939;2019-02-12;181.41
17940;2019-02-13;180.83
17941;2019-02-14;181.38
17942;2019-02-15;181.14
17945;2019-02-18;182.87
17946;2019-02-19;182.54
17947;2019-02-20;183.82
17948;2019-02-21;183.1
17949;2019-02-22;183.48
17952;2019-02-25;184.24
17953;2019-02-26;185.8
17954;2019-02-27;185.13
17955;2019-02-28;185.13
17956;2019-03-01;186.21
17959;2019-03-04;187.47
17960;2019-03-05;186.61
17961;2019-03-06;186.71
17962;2019-03-07;185.17
17963;2019-03-08;181.97
17966;2019-03-11;182.67
17967;2019-03-12;183.22
17968;2019-03-13;183.77
17969;2019-03-14;183.1
17970;2019-03-15;184.86
17973;2019-03-18;185.48
17974;2019-03-19;192.91
17975;2019-03-20;191.28
17976;2019-03-21;190.74
17977;2019-03-22;188.62
17980;2019-03-25;187.66
17981;2019-03-26;187.19
17982;2019-03-27;188.9
17983;2019-03-28;190.04
17984;2019-03-29;192.24
17987;2019-04-01;195.32
17988;2019-04-02;197.54
17989;2019-04-03;199.01
17990;2019-04-04;199.3
17991;2019-04-05;199.27
17994;2019-04-08;200.68
17997;2019-04-11;200.55
17998;2019-04-12;203.38
18001;2019-04-15;206.71
18002;2019-04-16;208.02
18003;2019-04-17;211.62
18004;2019-04-18;211.01
18009;2019-04-23;208.79
18010;2019-04-24;208.09
18011;2019-04-25;207.79
18012;2019-04-26;208.04
18015;2019-04-29;207.99
18016;2019-04-30;207.8
18018;2019-05-02;207.37
18019;2019-05-03;206.08
18022;2019-05-06;202.28
18023;2019-05-07;201.36
18025;2019-05-09;197.69
18026;2019-05-10;197.89
18029;2019-05-13;194.64
18030;2019-05-14;197.48
18031;2019-05-15;198.63
18032;2019-05-16;200.29
18033;2019-05-17;201.38
18036;2019-05-20;197.51
18037;2019-05-21;198.43
18038;2019-05-22;198.8
18039;2019-05-23;194.16
18040;2019-05-24;195.69
18043;2019-05-27;196.99
18044;2019-05-28;198.44
18045;2019-05-29;196.5
18047;2019-05-31;194.03
18050;2019-06-03;192.35
18051;2019-06-04;195.62
18052;2019-06-05;197.88
18053;2019-06-06;198.17
18054;2019-06-07;200.38
18058;2019-06-11;203.96
18059;2019-06-12;203.9
18060;2019-06-13;204.41
18061;2019-06-14;204.34
18064;2019-06-17;203.17
18065;2019-06-18;205.66
18066;2019-06-19;209.02
18067;2019-06-20;208.59
18068;2019-06-21;209.45
18071;2019-06-24;207.72
18072;2019-06-25;208.61
18073;2019-06-26;208.79
18074;2019-06-27;209.02
18075;2019-06-28;208.54
18079;2019-07-02;214.69
18080;2019-07-03;214.75
18082;2019-07-05;213.98
18085;2019-07-08;213.8
18086;2019-07-09;210.91
18087;2019-07-10;210.54
18088;2019-07-11;209.23
18089;2019-07-12;210.65
18092;2019-07-15;209.79
18093;2019-07-16;207.92
18094;2019-07-17;205.58
18095;2019-07-18;204.01
18096;2019-07-19;205.63
18099;2019-07-22;205.73
18100;2019-07-23;207.88
18101;2019-07-24;206.1
18102;2019-07-25;206.29
18103;2019-07-26;208.46
18106;2019-07-29;208.89
18107;2019-07-30;205.35
18108;2019-07-31;202.14
18109;2019-08-01;200.79
18110;2019-08-02;199.47
18113;2019-08-05;195
18114;2019-08-06;195.1
18115;2019-08-07;195.98
18116;2019-08-08;197.74
18117;2019-08-09;195.67
18120;2019-08-12;194.16
18121;2019-08-13;193.28
18122;2019-08-14;190.92
18124;2019-08-16;191.06
18127;2019-08-19;193.25
18128;2019-08-20;193.02
18129;2019-08-21;193.28
18130;2019-08-22;193.52
18131;2019-08-23;191.59
18134;2019-08-26;191
18135;2019-08-27;190.22
18136;2019-08-28;190.06
18137;2019-08-29;190.47
18138;2019-08-30;192.2
18141;2019-09-02;191.88
18142;2019-09-03;190.26
18143;2019-09-04;192.08
18144;2019-09-05;192.47
18145;2019-09-06;192.92
18148;2019-09-09;194.41
18149;2019-09-10;194.22
18150;2019-09-11;196.43
18151;2019-09-12;195.19
18152;2019-09-13;196.93
18155;2019-09-16;196.8
18156;2019-09-17;196.83
18157;2019-09-18;195.82
18158;2019-09-19;197.17
18159;2019-09-20;195.51
18162;2019-09-23;192.77
18163;2019-09-24;192.19
18164;2019-09-25;191.07
18165;2019-09-26;190.9
18166;2019-09-27;193.74
18169;2019-09-30;193.5
18170;2019-10-01;192.33
18171;2019-10-02;190.49
18172;2019-10-03;191.39
18173;2019-10-04;191.86
18176;2019-10-07;191.92
18177;2019-10-08;189.98
18178;2019-10-09;191.13
18179;2019-10-10;193.33
18180;2019-10-11;195.65
18183;2019-10-14;194.05
18184;2019-10-15;194.89
18185;2019-10-16;194.39
18186;2019-10-17;195.14
18187;2019-10-18;193.75
18190;2019-10-21;193.9
18191;2019-10-22;192.81
18192;2019-10-23;192.55
18193;2019-10-24;193.7
18194;2019-10-25;194.04
18197;2019-10-28;194.03
18198;2019-10-29;192.86
18199;2019-10-30;193.03
18200;2019-10-31;194.23
18204;2019-11-04;198.33
18205;2019-11-05;199.66
18206;2019-11-06;198.46
18207;2019-11-07;199.74
18208;2019-11-08;200.49
18212;2019-11-12;203.3
18213;2019-11-13;202.43
18214;2019-11-14;203.27
18215;2019-11-15;203.47
18218;2019-11-18;203.65
18219;2019-11-19;202.19
18220;2019-11-20;203.01
18221;2019-11-21;202.35
18222;2019-11-22;203.91
18225;2019-11-25;204.65
18226;2019-11-26;205.69
18227;2019-11-27;207.2
18228;2019-11-28;207.46
18229;2019-11-29;205.53
18232;2019-12-02;204.28
18233;2019-12-03;203.19
18234;2019-12-04;203.58
18235;2019-12-05;203.61
18236;2019-12-06;204.48
18239;2019-12-09;203.84
18240;2019-12-10;205.75
18241;2019-12-11;206.47
18242;2019-12-12;206.52
18243;2019-12-13;207.98
18246;2019-12-16;208.16
18247;2019-12-17;208.11
18248;2019-12-18;208.89
18249;2019-12-19;207.53
18250;2019-12-20;208
18253;2019-12-23;209.41
18254;2019-12-24;209.61
18257;2019-12-27;210.55
18260;2019-12-30;212.55
18261;2019-12-31;214.75
18263;2020-01-02;216.2
18264;2020-01-03;215.24
18267;2020-01-06;212.86
18268;2020-01-07;213.07
18269;2020-01-08;211.68
18270;2020-01-09;213.31
18271;2020-01-10;213.28
18274;2020-01-13;213.49
18275;2020-01-14;213.21
18276;2020-01-15;214.92
18277;2020-01-16;216.76
18278;2020-01-17;217.5
18281;2020-01-20;216.81
18282;2020-01-21;216.28
18283;2020-01-22;215.63
18284;2020-01-23;214.15
18285;2020-01-24;215.31
18288;2020-01-27;211.07
18289;2020-01-28;211.06
18290;2020-01-29;211
18291;2020-01-30;208.74
18292;2020-01-31;207.95
18295;2020-02-03;207
18296;2020-02-04;208.8
18297;2020-02-05;209.63
18298;2020-02-06;210.79
18299;2020-02-07;209.86
18302;2020-02-10;208.06
18303;2020-02-11;209.71
18304;2020-02-12;211.17
18305;2020-02-13;210.45
18306;2020-02-14;211.01
18309;2020-02-17;212.61
18310;2020-02-18;210.36
18311;2020-02-19;210.43
18312;2020-02-20;212.74
18313;2020-02-21;210.72
18316;2020-02-24;200.82
18317;2020-02-25;196.83
18318;2020-02-26;196.55
18319;2020-02-27;189.97
18320;2020-02-28;182.41
18323;2020-03-02;180.6
18324;2020-03-03;186.7
18325;2020-03-04;188.36
18326;2020-03-05;184.79
18327;2020-03-06;178.84
18330;2020-03-09;167
18331;2020-03-10;168.09
18332;2020-03-11;163.49
