15429;2012-03-30;6.59
15432;2012-04-02;6.67
15433;2012-04-03;6.61
15434;2012-04-04;6.57
15435;2012-04-05;6.59
15440;2012-04-10;6.49
15441;2012-04-11;6.41
15442;2012-04-12;6.44
15443;2012-04-13;6.51
15446;2012-04-16;6.46
15447;2012-04-17;6.39
15448;2012-04-18;6.49
15449;2012-04-19;6.45
15450;2012-04-20;6.38
15453;2012-04-23;6.33
15454;2012-04-24;6.36
15455;2012-04-25;6.36
15456;2012-04-26;6.36
15457;2012-04-27;6.36
15460;2012-04-30;6.35
15467;2012-05-07;6.22
15468;2012-05-08;6.3
15469;2012-05-09;6.27
15470;2012-05-10;6.24
15471;2012-05-11;6.21
15474;2012-05-14;6.27
15475;2012-05-15;6.2
15476;2012-05-16;6.12
15478;2012-05-18;6.11
15481;2012-05-21;6.08
15482;2012-05-22;6.11
15483;2012-05-23;6.1
15484;2012-05-24;6.13
15485;2012-05-25;6.12
15489;2012-05-29;6.19
15490;2012-05-30;6.18
15491;2012-05-31;6.27
15492;2012-06-01;6.1
15495;2012-06-04;6
15496;2012-06-05;6.1
15497;2012-06-06;6.14
15498;2012-06-07;6.16
15499;2012-06-08;6.14
15502;2012-06-11;6.14
15503;2012-06-12;6.18
15504;2012-06-13;6.2
15505;2012-06-14;6.16
15506;2012-06-15;6.22
15509;2012-06-18;6.32
15510;2012-06-19;6.24
15511;2012-06-20;6.3
15512;2012-06-21;6.33
15513;2012-06-22;6.3
15516;2012-06-25;6.35
15517;2012-06-26;6.31
15518;2012-06-27;6.36
15519;2012-06-28;6.51
15520;2012-06-29;6.46
15523;2012-07-02;6.5
15524;2012-07-03;6.55
15525;2012-07-04;6.57
15526;2012-07-05;6.64
15527;2012-07-06;6.68
15530;2012-07-09;6.62
15531;2012-07-10;6.61
15532;2012-07-11;6.61
15533;2012-07-12;6.59
15534;2012-07-13;6.56
15538;2012-07-17;6.53
15539;2012-07-18;6.55
15540;2012-07-19;6.64
15541;2012-07-20;6.57
15544;2012-07-23;6.53
15545;2012-07-24;6.48
15546;2012-07-25;6.38
15547;2012-07-26;6.37
15548;2012-07-27;6.43
15551;2012-07-30;6.56
15552;2012-07-31;6.57
15553;2012-08-01;6.53
15554;2012-08-02;6.64
15555;2012-08-03;6.57
15558;2012-08-06;6.56
15559;2012-08-07;6.58
15560;2012-08-08;6.61
15561;2012-08-09;6.67
15562;2012-08-10;6.67
15565;2012-08-13;6.62
15566;2012-08-14;6.61
15568;2012-08-16;6.65
15569;2012-08-17;6.67
15572;2012-08-20;6.68
15573;2012-08-21;6.61
15574;2012-08-22;6.6
15575;2012-08-23;6.65
15576;2012-08-24;6.59
15579;2012-08-27;6.55
15580;2012-08-28;6.48
15581;2012-08-29;6.5
15582;2012-08-30;6.44
15583;2012-08-31;6.31
15586;2012-09-03;6.32
15587;2012-09-04;6.3
15588;2012-09-05;6.22
15589;2012-09-06;6.27
15590;2012-09-07;6.31
15593;2012-09-10;6.33
15594;2012-09-11;6.3
15595;2012-09-12;6.34
15596;2012-09-13;6.39
15597;2012-09-14;6.32
15600;2012-09-17;6.27
15601;2012-09-18;6.33
15602;2012-09-19;6.4
15603;2012-09-20;6.38
15604;2012-09-21;6.35
15607;2012-09-24;6.4
15608;2012-09-25;6.42
15609;2012-09-26;6.41
15610;2012-09-27;6.44
15611;2012-09-28;6.35
15614;2012-10-01;6.27
15616;2012-10-03;6.19
15617;2012-10-04;6.22
15618;2012-10-05;6.18
15621;2012-10-08;6.26
15622;2012-10-09;6.2
15623;2012-10-10;6.13
15624;2012-10-11;6.06
15625;2012-10-12;6.05
15628;2012-10-15;6.08
15629;2012-10-16;6.13
15630;2012-10-17;6.18
15631;2012-10-18;6.23
15632;2012-10-19;6.25
15635;2012-10-22;6.22
15636;2012-10-23;6.16
15637;2012-10-24;6.18
15638;2012-10-25;6.21
15639;2012-10-26;6.21
15642;2012-10-29;6.2
15643;2012-10-30;6.12
15644;2012-10-31;6.18
15646;2012-11-02;6.28
15649;2012-11-05;6.31
15650;2012-11-06;6.27
15651;2012-11-07;6.34
15652;2012-11-08;6.25
15653;2012-11-09;6.29
15656;2012-11-12;6.21
15657;2012-11-13;6.21
15658;2012-11-14;6.12
15659;2012-11-15;6.13
15660;2012-11-16;6.28
15663;2012-11-19;6.33
15664;2012-11-20;6.28
15665;2012-11-21;6.25
15666;2012-11-22;6.3
15667;2012-11-23;6.26
15670;2012-11-26;6.32
15671;2012-11-27;6.32
15672;2012-11-28;6.29
15673;2012-11-29;6.29
15674;2012-11-30;6.28
15677;2012-12-03;6.28
15678;2012-12-04;6.27
15679;2012-12-05;6.24
15680;2012-12-06;6.31
15681;2012-12-07;6.35
15684;2012-12-10;6.33
15685;2012-12-11;6.26
15686;2012-12-12;6.27
15687;2012-12-13;6.28
15688;2012-12-14;6.29
15691;2012-12-17;6.28
15692;2012-12-18;6.36
15693;2012-12-19;6.46
15694;2012-12-20;6.47
15695;2012-12-21;6.5
15701;2012-12-27;6.49
15709;2013-01-04;6.76
15712;2013-01-07;6.7
15713;2013-01-08;6.6
15714;2013-01-09;6.65
15715;2013-01-10;6.66
15716;2013-01-11;6.54
15719;2013-01-14;6.66
15720;2013-01-15;6.63
15721;2013-01-16;6.54
15722;2013-01-17;6.54
15723;2013-01-18;6.59
15726;2013-01-21;6.58
15727;2013-01-22;6.63
15728;2013-01-23;6.54
15729;2013-01-24;6.62
15730;2013-01-25;6.61
15733;2013-01-28;6.56
15734;2013-01-29;6.62
15735;2013-01-30;6.64
15736;2013-01-31;6.71
15737;2013-02-01;6.63
15740;2013-02-04;6.74
15741;2013-02-05;6.69
15742;2013-02-06;6.81
15743;2013-02-07;6.89
15744;2013-02-08;6.87
15747;2013-02-11;6.95
15748;2013-02-12;6.92
15749;2013-02-13;6.78
15750;2013-02-14;6.83
15751;2013-02-15;6.78
15754;2013-02-18;6.83
15755;2013-02-19;6.84
15756;2013-02-20;6.91
15757;2013-02-21;6.96
15758;2013-02-22;6.95
15761;2013-02-25;6.92
15762;2013-02-26;7.1
15763;2013-02-27;7.03
15764;2013-02-28;7.09
15765;2013-03-01;7.22
15768;2013-03-04;7.23
15769;2013-03-05;7.19
15770;2013-03-06;7.3
15771;2013-03-07;7.24
15772;2013-03-08;7.25
15775;2013-03-11;7.4
15776;2013-03-12;7.35
15777;2013-03-13;7.39
15778;2013-03-14;7.43
15779;2013-03-15;7.51
15782;2013-03-18;7.48
15783;2013-03-19;7.51
15784;2013-03-20;7.47
15785;2013-03-21;7.59
15786;2013-03-22;7.45
15789;2013-03-25;7.61
15790;2013-03-26;7.59
15791;2013-03-27;7.75
15901;2013-07-15;8.49
15902;2013-07-16;8.45
15903;2013-07-17;8.48
15904;2013-07-18;8.48
15905;2013-07-19;8.41
15908;2013-07-22;8.44
15909;2013-07-23;8.45
15910;2013-07-24;8.4
15911;2013-07-25;8.18
15912;2013-07-26;8.02
15915;2013-07-29;7.88
15916;2013-07-30;7.98
15917;2013-07-31;7.89
15918;2013-08-01;8.18
15919;2013-08-02;8.29
15922;2013-08-05;8.26
15923;2013-08-06;8.32
15924;2013-08-07;8.16
15925;2013-08-08;8.04
15926;2013-08-09;8.03
15929;2013-08-12;8
15930;2013-08-13;8.05
15931;2013-08-14;8.16
15933;2013-08-16;7.97
15936;2013-08-19;7.97
15937;2013-08-20;7.84
15938;2013-08-21;7.8
15939;2013-08-22;7.85
15940;2013-08-23;7.86
15943;2013-08-26;7.87
15944;2013-08-27;7.82
15945;2013-08-28;7.78
15946;2013-08-29;7.79
15947;2013-08-30;7.75
15950;2013-09-02;7.86
15951;2013-09-03;8.01
15952;2013-09-04;8.06
15953;2013-09-05;8.06
15954;2013-09-06;8.06
15957;2013-09-09;8.15
15958;2013-09-10;8.19
15959;2013-09-11;8.2
15960;2013-09-12;8.24
15961;2013-09-13;8.25
15964;2013-09-16;8.25
15965;2013-09-17;8.2
15966;2013-09-18;8.3
15967;2013-09-19;8.27
15968;2013-09-20;8.29
15971;2013-09-23;8.37
15972;2013-09-24;8.35
15973;2013-09-25;8.31
15974;2013-09-26;8.42
15975;2013-09-27;8.44
15978;2013-09-30;8.32
15979;2013-10-01;8.29
15980;2013-10-02;8.23
15981;2013-10-03;8.21
15982;2013-10-04;8.17
15985;2013-10-07;8.08
15986;2013-10-08;8.07
15987;2013-10-09;8.24
15988;2013-10-10;8.21
15989;2013-10-11;8.32
15992;2013-10-14;8.32
15993;2013-10-15;8.35
15994;2013-10-16;8.29
15995;2013-10-17;8.33
15996;2013-10-18;8.33
15999;2013-10-21;8.35
16000;2013-10-22;8.3
16001;2013-10-23;8.19
16002;2013-10-24;8.32
16003;2013-10-25;8.15
16006;2013-10-28;8.28
16007;2013-10-29;8.21
16008;2013-10-30;8.26
16009;2013-10-31;8.27
16013;2013-11-04;8.27
16014;2013-11-05;8.3
16015;2013-11-06;8.28
16016;2013-11-07;8.29
16017;2013-11-08;8.26
16020;2013-11-11;8.23
16021;2013-11-12;8.34
16022;2013-11-13;8.36
16023;2013-11-14;8.39
16024;2013-11-15;8.5
16027;2013-11-18;8.49
16028;2013-11-19;8.46
16029;2013-11-20;8.41
16030;2013-11-21;8.46
16031;2013-11-22;8.44
16034;2013-11-25;8.47
16035;2013-11-26;8.41
16036;2013-11-27;8.3
16037;2013-11-28;8.39
16038;2013-11-29;8.36
16041;2013-12-02;8.34
16042;2013-12-03;8.36
16043;2013-12-04;8.24
16044;2013-12-05;8.14
16045;2013-12-06;8.21
16048;2013-12-09;8.19
16049;2013-12-10;8.19
16050;2013-12-11;8.15
16051;2013-12-12;8.07
16052;2013-12-13;8.06
16055;2013-12-16;8.04
16056;2013-12-17;8.04
16057;2013-12-18;8.15
16058;2013-12-19;8.19
16059;2013-12-20;8.14
16062;2013-12-23;8.15
16066;2013-12-27;8.24
16076;2014-01-06;8.37
16077;2014-01-07;8.32
16078;2014-01-08;8.46
16079;2014-01-09;8.41
16080;2014-01-10;8.42
16083;2014-01-13;8.37
16084;2014-01-14;8.26
16085;2014-01-15;8.43
16086;2014-01-16;8.41
16087;2014-01-17;8.44
16090;2014-01-20;8.44
16091;2014-01-21;8.43
16092;2014-01-22;8.43
16093;2014-01-23;8.37
16094;2014-01-24;8.17
16097;2014-01-27;8.01
16098;2014-01-28;7.95
16099;2014-01-29;8.06
16100;2014-01-30;8.01
16101;2014-01-31;7.96
16104;2014-02-03;7.88
16105;2014-02-04;7.61
16106;2014-02-05;7.79
16107;2014-02-06;7.71
16108;2014-02-07;7.84
16111;2014-02-10;7.95
16112;2014-02-11;7.92
16113;2014-02-12;8.08
16114;2014-02-13;7.93
16115;2014-02-14;7.82
16118;2014-02-17;7.86
16119;2014-02-18;8.02
16120;2014-02-19;7.99
16121;2014-02-20;7.85
16122;2014-02-21;7.97
16125;2014-02-24;7.97
16126;2014-02-25;8.07
16127;2014-02-26;8.04
16128;2014-02-27;7.99
16129;2014-02-28;7.88
16132;2014-03-03;7.83
16133;2014-03-04;7.95
16134;2014-03-05;7.92
16135;2014-03-06;7.91
16136;2014-03-07;7.92
16139;2014-03-10;7.86
16140;2014-03-11;7.9
16141;2014-03-12;7.75
16142;2014-03-13;7.73
16143;2014-03-14;7.55
16146;2014-03-17;7.53
16147;2014-03-18;7.55
16148;2014-03-19;7.52
16149;2014-03-20;7.4
16150;2014-03-21;7.49
16153;2014-03-24;7.45
16154;2014-03-25;7.45
16155;2014-03-26;7.5
16156;2014-03-27;7.61
16157;2014-03-28;7.63
16160;2014-03-31;7.68
16161;2014-04-01;7.68
16162;2014-04-02;7.71
16163;2014-04-03;7.76
16164;2014-04-04;7.8
16167;2014-04-07;7.67
16168;2014-04-08;7.46
16169;2014-04-09;7.39
16170;2014-04-10;7.37
16171;2014-04-11;7.28
16174;2014-04-14;7.29
16175;2014-04-15;7.31
16176;2014-04-16;7.48
16177;2014-04-17;7.49
16182;2014-04-22;7.45
16183;2014-04-23;7.54
16184;2014-04-24;7.48
16185;2014-04-25;7.52
16188;2014-04-28;7.4
16189;2014-04-29;7.48
16190;2014-04-30;7.43
16197;2014-05-07;7.38
16198;2014-05-08;7.48
16199;2014-05-09;7.58
16202;2014-05-12;7.5
16203;2014-05-13;7.66
16204;2014-05-14;7.71
16205;2014-05-15;7.7
16206;2014-05-16;7.55
16209;2014-05-19;7.49
16210;2014-05-20;7.5
16211;2014-05-21;7.47
16212;2014-05-22;7.59
16213;2014-05-23;7.67
16216;2014-05-26;7.76
16217;2014-05-27;7.77
16218;2014-05-28;7.82
16220;2014-05-30;7.84
16223;2014-06-02;7.93
16224;2014-06-03;7.95
16225;2014-06-04;8
16226;2014-06-05;8
16227;2014-06-06;7.98
16231;2014-06-10;8
16232;2014-06-11;8.09
16233;2014-06-12;8.09
16234;2014-06-13;8.12
16237;2014-06-16;8.05
16238;2014-06-17;8.02
16239;2014-06-18;8.06
16240;2014-06-19;8.21
16241;2014-06-20;8.24
16245;2014-06-24;8.2
16246;2014-06-25;8.16
16247;2014-06-26;8.24
16248;2014-06-27;8.16
16251;2014-06-30;8.19
16252;2014-07-01;8.26
16253;2014-07-02;8.26
16254;2014-07-03;8.23
16255;2014-07-04;8.29
16258;2014-07-07;8.27
16259;2014-07-08;8.26
16260;2014-07-09;8.22
16261;2014-07-10;8.11
16262;2014-07-11;8.15
16265;2014-07-14;8.18
16266;2014-07-15;8.25
16267;2014-07-16;8.28
16268;2014-07-17;8.29
16269;2014-07-18;8.25
16272;2014-07-21;8.25
16273;2014-07-22;8.32
16274;2014-07-23;8.31
16275;2014-07-24;8.28
16276;2014-07-25;8.34
16279;2014-07-28;8.36
16280;2014-07-29;8.39
16281;2014-07-30;8.4
16282;2014-07-31;8.36
16283;2014-08-01;8.29
16286;2014-08-04;8.27
16287;2014-08-05;8.19
16288;2014-08-06;8.14
16289;2014-08-07;8.18
16290;2014-08-08;7.99
16293;2014-08-11;8.13
16294;2014-08-12;8.18
16295;2014-08-13;8.19
16296;2014-08-14;8.22
16300;2014-08-18;8.21
16301;2014-08-19;8.28
16302;2014-08-20;8.25
16303;2014-08-21;8.3
16304;2014-08-22;8.26
16307;2014-08-25;8.33
16308;2014-08-26;8.3
16309;2014-08-27;8.31
16310;2014-08-28;8.27
16311;2014-08-29;8.23
16314;2014-09-01;8.27
16315;2014-09-02;8.33
16316;2014-09-03;8.34
16317;2014-09-04;8.39
16318;2014-09-05;8.41
16321;2014-09-08;8.42
16322;2014-09-09;8.41
16323;2014-09-10;8.4
16324;2014-09-11;8.4
16325;2014-09-12;8.39
16328;2014-09-15;8.4
16329;2014-09-16;8.37
16330;2014-09-17;8.31
16331;2014-09-18;8.34
16332;2014-09-19;8.44
16335;2014-09-22;8.44
16336;2014-09-23;8.43
16337;2014-09-24;8.44
16338;2014-09-25;8.6
16339;2014-09-26;8.58
16342;2014-09-29;8.61
16343;2014-09-30;8.56
16344;2014-10-01;8.51
16345;2014-10-02;8.32
16346;2014-10-03;8.33
16349;2014-10-06;8.45
16350;2014-10-07;8.44
16351;2014-10-08;8.31
16352;2014-10-09;8.23
16353;2014-10-10;8.15
16356;2014-10-13;8.04
16357;2014-10-14;8.02
16358;2014-10-15;7.89
16359;2014-10-16;7.92
16360;2014-10-17;7.85
16363;2014-10-20;8.03
16364;2014-10-21;8.03
16365;2014-10-22;8.15
16366;2014-10-23;8.15
16367;2014-10-24;8.12
16370;2014-10-27;8.2
16371;2014-10-28;8.13
16372;2014-10-29;8.22
16373;2014-10-30;8.31
16374;2014-10-31;8.72
16377;2014-11-03;8.76
16378;2014-11-04;8.62
16379;2014-11-05;8.55
16380;2014-11-06;8.51
16381;2014-11-07;8.53
16384;2014-11-10;8.49
16385;2014-11-11;8.52
16386;2014-11-12;8.54
16387;2014-11-13;8.55
16388;2014-11-14;8.56
16391;2014-11-17;8.43
16392;2014-11-18;8.46
16393;2014-11-19;8.39
16394;2014-11-20;8.38
16395;2014-11-21;8.48
16398;2014-11-24;8.44
16399;2014-11-25;8.51
16400;2014-11-26;8.47
16401;2014-11-27;8.41
16402;2014-11-28;8.45
16405;2014-12-01;8.51
16406;2014-12-02;8.53
16407;2014-12-03;8.57
16408;2014-12-04;8.57
16409;2014-12-05;8.55
16412;2014-12-08;8.61
16413;2014-12-09;8.45
16414;2014-12-10;8.41
16415;2014-12-11;8.42
16416;2014-12-12;8.32
16419;2014-12-15;8.23
16420;2014-12-16;8.16
16421;2014-12-17;8.14
16422;2014-12-18;8.44
16423;2014-12-19;8.47
16426;2014-12-22;8.49
16427;2014-12-23;8.62
16433;2014-12-29;8.55
16440;2015-01-05;8.51
16441;2015-01-06;8.45
16442;2015-01-07;8.55
16443;2015-01-08;8.55
16444;2015-01-09;8.59
16447;2015-01-12;8.41
16448;2015-01-13;8.59
16449;2015-01-14;8.59
16450;2015-01-15;8.71
16451;2015-01-16;8.78
16454;2015-01-19;8.74
16455;2015-01-20;8.85
16456;2015-01-21;8.85
16457;2015-01-22;8.98
16458;2015-01-23;9.19
16461;2015-01-26;9.11
16462;2015-01-27;9.1
16463;2015-01-28;9.21
16464;2015-01-29;9.1
16465;2015-01-30;9.13
16468;2015-02-02;9.05
16469;2015-02-03;8.85
16470;2015-02-04;9.04
16471;2015-02-05;8.97
16472;2015-02-06;8.98
16475;2015-02-09;9.04
16476;2015-02-10;9.02
16477;2015-02-11;9.1
16478;2015-02-12;9.09
16479;2015-02-13;9.1
16482;2015-02-16;9.17
16483;2015-02-17;9.15
16484;2015-02-18;9.32
16485;2015-02-19;9.42
16486;2015-02-20;9.57
16489;2015-02-23;9.48
16490;2015-02-24;9.48
16491;2015-02-25;9.5
16492;2015-02-26;9.68
16493;2015-02-27;9.71
16496;2015-03-02;9.66
16497;2015-03-03;9.73
16498;2015-03-04;9.74
16499;2015-03-05;9.79
16500;2015-03-06;9.99
16503;2015-03-09;9.93
16504;2015-03-10;9.95
16505;2015-03-11;10.12
16506;2015-03-12;10.19
16507;2015-03-13;10.39
16510;2015-03-16;10.36
16511;2015-03-17;10.42
16512;2015-03-18;10.54
16513;2015-03-19;10.47
16514;2015-03-20;10.42
16517;2015-03-23;10.42
16518;2015-03-24;10.41
16519;2015-03-25;10.42
16520;2015-03-26;10.34
16521;2015-03-27;10.36
16524;2015-03-30;10.36
16525;2015-03-31;10.37
16526;2015-04-01;10.27
16527;2015-04-02;10.31
16532;2015-04-07;10.43
16533;2015-04-08;10.57
16534;2015-04-09;10.7
16535;2015-04-10;10.81
16538;2015-04-13;10.8
16539;2015-04-14;10.81
16540;2015-04-15;10.81
16541;2015-04-16;10.81
16542;2015-04-17;10.7
16545;2015-04-20;10.68
16546;2015-04-21;10.84
16547;2015-04-22;10.92
16548;2015-04-23;10.88
16549;2015-04-24;10.8
16552;2015-04-27;10.74
16553;2015-04-28;10.74
16554;2015-04-29;10.62
16555;2015-04-30;10.29
16562;2015-05-07;10.03
16563;2015-05-08;10.12
16566;2015-05-11;10.2
16567;2015-05-12;10.12
16568;2015-05-13;10.17
16570;2015-05-15;10.15
16573;2015-05-18;10.26
16574;2015-05-19;10.42
16575;2015-05-20;10.47
16576;2015-05-21;10.43
16577;2015-05-22;10.51
16581;2015-05-26;10.52
16582;2015-05-27;10.55
16583;2015-05-28;10.55
16584;2015-05-29;10.47
16587;2015-06-01;10.51
16588;2015-06-02;10.33
16589;2015-06-03;10.2
16590;2015-06-04;10.16
16591;2015-06-05;10.21
16594;2015-06-08;10.07
16595;2015-06-09;9.92
16596;2015-06-10;9.97
16597;2015-06-11;10.1
16598;2015-06-12;10.14
16601;2015-06-15;10.17
16602;2015-06-16;10.06
16603;2015-06-17;9.97
16605;2015-06-19;10.04
16608;2015-06-22;10.08
16610;2015-06-24;10.34
16611;2015-06-25;10.29
16612;2015-06-26;10.28
16615;2015-06-29;10.14
16616;2015-06-30;10.18
16617;2015-07-01;10.37
16618;2015-07-02;10.3
16619;2015-07-03;10.37
16622;2015-07-06;10.22
16623;2015-07-07;10.43
16624;2015-07-08;10.12
16625;2015-07-09;10.07
16626;2015-07-10;9.87
16629;2015-07-13;10.25
16630;2015-07-14;10.31
16631;2015-07-15;10.38
16632;2015-07-16;10.51
16633;2015-07-17;10.56
16636;2015-07-20;10.55
16637;2015-07-21;10.58
16638;2015-07-22;10.47
16639;2015-07-23;10.47
16640;2015-07-24;10.44
16643;2015-07-27;10.14
16644;2015-07-28;10.19
16645;2015-07-29;10.23
16646;2015-07-30;10.35
16647;2015-07-31;10.38
16650;2015-08-03;10.46
16651;2015-08-04;10.49
16652;2015-08-05;10.5
16653;2015-08-06;10.49
16654;2015-08-07;10.57
16657;2015-08-10;10.56
16658;2015-08-11;10.42
16659;2015-08-12;10.26
16660;2015-08-13;10.27
16661;2015-08-14;10.26
16664;2015-08-17;10.35
16665;2015-08-18;10.39
16666;2015-08-19;10.23
16667;2015-08-20;10
16668;2015-08-21;9.68
16671;2015-08-24;8.68
16672;2015-08-25;9.2
16673;2015-08-26;9.3
16674;2015-08-27;9.61
16675;2015-08-28;9.8
16678;2015-08-31;9.71
16679;2015-09-01;9.4
16680;2015-09-02;9.32
16681;2015-09-03;9.47
16682;2015-09-04;9.3
16685;2015-09-07;9.26
16686;2015-09-08;9.21
16687;2015-09-09;9.52
16688;2015-09-10;9.3
16689;2015-09-11;9.17
16692;2015-09-14;9.21
16693;2015-09-15;9.22
16694;2015-09-16;9.24
16695;2015-09-17;9.3
16702;2015-09-24;8.93
16703;2015-09-25;9.19
16706;2015-09-28;9.14
16707;2015-09-29;8.92
16708;2015-09-30;9.08
16709;2015-10-01;9.22
16710;2015-10-02;9.12
16713;2015-10-05;9.54
16714;2015-10-06;9.41
16715;2015-10-07;9.49
16716;2015-10-08;9.39
16717;2015-10-09;9.48
16720;2015-10-12;9.47
16721;2015-10-13;9.41
16722;2015-10-14;9.2
16723;2015-10-15;9.44
16724;2015-10-16;9.48
16727;2015-10-19;9.44
16728;2015-10-20;9.41
16729;2015-10-21;9.56
16730;2015-10-22;9.75
16731;2015-10-23;9.95
16734;2015-10-26;9.93
16735;2015-10-27;9.87
16736;2015-10-28;9.84
16737;2015-10-29;9.93
16738;2015-10-30;10.01
16741;2015-11-02;9.88
16742;2015-11-03;10.1
16743;2015-11-04;10.07
16744;2015-11-05;10.18
16745;2015-11-06;10.26
16748;2015-11-09;10.41
16749;2015-11-10;10.44
16750;2015-11-11;10.45
16751;2015-11-12;10.42
16752;2015-11-13;10.43
16755;2015-11-16;10.35
16756;2015-11-17;10.47
16757;2015-11-18;10.46
16758;2015-11-19;10.56
16759;2015-11-20;10.63
16762;2015-11-23;10.67
16763;2015-11-24;10.73
16764;2015-11-25;10.68
16765;2015-11-26;10.73
16766;2015-11-27;10.7
16769;2015-11-30;10.6
16770;2015-12-01;10.72
16771;2015-12-02;10.74
16772;2015-12-03;10.51
16773;2015-12-04;10.24
16776;2015-12-07;10.39
16777;2015-12-08;10.28
16778;2015-12-09;10.19
16779;2015-12-10;10.14
16780;2015-12-11;9.98
16783;2015-12-14;10.07
16784;2015-12-15;10.04
16785;2015-12-16;10.12
16786;2015-12-17;10.29
16787;2015-12-18;10.22
16790;2015-12-21;10.15
16791;2015-12-22;10.14
16792;2015-12-23;10.19
16797;2015-12-28;10.14
16798;2015-12-29;10.27
16799;2015-12-30;10.28
16800;2015-12-31;10.34
16804;2016-01-04;10.07
16805;2016-01-05;10.27
16806;2016-01-06;10.19
16807;2016-01-07;9.93
16808;2016-01-08;9.83
16811;2016-01-11;9.68
16812;2016-01-12;9.68
16813;2016-01-13;9.82
16814;2016-01-14;9.57
16815;2016-01-15;9.36
16818;2016-01-18;9.45
16819;2016-01-19;9.46
16820;2016-01-20;9.2
16821;2016-01-21;8.96
16822;2016-01-22;9.36
16825;2016-01-25;9.46
16826;2016-01-26;9.25
16827;2016-01-27;9.45
16828;2016-01-28;9.33
16829;2016-01-29;9.46
16832;2016-02-01;9.7
16833;2016-02-02;9.6
16834;2016-02-03;9.38
16835;2016-02-04;9.09
16836;2016-02-05;9.06
16839;2016-02-08;8.92
16840;2016-02-09;8.62
16841;2016-02-10;8.54
16842;2016-02-11;8.31
16843;2016-02-12;8.07
16846;2016-02-15;8.71
16847;2016-02-16;8.67
16848;2016-02-17;8.82
16849;2016-02-18;8.94
16850;2016-02-19;8.78
16853;2016-02-22;8.99
16854;2016-02-23;8.99
16855;2016-02-24;8.83
16856;2016-02-25;9.06
16857;2016-02-26;9.13
16860;2016-02-29;9.06
16861;2016-03-01;9.21
16862;2016-03-02;9.41
16863;2016-03-03;9.46
16864;2016-03-04;9.42
16867;2016-03-07;9.2
16868;2016-03-08;9.25
16869;2016-03-09;9.17
16870;2016-03-10;9.18
16871;2016-03-11;9.23
16874;2016-03-14;9.4
16875;2016-03-15;9.31
16876;2016-03-16;9.31
16877;2016-03-17;9.2
16878;2016-03-18;9.2
16881;2016-03-21;9.2
16882;2016-03-22;9.39
16883;2016-03-23;9.32
16884;2016-03-24;9.31
16889;2016-03-29;9.45
16890;2016-03-30;9.3
16891;2016-03-31;9.17
16892;2016-04-01;8.93
16895;2016-04-04;8.97
16896;2016-04-05;8.88
16897;2016-04-06;8.86
16898;2016-04-07;8.96
16899;2016-04-08;9.14
16902;2016-04-11;9.08
16903;2016-04-12;9.17
16904;2016-04-13;9.57
16905;2016-04-14;9.62
16906;2016-04-15;9.65
16909;2016-04-18;9.58
16910;2016-04-19;9.72
16911;2016-04-20;9.76
16912;2016-04-21;9.87
16913;2016-04-22;9.81
16916;2016-04-25;9.79
16917;2016-04-26;9.7
16918;2016-04-27;9.64
16919;2016-04-28;9.62
16920;2016-04-29;9.27
16927;2016-05-06;9.37
16930;2016-05-09;9.39
16931;2016-05-10;9.46
16932;2016-05-11;9.47
16933;2016-05-12;9.46
16934;2016-05-13;9.44
16938;2016-05-17;9.47
16939;2016-05-18;9.46
16940;2016-05-19;9.51
16941;2016-05-20;9.49
16944;2016-05-23;9.56
16945;2016-05-24;9.57
16946;2016-05-25;9.63
16947;2016-05-26;9.54
16948;2016-05-27;9.64
16951;2016-05-30;9.62
16952;2016-05-31;9.71
16953;2016-06-01;9.65
16954;2016-06-02;9.61
16955;2016-06-03;9.47
16958;2016-06-06;9.61
16959;2016-06-07;9.67
16960;2016-06-08;9.77
16961;2016-06-09;9.77
16962;2016-06-10;9.56
16965;2016-06-13;9.42
16966;2016-06-14;9.4
16967;2016-06-15;9.41
16968;2016-06-16;9.39
16969;2016-06-17;9.3
16972;2016-06-20;9.42
16973;2016-06-21;9.6
16974;2016-06-22;9.48
16976;2016-06-24;9.52
16979;2016-06-27;9.52
16980;2016-06-28;9.56
16981;2016-06-29;9.51
16982;2016-06-30;9.52
16983;2016-07-01;9.58
16986;2016-07-04;9.64
16987;2016-07-05;9.55
16988;2016-07-06;9.58
16989;2016-07-07;9.49
16990;2016-07-08;9.55
16993;2016-07-11;9.77
16994;2016-07-12;9.88
16995;2016-07-13;9.8
16996;2016-07-14;9.84
16997;2016-07-15;9.76
17000;2016-07-18;9.8
17001;2016-07-19;9.83
17002;2016-07-20;9.84
17003;2016-07-21;9.92
17004;2016-07-22;9.87
17007;2016-07-25;9.89
17008;2016-07-26;9.9
17009;2016-07-27;9.93
17010;2016-07-28;9.83
17011;2016-07-29;10.14
17014;2016-08-01;10.11
17015;2016-08-02;9.95
17016;2016-08-03;9.92
17017;2016-08-04;9.99
17018;2016-08-05;10.09
17021;2016-08-08;10.04
17022;2016-08-09;10.17
17023;2016-08-10;10.13
17024;2016-08-11;10.15
17025;2016-08-12;10.26
17029;2016-08-16;10.1
17030;2016-08-17;10.16
17031;2016-08-18;9.97
17032;2016-08-19;9.98
17035;2016-08-22;10
17036;2016-08-23;9.99
17037;2016-08-24;10.06
17038;2016-08-25;10.02
17039;2016-08-26;9.91
17042;2016-08-29;10
17043;2016-08-30;9.95
17044;2016-08-31;10.01
17045;2016-09-01;10.04
17046;2016-09-02;10.03
17049;2016-09-05;10.08
17050;2016-09-06;10.18
17051;2016-09-07;10.27
17052;2016-09-08;10.18
17053;2016-09-09;10.12
17056;2016-09-12;10
17057;2016-09-13;9.99
17058;2016-09-14;9.88
17059;2016-09-15;9.77
17060;2016-09-16;9.97
17063;2016-09-19;10.01
17064;2016-09-20;10.03
17065;2016-09-21;10.42
17066;2016-09-22;10.32
17067;2016-09-23;10.34
17070;2016-09-26;10.25
17071;2016-09-27;10.4
17072;2016-09-28;10.32
17073;2016-09-29;10.28
17074;2016-09-30;10.19
17077;2016-10-03;10.24
17078;2016-10-04;10.25
17079;2016-10-05;10.2
17080;2016-10-06;10.18
17081;2016-10-07;10.23
17084;2016-10-10;10.2
17085;2016-10-11;10.31
17086;2016-10-12;10.21
17087;2016-10-13;10.24
17088;2016-10-14;10.22
17091;2016-10-17;10.3
17092;2016-10-18;10.33
17093;2016-10-19;10.44
17094;2016-10-20;10.47
17095;2016-10-21;10.49
17098;2016-10-24;10.46
17099;2016-10-25;10.54
17100;2016-10-26;10.59
17101;2016-10-27;10.54
17102;2016-10-28;10.62
17105;2016-10-31;10.57
17107;2016-11-02;10.35
17108;2016-11-03;10.4
17109;2016-11-04;10.22
17112;2016-11-07;10.24
17113;2016-11-08;10.2
17114;2016-11-09;10.3
17115;2016-11-10;10.31
17116;2016-11-11;10.34
17119;2016-11-14;10.47
17120;2016-11-15;10.47
17121;2016-11-16;10.58
17122;2016-11-17;10.56
17123;2016-11-18;10.6
17126;2016-11-21;10.63
17127;2016-11-22;10.67
17128;2016-11-23;10.62
17129;2016-11-24;10.61
17130;2016-11-25;10.6
17133;2016-11-28;10.65
17134;2016-11-29;10.59
17135;2016-11-30;10.68
17136;2016-12-01;10.52
17137;2016-12-02;10.49
17140;2016-12-05;10.38
17141;2016-12-06;10.34
17142;2016-12-07;10.42
17143;2016-12-08;10.67
17144;2016-12-09;10.74
17147;2016-12-12;10.71
17148;2016-12-13;10.76
17149;2016-12-14;10.79
17150;2016-12-15;10.86
17151;2016-12-16;10.83
17154;2016-12-19;10.93
17155;2016-12-20;10.93
17156;2016-12-21;10.87
17157;2016-12-22;10.81
17158;2016-12-23;10.86
17162;2016-12-27;10.8
17163;2016-12-28;10.86
17164;2016-12-29;10.74
17170;2017-01-04;10.94
17171;2017-01-05;11
17172;2017-01-06;10.92
17175;2017-01-09;10.98
17176;2017-01-10;10.93
17177;2017-01-11;10.98
17178;2017-01-12;10.91
17179;2017-01-13;10.97
17182;2017-01-16;11
17183;2017-01-17;10.79
17184;2017-01-18;10.81
17185;2017-01-19;10.8
17186;2017-01-20;10.82
17189;2017-01-23;10.75
17190;2017-01-24;10.74
17191;2017-01-25;10.79
17192;2017-01-26;10.97
17193;2017-01-27;10.93
17196;2017-01-30;11
17197;2017-01-31;10.92
17198;2017-02-01;10.87
17199;2017-02-02;10.86
17200;2017-02-03;10.88
17203;2017-02-06;11
17204;2017-02-07;11.01
17205;2017-02-08;11.12
17206;2017-02-09;10.98
17207;2017-02-10;11.2
17210;2017-02-13;11.25
17211;2017-02-14;11.17
17212;2017-02-15;11.22
17213;2017-02-16;11.21
17214;2017-02-17;11.26
17217;2017-02-20;11.26
17218;2017-02-21;11.36
17219;2017-02-22;11.42
17220;2017-02-23;11.4
17221;2017-02-24;11.4
17224;2017-02-27;11.25
17225;2017-02-28;11.29
17226;2017-03-01;11.43
17227;2017-03-02;11.36
17228;2017-03-03;11.26
17231;2017-03-06;11.29
17232;2017-03-07;11.29
17233;2017-03-08;11.24
17234;2017-03-09;11.19
17235;2017-03-10;11.27
17238;2017-03-13;11.28
17239;2017-03-14;11.32
17240;2017-03-15;11.31
17241;2017-03-16;11.38
17242;2017-03-17;11.37
17245;2017-03-20;11.35
17246;2017-03-21;11.34
17247;2017-03-22;11.2
17248;2017-03-23;11.21
17249;2017-03-24;11.3
17252;2017-03-27;11.13
17253;2017-03-28;11.29
17254;2017-03-29;11.42
17255;2017-03-30;11.26
17256;2017-03-31;11.21
17259;2017-04-03;11.3
17260;2017-04-04;11.28
17261;2017-04-05;11.2
17262;2017-04-06;11.11
17263;2017-04-07;11.22
17266;2017-04-10;11.26
17267;2017-04-11;11.31
17268;2017-04-12;11.24
17269;2017-04-13;11.18
17274;2017-04-18;11.17
17275;2017-04-19;11.15
17276;2017-04-20;11.09
17277;2017-04-21;11.26
17280;2017-04-24;11.09
17281;2017-04-25;11.11
17282;2017-04-26;11.17
17283;2017-04-27;11.15
17284;2017-04-28;11.03
17294;2017-05-08;11.28
17295;2017-05-09;11.17
17296;2017-05-10;11.23
17297;2017-05-11;11.27
17298;2017-05-12;11.23
17301;2017-05-15;11.14
17302;2017-05-16;11.1
17303;2017-05-17;11.05
17304;2017-05-18;11.07
17305;2017-05-19;11.01
17308;2017-05-22;11.01
17309;2017-05-23;11.05
17310;2017-05-24;11.06
17312;2017-05-26;11.14
17315;2017-05-29;11.14
17316;2017-05-30;11.15
17317;2017-05-31;11.12
17318;2017-06-01;11.18
17319;2017-06-02;11.39
17323;2017-06-06;11.42
17324;2017-06-07;11.43
17325;2017-06-08;11.37
17326;2017-06-09;11.35
17329;2017-06-12;11.41
17330;2017-06-13;11.37
17331;2017-06-14;11.37
17332;2017-06-15;11.32
17333;2017-06-16;11.31
17336;2017-06-19;11.31
17337;2017-06-20;11.41
17338;2017-06-21;11.35
17339;2017-06-22;11.41
17343;2017-06-26;11.35
17344;2017-06-27;11.26
17345;2017-06-28;11.14
17346;2017-06-29;11.15
17347;2017-06-30;11.08
17350;2017-07-03;11.06
17351;2017-07-04;11.04
17352;2017-07-05;11.1
17353;2017-07-06;11.02
17354;2017-07-07;10.92
17358;2017-07-11;10.99
17359;2017-07-12;11.04
17360;2017-07-13;11.04
17361;2017-07-14;11.11
17364;2017-07-17;11.1
17365;2017-07-18;11
17366;2017-07-19;11.1
17367;2017-07-20;11.11
17368;2017-07-21;11.09
17371;2017-07-24;11.08
17372;2017-07-25;10.96
17373;2017-07-26;11
17374;2017-07-27;11.04
17375;2017-07-28;11.02
17378;2017-07-31;11
17379;2017-08-01;11.02
17380;2017-08-02;11.03
17381;2017-08-03;11.06
17382;2017-08-04;11.03
17385;2017-08-07;11.1
17386;2017-08-08;11.1
17387;2017-08-09;11.14
17388;2017-08-10;11.16
17389;2017-08-11;10.95
17392;2017-08-14;10.99
17394;2017-08-16;11.07
17395;2017-08-17;11.11
17396;2017-08-18;11.1
17399;2017-08-21;11.02
17400;2017-08-22;11.02
17401;2017-08-23;11.03
17402;2017-08-24;10.97
17403;2017-08-25;10.97
17406;2017-08-28;10.92
17407;2017-08-29;10.88
17408;2017-08-30;10.86
17409;2017-08-31;10.98
17410;2017-09-01;11
17413;2017-09-04;10.95
17414;2017-09-05;10.9
17415;2017-09-06;10.87
17416;2017-09-07;10.9
17417;2017-09-08;10.95
17420;2017-09-11;11.04
17421;2017-09-12;11.05
17422;2017-09-13;11.07
17423;2017-09-14;11.06
17424;2017-09-15;10.99
17427;2017-09-18;10.94
17429;2017-09-20;11.1
17430;2017-09-21;11.06
17431;2017-09-22;11.02
17434;2017-09-25;11.09
17435;2017-09-26;11.18
17436;2017-09-27;11.17
17437;2017-09-28;11.25
17438;2017-09-29;11.23
17441;2017-10-02;11.27
17442;2017-10-03;11.3
17443;2017-10-04;11.3
17444;2017-10-05;11.34
17445;2017-10-06;11.32
17448;2017-10-09;11.35
17449;2017-10-10;11.41
17450;2017-10-11;11.37
17451;2017-10-12;11.41
17452;2017-10-13;11.53
17455;2017-10-16;11.65
17456;2017-10-17;11.68
17457;2017-10-18;11.61
17458;2017-10-19;11.64
17459;2017-10-20;11.58
17462;2017-10-23;11.71
17463;2017-10-24;11.71
17464;2017-10-25;11.65
17465;2017-10-26;11.71
17466;2017-10-27;11.94
17469;2017-10-30;11.97
17470;2017-10-31;11.86
17472;2017-11-02;11.93
17473;2017-11-03;11.95
17476;2017-11-06;11.96
17477;2017-11-07;12.08
17478;2017-11-08;12.19
17479;2017-11-09;12.01
17480;2017-11-10;12.03
17483;2017-11-13;11.94
17484;2017-11-14;11.78
17485;2017-11-15;11.59
17486;2017-11-16;11.74
17490;2017-11-20;11.81
17491;2017-11-21;11.9
17492;2017-11-22;11.94
17493;2017-11-23;11.92
17494;2017-11-24;11.84
17497;2017-11-27;11.84
17498;2017-11-28;11.81
17499;2017-11-29;11.9
17500;2017-11-30;11.83
17501;2017-12-01;11.86
17504;2017-12-04;11.81
17505;2017-12-05;11.88
17506;2017-12-06;11.79
17507;2017-12-07;11.9
17508;2017-12-08;11.99
17511;2017-12-11;12.02
17512;2017-12-12;12.07
17513;2017-12-13;12.07
17514;2017-12-14;12.03
17515;2017-12-15;11.97
17518;2017-12-18;12.12
17519;2017-12-19;12.05
17520;2017-12-20;12.02
17521;2017-12-21;12.01
17522;2017-12-22;12.09
17527;2017-12-27;12.08
17528;2017-12-28;12.01
17535;2018-01-04;12.15
17536;2018-01-05;12.3
17539;2018-01-08;12.39
17540;2018-01-09;12.48
17541;2018-01-10;12.58
17542;2018-01-11;12.48
17543;2018-01-12;12.33
17546;2018-01-15;12.36
17547;2018-01-16;12.47
17548;2018-01-17;12.42
17549;2018-01-18;12.31
17550;2018-01-19;12.43
17553;2018-01-22;12.43
17554;2018-01-23;12.56
17555;2018-01-24;12.49
17556;2018-01-25;12.34
17557;2018-01-26;12.35
17560;2018-01-29;12.42
17561;2018-01-30;12.22
17562;2018-01-31;12.01
17563;2018-02-01;12.12
17564;2018-02-02;11.96
17567;2018-02-05;11.75
17568;2018-02-06;11.52
17569;2018-02-07;11.59
17570;2018-02-08;11.61
17571;2018-02-09;11.47
17574;2018-02-12;11.52
17575;2018-02-13;11.41
17576;2018-02-14;11.37
17577;2018-02-15;11.48
17578;2018-02-16;11.66
17581;2018-02-19;11.91
17582;2018-02-20;11.78
17583;2018-02-21;11.73
17584;2018-02-22;11.71
17585;2018-02-23;11.81
17588;2018-02-26;11.88
17589;2018-02-27;12.03
17590;2018-02-28;11.93
17591;2018-03-01;11.76
17592;2018-03-02;11.37
17595;2018-03-05;11.4
17596;2018-03-06;11.47
17597;2018-03-07;11.37
17598;2018-03-08;11.44
17599;2018-03-09;11.46
17602;2018-03-12;11.66
17603;2018-03-13;11.61
17604;2018-03-14;11.61
17605;2018-03-15;11.66
17606;2018-03-16;11.7
17609;2018-03-19;11.55
17610;2018-03-20;11.48
17611;2018-03-21;11.49
17612;2018-03-22;11.47
17613;2018-03-23;11.21
17616;2018-03-26;11.15
17617;2018-03-27;11.41
17618;2018-03-28;11.36
17619;2018-03-29;11.39
17624;2018-04-03;11.42
17625;2018-04-04;11.4
17626;2018-04-05;11.46
17627;2018-04-06;11.42
17630;2018-04-09;11.41
17631;2018-04-10;11.41
17632;2018-04-11;11.38
17633;2018-04-12;11.36
17634;2018-04-13;11.38
17637;2018-04-16;11.41
17638;2018-04-17;11.44
17639;2018-04-18;11.55
17640;2018-04-19;11.55
17641;2018-04-20;11.62
17644;2018-04-23;11.62
17645;2018-04-24;11.65
17646;2018-04-25;11.67
17647;2018-04-26;11.71
17658;2018-05-07;11.95
17659;2018-05-08;12.05
17660;2018-05-09;11.91
17662;2018-05-11;12.09
17665;2018-05-14;12.1
17666;2018-05-15;12.16
17667;2018-05-16;12.2
17668;2018-05-17;12.2
17669;2018-05-18;12.27
17673;2018-05-22;12.19
17674;2018-05-23;12.29
17675;2018-05-24;12.22
17676;2018-05-25;12.25
17679;2018-05-28;12.24
17680;2018-05-29;12.25
17681;2018-05-30;12.07
17682;2018-05-31;12.21
17683;2018-06-01;12.06
17686;2018-06-04;12.14
17687;2018-06-05;12.19
17688;2018-06-06;12.06
17689;2018-06-07;12.09
17690;2018-06-08;12.16
17693;2018-06-11;12.15
17694;2018-06-12;12.14
17695;2018-06-13;12.16
17696;2018-06-14;12.17
17697;2018-06-15;12.24
17700;2018-06-18;12.16
17701;2018-06-19;12.09
17702;2018-06-20;12.09
17703;2018-06-21;12.08
17704;2018-06-22;11.99
17707;2018-06-25;11.91
17708;2018-06-26;11.84
17709;2018-06-27;11.85
17710;2018-06-28;11.88
17711;2018-06-29;11.84
17714;2018-07-02;11.65
17715;2018-07-03;11.65
17716;2018-07-04;11.64
17717;2018-07-05;11.44
17718;2018-07-06;11.47
17721;2018-07-09;11.6
17722;2018-07-10;11.66
17723;2018-07-11;11.55
17724;2018-07-12;11.52
17725;2018-07-13;11.71
17728;2018-07-16;11.67
17729;2018-07-17;11.74
17730;2018-07-18;11.78
17731;2018-07-19;11.83
17732;2018-07-20;11.76
17735;2018-07-23;11.77
17736;2018-07-24;11.82
17737;2018-07-25;11.87
17738;2018-07-26;11.97
17739;2018-07-27;12.09
17742;2018-07-30;11.95
17743;2018-07-31;11.75
17744;2018-08-01;11.89
17745;2018-08-02;11.83
17746;2018-08-03;11.89
17749;2018-08-06;11.8
17750;2018-08-07;11.9
17751;2018-08-08;11.89
17752;2018-08-09;11.87
17753;2018-08-10;11.91
17756;2018-08-13;11.8
17757;2018-08-14;11.9
17759;2018-08-16;11.7
17760;2018-08-17;11.77
17763;2018-08-20;11.74
17764;2018-08-21;11.61
17765;2018-08-22;11.64
17766;2018-08-23;11.59
17767;2018-08-24;11.61
17770;2018-08-27;11.77
17771;2018-08-28;11.72
17772;2018-08-29;11.76
17773;2018-08-30;11.81
17774;2018-08-31;11.86
17777;2018-09-03;11.78
17778;2018-09-04;11.82
17779;2018-09-05;11.58
17780;2018-09-06;11.52
17781;2018-09-07;11.54
17784;2018-09-10;11.5
17785;2018-09-11;11.57
17786;2018-09-12;11.52
17787;2018-09-13;11.52
17788;2018-09-14;11.62
17791;2018-09-17;11.6
17792;2018-09-18;11.76
17793;2018-09-19;11.97
17794;2018-09-20;11.9
17795;2018-09-21;11.96
17799;2018-09-25;12.04
17800;2018-09-26;12.19
17801;2018-09-27;12.07
17802;2018-09-28;12.28
17805;2018-10-01;12.24
17806;2018-10-02;12.38
17807;2018-10-03;12.27
17808;2018-10-04;12.19
17809;2018-10-05;12.12
17813;2018-10-09;12.05
17814;2018-10-10;12.03
17815;2018-10-11;11.77
17816;2018-10-12;11.73
17819;2018-10-15;11.53
17820;2018-10-16;11.54
17821;2018-10-17;11.78
17822;2018-10-18;11.71
17823;2018-10-19;11.62
17826;2018-10-22;11.65
17827;2018-10-23;11.45
17828;2018-10-24;11.45
17829;2018-10-25;11.12
17830;2018-10-26;11.16
17833;2018-10-29;11.1
17834;2018-10-30;11.14
17835;2018-10-31;11.35
17837;2018-11-02;11.43
17840;2018-11-05;11.28
17841;2018-11-06;11.37
17842;2018-11-07;11.28
17843;2018-11-08;11.54
17844;2018-11-09;11.53
17847;2018-11-12;11.44
17848;2018-11-13;11.35
17849;2018-11-14;11.3
17850;2018-11-15;11.39
17851;2018-11-16;11.26
17854;2018-11-19;11.31
17855;2018-11-20;11.05
17856;2018-11-21;11.12
17857;2018-11-22;11.25
17858;2018-11-23;11.32
17861;2018-11-26;11.25
17862;2018-11-27;11.34
17863;2018-11-28;11.39
17864;2018-11-29;11.44
17865;2018-11-30;11.5
17868;2018-12-03;11.65
17869;2018-12-04;11.43
17870;2018-12-05;11.44
17871;2018-12-06;11.07
17872;2018-12-07;11.22
17875;2018-12-10;10.97
17876;2018-12-11;11.04
17877;2018-12-12;11.14
17878;2018-12-13;11.2
17879;2018-12-14;11.08
17882;2018-12-17;10.98
17883;2018-12-18;10.86
17884;2018-12-19;10.82
17885;2018-12-20;10.6
17886;2018-12-21;10.48
17892;2018-12-27;10.41
17900;2019-01-04;10.67
17903;2019-01-07;10.78
17904;2019-01-08;10.78
17905;2019-01-09;10.83
17906;2019-01-10;10.71
17907;2019-01-11;10.79
17910;2019-01-14;10.81
17911;2019-01-15;10.87
17912;2019-01-16;10.87
17913;2019-01-17;10.9
17914;2019-01-18;10.95
17917;2019-01-21;11
17918;2019-01-22;10.95
17919;2019-01-23;10.83
17920;2019-01-24;10.91
17921;2019-01-25;11.01
17924;2019-01-28;10.94
17925;2019-01-29;10.92
17926;2019-01-30;10.92
17927;2019-01-31;11.15
17928;2019-02-01;11.1
17931;2019-02-04;11.16
17932;2019-02-05;11.19
17933;2019-02-06;11.26
17934;2019-02-07;11.22
17935;2019-02-08;11.01
17938;2019-02-11;10.99
17939;2019-02-12;11.23
17940;2019-02-13;11.35
17941;2019-02-14;11.38
17942;2019-02-15;11.42
17945;2019-02-18;11.42
17946;2019-02-19;11.38
17947;2019-02-20;11.36
17948;2019-02-21;11.41
17949;2019-02-22;11.38
17952;2019-02-25;11.44
17953;2019-02-26;11.41
17954;2019-02-27;11.38
17955;2019-02-28;11.23
17956;2019-03-01;11.25
17959;2019-03-04;11.42
17960;2019-03-05;11.35
17961;2019-03-06;11.37
17962;2019-03-07;11.36
17963;2019-03-08;11.23
17966;2019-03-11;11.22
17967;2019-03-12;11.33
17968;2019-03-13;11.2
17969;2019-03-14;11.16
17970;2019-03-15;11.24
17973;2019-03-18;11.3
17974;2019-03-19;11.32
17975;2019-03-20;11.29
17977;2019-03-22;11.41
17980;2019-03-25;11.23
17981;2019-03-26;11.46
17982;2019-03-27;11.6
17983;2019-03-28;11.43
17984;2019-03-29;11.49
17987;2019-04-01;11.6
17988;2019-04-02;11.54
17989;2019-04-03;11.62
17990;2019-04-04;11.6
17991;2019-04-05;11.6
17994;2019-04-08;11.56
17995;2019-04-09;11.57
17996;2019-04-10;11.56
17997;2019-04-11;11.5
17998;2019-04-12;11.44
18001;2019-04-15;11.58
18002;2019-04-16;11.6
18003;2019-04-17;11.61
18004;2019-04-18;11.57
18009;2019-04-23;11.72
18010;2019-04-24;11.72
18011;2019-04-25;11.86
18023;2019-05-07;11.71
18024;2019-05-08;11.51
18026;2019-05-10;11.39
18029;2019-05-13;11.19
18030;2019-05-14;11.29
18031;2019-05-15;11.4
18032;2019-05-16;11.33
18033;2019-05-17;11.45
18036;2019-05-20;11.42
18037;2019-05-21;11.35
18038;2019-05-22;11.34
18039;2019-05-23;11.35
18040;2019-05-24;11.3
18043;2019-05-27;11.33
18044;2019-05-28;11.38
18045;2019-05-29;11.35
18047;2019-05-31;11.22
18050;2019-06-03;11.11
18051;2019-06-04;11.06
18052;2019-06-05;11.28
18053;2019-06-06;11.22
18054;2019-06-07;11.24
18058;2019-06-11;11.42
18059;2019-06-12;11.38
18060;2019-06-13;11.37
18061;2019-06-14;11.47
18064;2019-06-17;11.4
18065;2019-06-18;11.51
18066;2019-06-19;11.59
18067;2019-06-20;11.61
18068;2019-06-21;11.46
18071;2019-06-24;11.42
18072;2019-06-25;11.43
18073;2019-06-26;11.36
18074;2019-06-27;11.48
18075;2019-06-28;11.48
18078;2019-07-01;11.7
18080;2019-07-03;11.73
18081;2019-07-04;11.75
18085;2019-07-08;11.67
18086;2019-07-09;11.64
18087;2019-07-10;11.57
18088;2019-07-11;11.7
18089;2019-07-12;11.7
18092;2019-07-15;11.72
18093;2019-07-16;11.69
18094;2019-07-17;11.65
18095;2019-07-18;11.51
18096;2019-07-19;11.71
18099;2019-07-22;11.64
18100;2019-07-23;11.78
18101;2019-07-24;11.85
18102;2019-07-25;11.84
18103;2019-07-26;11.85
18106;2019-07-29;11.87
18107;2019-07-30;11.88
18108;2019-07-31;11.83
18109;2019-08-01;11.94
18110;2019-08-02;11.88
18113;2019-08-05;11.63
18114;2019-08-06;11.5
18115;2019-08-07;11.43
18116;2019-08-08;11.5
18117;2019-08-09;11.61
18120;2019-08-12;11.46
18121;2019-08-13;11.52
18122;2019-08-14;11.4
18124;2019-08-16;11.49
18127;2019-08-19;11.48
18128;2019-08-20;11.61
18129;2019-08-21;11.55
18130;2019-08-22;11.54
18131;2019-08-23;11.57
18134;2019-08-26;11.51
18135;2019-08-27;11.51
18136;2019-08-28;11.55
18137;2019-08-29;11.59
18138;2019-08-30;11.65
18141;2019-09-02;11.63
18142;2019-09-03;11.71
18143;2019-09-04;11.61
18144;2019-09-05;11.67
18145;2019-09-06;11.76
18148;2019-09-09;11.83
18149;2019-09-10;11.85
18150;2019-09-11;11.96
18151;2019-09-12;12.03
18152;2019-09-13;12.09
18155;2019-09-16;12.16
18156;2019-09-17;12.14
18157;2019-09-18;12.08
18158;2019-09-19;12.17
18159;2019-09-20;12.2
18162;2019-09-23;12.3
18163;2019-09-24;12.32
18164;2019-09-25;12.29
18165;2019-09-26;12.33
18166;2019-09-27;12.27
18169;2019-09-30;12.25
18170;2019-10-01;12.28
18171;2019-10-02;12.08
18172;2019-10-03;12.07
18173;2019-10-04;12.08
18176;2019-10-07;12.1
18177;2019-10-08;12.11
18178;2019-10-09;12.14
18179;2019-10-10;12.04
18180;2019-10-11;12.17
18183;2019-10-14;12.09
18184;2019-10-15;12.26
18185;2019-10-16;12.22
18186;2019-10-17;12.14
18187;2019-10-18;12.11
18190;2019-10-21;12.12
18191;2019-10-22;12.16
18192;2019-10-23;12.19
18193;2019-10-24;12.22
18194;2019-10-25;12.27
18197;2019-10-28;12.26
18198;2019-10-29;12.36
18199;2019-10-30;12.45
18200;2019-10-31;12.53
18204;2019-11-04;12.62
18205;2019-11-05;12.67
18206;2019-11-06;12.63
18207;2019-11-07;12.69
18208;2019-11-08;12.77
18211;2019-11-11;12.8
18212;2019-11-12;12.78
18213;2019-11-13;12.82
18214;2019-11-14;12.73
18215;2019-11-15;12.73
18218;2019-11-18;12.77
18219;2019-11-19;12.71
18220;2019-11-20;12.7
18221;2019-11-21;12.71
18222;2019-11-22;12.79
18225;2019-11-25;12.87
18226;2019-11-26;12.87
18227;2019-11-27;12.91
18228;2019-11-28;12.86
18229;2019-11-29;12.77
18232;2019-12-02;12.84
18233;2019-12-03;12.66
18234;2019-12-04;12.78
18235;2019-12-05;12.8
18236;2019-12-06;12.9
18239;2019-12-09;12.96
18240;2019-12-10;12.92
18241;2019-12-11;12.84
18242;2019-12-12;12.74
18243;2019-12-13;12.85
18246;2019-12-16;12.8
18247;2019-12-17;12.86
18248;2019-12-18;12.83
18249;2019-12-19;12.85
18250;2019-12-20;12.85
18253;2019-12-23;12.84
18257;2019-12-27;12.83
18267;2020-01-06;12.7
18268;2020-01-07;12.95
18269;2020-01-08;12.77
18270;2020-01-09;12.91
18271;2020-01-10;12.99
18274;2020-01-13;12.93
18275;2020-01-14;12.98
18276;2020-01-15;12.85
18277;2020-01-16;12.83
18278;2020-01-17;12.91
18281;2020-01-20;12.99
18282;2020-01-21;12.94
18283;2020-01-22;13.11
18284;2020-01-23;13.09
18285;2020-01-24;13.12
18288;2020-01-27;12.96
18289;2020-01-28;12.89
18290;2020-01-29;12.93
18291;2020-01-30;12.71
18292;2020-01-31;12.65
18295;2020-02-03;12.73
18296;2020-02-04;12.91
18297;2020-02-05;13.01
18298;2020-02-06;13.17
18299;2020-02-07;13.27
18302;2020-02-10;13.2
18303;2020-02-11;13.36
18304;2020-02-12;13.29
18305;2020-02-13;13.33
18306;2020-02-14;13.23
18309;2020-02-17;13.1
18310;2020-02-18;12.91
18311;2020-02-19;12.92
18312;2020-02-20;12.83
18313;2020-02-21;12.83
18316;2020-02-24;12.4
18317;2020-02-25;12.59
18318;2020-02-26;12.45
18323;2020-03-02;11.69
18324;2020-03-03;11.69
18325;2020-03-04;11.74
18326;2020-03-05;11.67
18327;2020-03-06;11.34
18330;2020-03-09;10.81
18331;2020-03-10;10.97
18332;2020-03-11;10.99
18333;2020-03-12;10.23
