15286;2011-11-08;19.91
15287;2011-11-09;20.18
15288;2011-11-10;19.31
15289;2011-11-11;19.55
15292;2011-11-14;19.96
15293;2011-11-15;19.75
15294;2011-11-16;19.8
15295;2011-11-17;19.44
15296;2011-11-18;19.11
15299;2011-11-21;19.13
15300;2011-11-22;18.74
15301;2011-11-23;18.59
15302;2011-11-24;18.14
15303;2011-11-25;18.14
15306;2011-11-28;18.12
15307;2011-11-29;18.65
15308;2011-11-30;18.74
15309;2011-12-01;19.59
15310;2011-12-02;19.49
15313;2011-12-05;19.6
15314;2011-12-06;19.81
15315;2011-12-07;19.84
15316;2011-12-08;19.93
15317;2011-12-09;19.53
15320;2011-12-12;19.79
15321;2011-12-13;19.54
15322;2011-12-14;19.32
15323;2011-12-15;19.16
15324;2011-12-16;19.26
15327;2011-12-19;19.32
15328;2011-12-20;19
15329;2011-12-21;19.59
15330;2011-12-22;19.7
15331;2011-12-23;19.9
15336;2011-12-28;20
15337;2011-12-29;19.73
15338;2011-12-30;19.96
15342;2012-01-03;19.9
15343;2012-01-04;20.3
15344;2012-01-05;20.31
15345;2012-01-06;20.4
15348;2012-01-09;20.38
15349;2012-01-10;20.45
15350;2012-01-11;20.68
15351;2012-01-12;20.72
15352;2012-01-13;20.8
15355;2012-01-16;20.61
15356;2012-01-17;20.61
15357;2012-01-18;20.61
15358;2012-01-19;20.86
15359;2012-01-20;20.97
15362;2012-01-23;21.03
15363;2012-01-24;21.05
15364;2012-01-25;21.01
15365;2012-01-26;21.07
15369;2012-01-30;20.97
15370;2012-01-31;20.91
15371;2012-02-01;20.91
15372;2012-02-02;21.13
15373;2012-02-03;21.16
15376;2012-02-06;21.51
15377;2012-02-07;21.49
15378;2012-02-08;21.5
15379;2012-02-09;21.59
15380;2012-02-10;21.58
15383;2012-02-13;21.42
15384;2012-02-14;21.59
15385;2012-02-15;21.48
15386;2012-02-16;21.44
15387;2012-02-17;21.77
15390;2012-02-20;21.86
15391;2012-02-21;21.86
15392;2012-02-22;21.81
15393;2012-02-23;21.67
15394;2012-02-24;21.78
15397;2012-02-27;21.73
15398;2012-02-28;21.79
15399;2012-02-29;21.89
15400;2012-03-01;21.76
15401;2012-03-02;21.96
15404;2012-03-05;21.86
15405;2012-03-06;21.73
15406;2012-03-07;21.31
15407;2012-03-08;21.49
15408;2012-03-09;21.76
15411;2012-03-12;21.82
15412;2012-03-13;21.79
15413;2012-03-14;22.26
15414;2012-03-15;22.15
15415;2012-03-16;22.31
15418;2012-03-19;22.38
15419;2012-03-20;22.45
15420;2012-03-21;22.36
15421;2012-03-22;22.3
15422;2012-03-23;22.1
15425;2012-03-26;22.2
15426;2012-03-27;22.51
15427;2012-03-28;22.36
15428;2012-03-29;22.23
15429;2012-03-30;22.18
15432;2012-04-02;22.3
15433;2012-04-03;22.47
15434;2012-04-04;22.3
15435;2012-04-05;22.02
15440;2012-04-10;21.68
15441;2012-04-11;21.28
15442;2012-04-12;21.45
15443;2012-04-13;21.79
15446;2012-04-16;21.46
15447;2012-04-17;21.53
15448;2012-04-18;21.84
15449;2012-04-19;21.78
15450;2012-04-20;21.78
15453;2012-04-23;21.81
15454;2012-04-24;21.61
15455;2012-04-25;21.76
15456;2012-04-26;21.95
15457;2012-04-27;22.15
15460;2012-04-30;22.13
15461;2012-05-01;22.13
15462;2012-05-02;22.21
15463;2012-05-03;22.08
15464;2012-05-04;21.93
15467;2012-05-07;21.58
15468;2012-05-08;21.63
15469;2012-05-09;21.5
15470;2012-05-10;21.36
15471;2012-05-11;21.42
15474;2012-05-14;21.27
15475;2012-05-15;21.04
15476;2012-05-16;20.86
15477;2012-05-17;20.86
15478;2012-05-18;20.48
15481;2012-05-21;20.34
15482;2012-05-22;20.57
15483;2012-05-23;20.61
15484;2012-05-24;20.58
15485;2012-05-25;20.65
15488;2012-05-28;20.65
15489;2012-05-29;20.64
15490;2012-05-30;20.88
15491;2012-05-31;20.5
15492;2012-06-01;20.48
15495;2012-06-04;20
15496;2012-06-05;19.92
15497;2012-06-06;20.07
15498;2012-06-07;20.54
15499;2012-06-08;20.54
15502;2012-06-11;20.71
15503;2012-06-12;20.45
15504;2012-06-13;20.75
15505;2012-06-14;20.63
15506;2012-06-15;20.87
15509;2012-06-18;21.06
15510;2012-06-19;21.02
15511;2012-06-20;21.29
15512;2012-06-21;21.28
15513;2012-06-22;20.82
15516;2012-06-25;20.97
15517;2012-06-26;20.56
15518;2012-06-27;20.69
15519;2012-06-28;20.94
15520;2012-06-29;21.12
15523;2012-07-02;21.41
15524;2012-07-03;21.46
15525;2012-07-04;21.58
15526;2012-07-05;21.58
15527;2012-07-06;21.36
15530;2012-07-09;21.19
15531;2012-07-10;21.14
15532;2012-07-11;20.94
15533;2012-07-12;21.02
15534;2012-07-13;20.86
15538;2012-07-17;21.18
15539;2012-07-18;21.37
15540;2012-07-19;21.53
15541;2012-07-20;21.52
15544;2012-07-23;21.11
15545;2012-07-24;21.1
15546;2012-07-25;20.97
15547;2012-07-26;20.91
15548;2012-07-27;21.24
15551;2012-07-30;21.7
15552;2012-07-31;21.67
15553;2012-08-01;21.55
15554;2012-08-02;21.57
15555;2012-08-03;21.37
15558;2012-08-06;21.82
15559;2012-08-07;21.91
15560;2012-08-08;22.09
15561;2012-08-09;22.15
15562;2012-08-10;22.17
15565;2012-08-13;22.18
15566;2012-08-14;22.12
15567;2012-08-15;22.12
15568;2012-08-16;22.08
15569;2012-08-17;22.23
15572;2012-08-20;22.26
15573;2012-08-21;22.31
15574;2012-08-22;22.32
15575;2012-08-23;22.28
15576;2012-08-24;22.08
15579;2012-08-27;22.18
15580;2012-08-28;22.16
15581;2012-08-29;22.11
15582;2012-08-30;22.16
15583;2012-08-31;21.99
15586;2012-09-03;22.09
15587;2012-09-04;22.08
15588;2012-09-05;22.02
15589;2012-09-06;22.03
15590;2012-09-07;22.5
15593;2012-09-10;22.63
15594;2012-09-11;22.49
15595;2012-09-12;22.62
15596;2012-09-13;22.7
15597;2012-09-14;23.09
15600;2012-09-17;23.18
15601;2012-09-18;23.05
15602;2012-09-19;23.04
15603;2012-09-20;23.1
15604;2012-09-21;23.11
15607;2012-09-24;23.18
15608;2012-09-25;23.15
15609;2012-09-26;22.88
15610;2012-09-27;22.72
15611;2012-09-28;22.94
15614;2012-10-01;22.79
15615;2012-10-02;22.87
15616;2012-10-03;22.98
15617;2012-10-04;23.01
15618;2012-10-05;23.26
15621;2012-10-08;23.25
15622;2012-10-09;23.22
15623;2012-10-10;23.05
15624;2012-10-11;22.91
15625;2012-10-12;22.99
15628;2012-10-15;22.88
15629;2012-10-16;23.08
15630;2012-10-17;23.29
15631;2012-10-18;23.49
15632;2012-10-19;23.59
15635;2012-10-22;23.26
15636;2012-10-23;23.26
15637;2012-10-24;22.9
15638;2012-10-25;22.82
15639;2012-10-26;22.88
15642;2012-10-29;22.8
15643;2012-10-30;22.8
15644;2012-10-31;22.79
15645;2012-11-01;22.79
15646;2012-11-02;23.05
15649;2012-11-05;22.87
15650;2012-11-06;22.83
15651;2012-11-07;23.06
15652;2012-11-08;22.5
15653;2012-11-09;22.29
15656;2012-11-12;22.3
15657;2012-11-13;22.27
15658;2012-11-14;22.09
15659;2012-11-15;21.76
15660;2012-11-16;21.75
15663;2012-11-19;21.82
15664;2012-11-20;22.25
15665;2012-11-21;22.25
15666;2012-11-22;22.29
15667;2012-11-23;22.29
15670;2012-11-26;22.56
15671;2012-11-27;22.51
15672;2012-11-28;22.42
15673;2012-11-29;22.58
15674;2012-11-30;22.68
15677;2012-12-03;22.67
15678;2012-12-04;22.55
15679;2012-12-05;22.54
15680;2012-12-06;22.75
15681;2012-12-07;22.82
15684;2012-12-10;22.93
15685;2012-12-11;22.94
15686;2012-12-12;23.06
15687;2012-12-13;23.11
15688;2012-12-14;23.01
15691;2012-12-17;22.97
15692;2012-12-18;23.22
15693;2012-12-19;23.51
15694;2012-12-20;23.37
15695;2012-12-21;23.25
15701;2012-12-27;23.18
15702;2012-12-28;23.14
15705;2012-12-31;22.9
15707;2013-01-02;23.53
15708;2013-01-03;23.8
15709;2013-01-04;23.79
15712;2013-01-07;23.97
15713;2013-01-08;23.86
15714;2013-01-09;23.81
15715;2013-01-10;23.88
15716;2013-01-11;24.08
15719;2013-01-14;24.04
15720;2013-01-15;24.07
15722;2013-01-17;24.12
15723;2013-01-18;24.27
15726;2013-01-21;24.38
15727;2013-01-22;24.37
15728;2013-01-23;24.52
15729;2013-01-24;24.53
15730;2013-01-25;24.6
15733;2013-01-28;24.77
15734;2013-01-29;24.7
15735;2013-01-30;24.8
15736;2013-01-31;24.75
15737;2013-02-01;24.6
15740;2013-02-04;24.86
15741;2013-02-05;24.55
15742;2013-02-06;24.81
15743;2013-02-07;24.79
15744;2013-02-08;24.7
15747;2013-02-11;24.83
15748;2013-02-12;24.84
15749;2013-02-13;24.98
15750;2013-02-14;24.96
15751;2013-02-15;25.03
15754;2013-02-18;24.96
15755;2013-02-19;24.96
15756;2013-02-20;25.18
15757;2013-02-21;24.84
15758;2013-02-22;24.62
15761;2013-02-25;24.89
15762;2013-02-26;24.35
15763;2013-02-27;24.47
15764;2013-02-28;24.81
15765;2013-03-01;24.79
15768;2013-03-04;24.82
15769;2013-03-05;24.92
15770;2013-03-06;25.2
15771;2013-03-07;25.28
15772;2013-03-08;25.39
15775;2013-03-11;25.55
15776;2013-03-12;25.63
15777;2013-03-13;25.59
15778;2013-03-14;25.61
15779;2013-03-15;25.79
15782;2013-03-18;25.79
15783;2013-03-19;25.63
15784;2013-03-20;25.53
15785;2013-03-21;25.69
15786;2013-03-22;25.47
15789;2013-03-25;25.63
15790;2013-03-26;25.56
15791;2013-03-27;25.74
15792;2013-03-28;25.71
15797;2013-04-02;25.73
15798;2013-04-03;25.9
15799;2013-04-04;25.6
15800;2013-04-05;25.68
15803;2013-04-08;25.61
15804;2013-04-09;25.79
15805;2013-04-10;25.89
15806;2013-04-11;26.18
15807;2013-04-12;26.27
15810;2013-04-15;26.16
15811;2013-04-16;25.62
15812;2013-04-17;25.98
15813;2013-04-18;25.57
15814;2013-04-19;25.43
15817;2013-04-22;25.59
15818;2013-04-23;25.72
15819;2013-04-24;25.97
15820;2013-04-25;26.14
15821;2013-04-26;26.2
15824;2013-04-29;26.14
15825;2013-04-30;26.31
15826;2013-05-01;26.31
15827;2013-05-02;26.06
15828;2013-05-03;26.25
15831;2013-05-06;26.51
15832;2013-05-07;26.55
15833;2013-05-08;26.69
15834;2013-05-09;26.69
15835;2013-05-10;26.78
15838;2013-05-13;26.89
15839;2013-05-14;26.93
15840;2013-05-15;27.26
15841;2013-05-16;27.45
15842;2013-05-17;27.3
15845;2013-05-20;27.3
15846;2013-05-21;27.58
15847;2013-05-22;27.65
15848;2013-05-23;27.46
15849;2013-05-24;27.46
15852;2013-05-27;27.41
15853;2013-05-28;27.42
15854;2013-05-29;27.64
15855;2013-05-30;27.56
15856;2013-05-31;27.66
15859;2013-06-03;27.25
15860;2013-06-04;27.41
15861;2013-06-05;27.28
15862;2013-06-06;26.91
15863;2013-06-07;27.1
15866;2013-06-10;27.42
15867;2013-06-11;27.44
15868;2013-06-12;27.14
15869;2013-06-13;26.94
15870;2013-06-14;27.3
15873;2013-06-17;27.15
15874;2013-06-18;27.33
15875;2013-06-19;27.48
15876;2013-06-20;27.26
15877;2013-06-21;26.62
15880;2013-06-24;26.64
15881;2013-06-25;26.25
15882;2013-06-26;26.55
15883;2013-06-27;26.81
15884;2013-06-28;27.05
15887;2013-07-01;26.96
15888;2013-07-02;27.08
15889;2013-07-03;27.06
15890;2013-07-04;27.05
15891;2013-07-05;27.08
15894;2013-07-08;27.4
15895;2013-07-09;27.56
15896;2013-07-10;27.77
15897;2013-07-11;27.74
15898;2013-07-12;28.06
15901;2013-07-15;28.16
15902;2013-07-16;28.19
15903;2013-07-17;28.07
15904;2013-07-18;28.16
15905;2013-07-19;28.36
15908;2013-07-22;28.4
15909;2013-07-23;28.48
15910;2013-07-24;28.51
15911;2013-07-25;28.38
15912;2013-07-26;28.39
15915;2013-07-29;28.37
15916;2013-07-30;28.22
15917;2013-07-31;28.15
15918;2013-08-01;28.22
15919;2013-08-02;28.59
15922;2013-08-05;28.64
15923;2013-08-06;28.61
15924;2013-08-07;28.41
15925;2013-08-08;28.3
15926;2013-08-09;28.43
15929;2013-08-12;28.38
15930;2013-08-13;28.33
15931;2013-08-14;28.45
15932;2013-08-15;28.45
15933;2013-08-16;27.93
15936;2013-08-19;27.91
15937;2013-08-20;27.65
15938;2013-08-21;27.8
15939;2013-08-22;27.55
15940;2013-08-23;27.75
15943;2013-08-26;27.9
15944;2013-08-27;27.76
15945;2013-08-28;27.3
15946;2013-08-29;27.4
15947;2013-08-30;27.46
15950;2013-09-02;27.35
15951;2013-09-03;27.34
15952;2013-09-04;27.5
15953;2013-09-05;27.71
15954;2013-09-06;27.8
15957;2013-09-09;27.79
15958;2013-09-10;28
15959;2013-09-11;28.25
15960;2013-09-12;28.35
15961;2013-09-13;28.18
15964;2013-09-16;28.49
15965;2013-09-17;28.39
15966;2013-09-18;28.49
15967;2013-09-19;28.7
15968;2013-09-20;28.58
15971;2013-09-23;28.4
15972;2013-09-24;28.22
15973;2013-09-25;28.16
15974;2013-09-26;28.15
15975;2013-09-27;28.21
15978;2013-09-30;28.12
15979;2013-10-01;27.95
15980;2013-10-02;28.18
15981;2013-10-03;28.14
15982;2013-10-04;27.96
15985;2013-10-07;28.17
15986;2013-10-08;27.9
15987;2013-10-09;27.56
15988;2013-10-10;27.61
15989;2013-10-11;28.19
15992;2013-10-14;28.35
15993;2013-10-15;28.47
15994;2013-10-16;28.28
15995;2013-10-17;28.63
15996;2013-10-18;28.8
15999;2013-10-21;28.91
16000;2013-10-22;28.9
16001;2013-10-23;29.07
16002;2013-10-24;28.86
16003;2013-10-25;28.96
16006;2013-10-28;29.05
16007;2013-10-29;29.11
16008;2013-10-30;29.31
16009;2013-10-31;29.21
16010;2013-11-01;29.21
16013;2013-11-04;29.25
16014;2013-11-05;29.35
16015;2013-11-06;29.25
16016;2013-11-07;29.42
16017;2013-11-08;29.04
16020;2013-11-11;29.57
16021;2013-11-12;29.62
16022;2013-11-13;29.45
16023;2013-11-14;29.69
16024;2013-11-15;29.79
16027;2013-11-18;29.89
16028;2013-11-19;29.77
16029;2013-11-20;29.72
16030;2013-11-21;29.68
16031;2013-11-22;29.96
16034;2013-11-25;30.17
16035;2013-11-26;30.12
16036;2013-11-27;30.1
16037;2013-11-28;30.13
16038;2013-11-29;30.13
16041;2013-12-02;30.13
16042;2013-12-03;30.06
16043;2013-12-04;29.9
16044;2013-12-05;29.87
16045;2013-12-06;29.63
16048;2013-12-09;29.91
16049;2013-12-10;29.96
16050;2013-12-11;29.94
16051;2013-12-12;29.58
16052;2013-12-13;29.54
16055;2013-12-16;29.51
16056;2013-12-17;29.71
16057;2013-12-18;29.58
16058;2013-12-19;30.08
16059;2013-12-20;30.15
16062;2013-12-23;30.27
16066;2013-12-27;30.59
16069;2013-12-30;30.65
16070;2013-12-31;30.62
16072;2014-01-02;30.76
16073;2014-01-03;30.53
16076;2014-01-06;30.59
16077;2014-01-07;30.51
16078;2014-01-08;30.63
16079;2014-01-09;30.61
16080;2014-01-10;30.66
16083;2014-01-13;30.69
16084;2014-01-14;30.34
16085;2014-01-15;30.61
16086;2014-01-16;30.79
16087;2014-01-17;30.7
16090;2014-01-20;30.56
16091;2014-01-21;30.57
16092;2014-01-22;30.58
16093;2014-01-23;30.64
16094;2014-01-24;30.31
16097;2014-01-27;29.66
16098;2014-01-28;29.53
16099;2014-01-29;29.75
16100;2014-01-30;29.48
16101;2014-01-31;29.78
16104;2014-02-03;29.54
16105;2014-02-04;28.93
16106;2014-02-05;29.13
16107;2014-02-06;29.06
16108;2014-02-07;29.48
16111;2014-02-10;29.79
16112;2014-02-11;29.75
16113;2014-02-12;30.06
16114;2014-02-13;30.12
16115;2014-02-14;30.25
16118;2014-02-17;30.42
16119;2014-02-18;30.42
16120;2014-02-19;30.44
16121;2014-02-20;30.21
16122;2014-02-21;30.41
16125;2014-02-24;30.38
16126;2014-02-25;30.63
16127;2014-02-26;30.49
16128;2014-02-27;30.56
16129;2014-02-28;30.68
16132;2014-03-03;30.79
16133;2014-03-04;30.75
16134;2014-03-05;30.93
16135;2014-03-06;31.02
16136;2014-03-07;31.1
16139;2014-03-10;31.16
16140;2014-03-11;31.11
16141;2014-03-12;30.83
16142;2014-03-13;30.76
16143;2014-03-14;30.4
16146;2014-03-17;30.31
16147;2014-03-18;30.63
16148;2014-03-19;30.85
16149;2014-03-20;30.83
16150;2014-03-21;31.1
16153;2014-03-24;31.07
16154;2014-03-25;31.04
16155;2014-03-26;31.11
16156;2014-03-27;30.88
16157;2014-03-28;30.87
16160;2014-03-31;31.05
16161;2014-04-01;31.23
16162;2014-04-02;31.35
16163;2014-04-03;31.46
16164;2014-04-04;31.44
16167;2014-04-07;31.13
16168;2014-04-08;30.73
16169;2014-04-09;30.84
16170;2014-04-10;31.1
16171;2014-04-11;30.53
16174;2014-04-14;30.21
16175;2014-04-15;30.46
16176;2014-04-16;30.61
16177;2014-04-17;30.92
16182;2014-04-22;31.07
16183;2014-04-23;31.2
16184;2014-04-24;31.28
16185;2014-04-25;31.25
16188;2014-04-28;31.12
16189;2014-04-29;31.15
16190;2014-04-30;31.36
16191;2014-05-01;31.36
16192;2014-05-02;31.36
16195;2014-05-05;31.34
16196;2014-05-06;31.29
16197;2014-05-07;31.05
16198;2014-05-08;31.26
16199;2014-05-09;31.24
16202;2014-05-12;31.21
16203;2014-05-13;31.53
16204;2014-05-14;31.53
16205;2014-05-15;31.42
16206;2014-05-16;31.12
16209;2014-05-19;31.17
16210;2014-05-20;31.35
16211;2014-05-21;31.15
16212;2014-05-22;31.43
16213;2014-05-23;31.48
16216;2014-05-26;31.59
16217;2014-05-27;31.59
16218;2014-05-28;31.68
16219;2014-05-29;31.68
16220;2014-05-30;31.79
16223;2014-06-02;31.87
16224;2014-06-03;31.92
16225;2014-06-04;31.97
16226;2014-06-05;32.01
16227;2014-06-06;32.19
16230;2014-06-09;32.19
16231;2014-06-10;32.49
16232;2014-06-11;32.47
16233;2014-06-12;32.35
16234;2014-06-13;32.21
16237;2014-06-16;32.37
16238;2014-06-17;32.34
16239;2014-06-18;32.48
16240;2014-06-19;32.63
16241;2014-06-20;32.61
16244;2014-06-23;32.61
16245;2014-06-24;32.71
16246;2014-06-25;32.42
16247;2014-06-26;32.53
16248;2014-06-27;32.51
16251;2014-06-30;32.58
16252;2014-07-01;32.6
16253;2014-07-02;32.77
16254;2014-07-03;32.82
16255;2014-07-04;32.97
16258;2014-07-07;32.96
16259;2014-07-08;32.75
16260;2014-07-09;32.52
16261;2014-07-10;32.67
16262;2014-07-11;32.47
16265;2014-07-14;32.5
16266;2014-07-15;32.69
16267;2014-07-16;32.76
16268;2014-07-17;32.97
16269;2014-07-18;32.66
16272;2014-07-21;32.91
16273;2014-07-22;32.84
16274;2014-07-23;33.05
16275;2014-07-24;33.11
16276;2014-07-25;33.21
16279;2014-07-28;33.07
16280;2014-07-29;33.04
16281;2014-07-30;32.85
16282;2014-07-31;32.87
16283;2014-08-01;32.31
16286;2014-08-04;32.12
16287;2014-08-05;32.36
16288;2014-08-06;31.98
16289;2014-08-07;31.97
16290;2014-08-08;31.79
16293;2014-08-11;32.1
16294;2014-08-12;32.19
16295;2014-08-13;32.14
16296;2014-08-14;32.27
16297;2014-08-15;32.27
16300;2014-08-18;32.33
16301;2014-08-19;32.63
16302;2014-08-20;32.74
16303;2014-08-21;32.8
16304;2014-08-22;33
16307;2014-08-25;32.92
16308;2014-08-26;33.14
16309;2014-08-27;33.24
16310;2014-08-28;33.27
16311;2014-08-29;33.17
16314;2014-09-01;33.33
16315;2014-09-02;33.34
16316;2014-09-03;33.3
16317;2014-09-04;33.37
16318;2014-09-05;33.31
16321;2014-09-08;33.47
16322;2014-09-09;33.33
16323;2014-09-10;33.1
16324;2014-09-11;33.22
16325;2014-09-12;33.31
16328;2014-09-15;33.2
16329;2014-09-16;33.2
16330;2014-09-17;33.35
16331;2014-09-18;33.35
16332;2014-09-19;33.57
16335;2014-09-22;33.5
16336;2014-09-23;33.19
16337;2014-09-24;32.98
16338;2014-09-25;33.21
16339;2014-09-26;32.65
16342;2014-09-29;32.89
16343;2014-09-30;32.78
16344;2014-10-01;32.73
16345;2014-10-02;32.27
16346;2014-10-03;32.22
16349;2014-10-06;32.58
16350;2014-10-07;32.52
16351;2014-10-08;31.94
16352;2014-10-09;32.37
16353;2014-10-10;31.59
16356;2014-10-13;31.12
16357;2014-10-14;30.59
16358;2014-10-15;30.62
16359;2014-10-16;29.98
16360;2014-10-17;30.56
16363;2014-10-20;30.68
16364;2014-10-21;30.91
16365;2014-10-22;31.59
16366;2014-10-23;31.31
16367;2014-10-24;31.66
16370;2014-10-27;31.89
16371;2014-10-28;31.75
16372;2014-10-29;32.05
16373;2014-10-30;32.05
16374;2014-10-31;32.56
16377;2014-11-03;32.6
16378;2014-11-04;32.53
16379;2014-11-05;32.3
16380;2014-11-06;32.59
16381;2014-11-07;32.81
16384;2014-11-10;32.86
16385;2014-11-11;32.89
16386;2014-11-12;32.91
16387;2014-11-13;32.89
16388;2014-11-14;32.94
16391;2014-11-17;33.04
16392;2014-11-18;33.05
16393;2014-11-19;33.17
16394;2014-11-20;33.08
16395;2014-11-21;33.19
16398;2014-11-24;33.36
16399;2014-11-25;33.44
16400;2014-11-26;33.39
16401;2014-11-27;33.39
16402;2014-11-28;33.4
16405;2014-12-01;33.1
16406;2014-12-02;32.92
16407;2014-12-03;33.18
16408;2014-12-04;33.34
16409;2014-12-05;33.2
16412;2014-12-08;33.39
16413;2014-12-09;33.04
16414;2014-12-10;33
16415;2014-12-11;32.4
16416;2014-12-12;32.49
16419;2014-12-15;31.94
16420;2014-12-16;31.64
16421;2014-12-17;31.57
16422;2014-12-18;32.59
16423;2014-12-19;33
16426;2014-12-22;33.27
16427;2014-12-23;33.32
16433;2014-12-29;33.46
16434;2014-12-30;33.52
16435;2014-12-31;33.4
16437;2015-01-02;33.12
16440;2015-01-05;33.12
16441;2015-01-06;32.41
16442;2015-01-07;32.09
16443;2015-01-08;32.35
16444;2015-01-09;32.91
16447;2015-01-12;32.61
16448;2015-01-13;32.37
16449;2015-01-14;32.29
16450;2015-01-15;31.86
16451;2015-01-16;31.55
16454;2015-01-19;32.08
16455;2015-01-20;32.08
16456;2015-01-21;31.97
16457;2015-01-22;32.17
16458;2015-01-23;32.75
16461;2015-01-26;32.51
16462;2015-01-27;32.6
16463;2015-01-28;32.33
16464;2015-01-29;31.65
16465;2015-01-30;31.85
16468;2015-02-02;31.45
16469;2015-02-03;31.97
16470;2015-02-04;32.58
16471;2015-02-05;32.38
16472;2015-02-06;32.71
16475;2015-02-09;32.82
16476;2015-02-10;32.77
16477;2015-02-11;33.01
16478;2015-02-12;32.99
16479;2015-02-13;33.34
16482;2015-02-16;33.53
16483;2015-02-17;33.51
16484;2015-02-18;33.6
16485;2015-02-19;33.43
16486;2015-02-20;33.42
16489;2015-02-23;33.6
16490;2015-02-24;33.49
16491;2015-02-25;33.62
16492;2015-02-26;33.66
16493;2015-02-27;33.48
16496;2015-03-02;33.42
16497;2015-03-03;33.64
16498;2015-03-04;33.57
16499;2015-03-05;33.47
16500;2015-03-06;33.49
16503;2015-03-09;33.08
16504;2015-03-10;33.18
16505;2015-03-11;32.58
16506;2015-03-12;32.66
16507;2015-03-13;33.02
16510;2015-03-16;32.79
16511;2015-03-17;33.13
16512;2015-03-18;33.04
16513;2015-03-19;33.39
16514;2015-03-20;33.09
16517;2015-03-23;33.42
16518;2015-03-24;33.37
16519;2015-03-25;33.11
16520;2015-03-26;32.76
16521;2015-03-27;32.73
16524;2015-03-30;32.8
16525;2015-03-31;33.17
16526;2015-04-01;32.97
16527;2015-04-02;32.91
16532;2015-04-07;33.38
16533;2015-04-08;33.36
16534;2015-04-09;33.42
16535;2015-04-10;33.69
16538;2015-04-13;33.93
16539;2015-04-14;33.77
16540;2015-04-15;33.87
16541;2015-04-16;34.12
16542;2015-04-17;34.08
16545;2015-04-20;33.68
16546;2015-04-21;33.86
16547;2015-04-22;33.7
16548;2015-04-23;33.93
16549;2015-04-24;34.04
16552;2015-04-27;34.01
16553;2015-04-28;33.89
16554;2015-04-29;34.08
16555;2015-04-30;34.05
16556;2015-05-01;34.05
16559;2015-05-04;34.04
16560;2015-05-05;34.19
16561;2015-05-06;33.76
16562;2015-05-07;33.57
16563;2015-05-08;33.55
16566;2015-05-11;34.01
16567;2015-05-12;33.84
16568;2015-05-13;33.77
16569;2015-05-14;33.77
16570;2015-05-15;33.94
16573;2015-05-18;33.91
16574;2015-05-19;34.02
16575;2015-05-20;34.03
16576;2015-05-21;33.99
16577;2015-05-22;34.16
16581;2015-05-26;34.15
16582;2015-05-27;33.78
16583;2015-05-28;34.07
16584;2015-05-29;34.07
16587;2015-06-01;33.88
16588;2015-06-02;33.85
16589;2015-06-03;33.89
16590;2015-06-04;34
16591;2015-06-05;33.74
16594;2015-06-08;33.82
16595;2015-06-09;33.55
16596;2015-06-10;33.59
16597;2015-06-11;34.06
16598;2015-06-12;34.09
16601;2015-06-15;33.82
16602;2015-06-16;33.62
16603;2015-06-17;33.78
16605;2015-06-19;33.99
16608;2015-06-22;33.84
16609;2015-06-23;33.84
16610;2015-06-24;34.24
16611;2015-06-25;34.02
16612;2015-06-26;33.8
16615;2015-06-29;33.46
16616;2015-06-30;33.01
16617;2015-07-01;33.12
16618;2015-07-02;33.28
16619;2015-07-03;33.22
16622;2015-07-06;33.23
16623;2015-07-07;33.02
16624;2015-07-08;33.14
16625;2015-07-09;32.57
16626;2015-07-10;32.99
16629;2015-07-13;33.04
16630;2015-07-14;33.35
16631;2015-07-15;33.53
16632;2015-07-16;33.5
16633;2015-07-17;33.67
16636;2015-07-20;33.56
16637;2015-07-21;33.5
16638;2015-07-22;33.4
16639;2015-07-23;33.38
16640;2015-07-24;33.27
16643;2015-07-27;32.8
16644;2015-07-28;32.54
16645;2015-07-29;32.89
16646;2015-07-30;33.23
16647;2015-07-31;33.33
16650;2015-08-03;33.22
16651;2015-08-04;33.07
16652;2015-08-05;33.04
16653;2015-08-06;33.06
16654;2015-08-07;32.91
16657;2015-08-10;32.77
16658;2015-08-11;33.26
16659;2015-08-12;32.76
16660;2015-08-13;32.68
16661;2015-08-14;32.54
16664;2015-08-17;32.67
16665;2015-08-18;32.75
16666;2015-08-19;32.63
16667;2015-08-20;32.28
16668;2015-08-21;31.43
16671;2015-08-24;29.83
16672;2015-08-25;30.12
16673;2015-08-26;29.28
16674;2015-08-27;30.09
16675;2015-08-28;30.65
16678;2015-08-31;30.76
16679;2015-09-01;30.13
16680;2015-09-02;29.7
16681;2015-09-03;30.13
16682;2015-09-04;29.97
16685;2015-09-07;29.79
16686;2015-09-08;30.33
16687;2015-09-09;30.79
16688;2015-09-10;30.08
16689;2015-09-11;30.18
16692;2015-09-14;30.16
16693;2015-09-15;30.01
16694;2015-09-16;30.46
16695;2015-09-17;30.86
16696;2015-09-18;30.62
16699;2015-09-21;29.97
16700;2015-09-22;29.63
16701;2015-09-23;29.59
16702;2015-09-24;29.49
16703;2015-09-25;29.78
16706;2015-09-28;29.5
16707;2015-09-29;28.74
16708;2015-09-30;29.14
16709;2015-10-01;29.33
16710;2015-10-02;29.34
16713;2015-10-05;29.8
16714;2015-10-06;30.47
16715;2015-10-07;30.57
16716;2015-10-08;30.81
16717;2015-10-09;31.13
16720;2015-10-12;31.03
16721;2015-10-13;30.94
16722;2015-10-14;30.73
16723;2015-10-15;30.58
16724;2015-10-16;31.15
16727;2015-10-19;31.2
16728;2015-10-20;31.08
16729;2015-10-21;31.12
16730;2015-10-22;30.88
16731;2015-10-23;31.54
16734;2015-10-26;31.76
16735;2015-10-27;31.54
16736;2015-10-28;31.36
16737;2015-10-29;31.94
16738;2015-10-30;31.81
16741;2015-11-02;31.71
16742;2015-11-03;32.17
16743;2015-11-04;32.37
16744;2015-11-05;32.23
16745;2015-11-06;32.23
16748;2015-11-09;32.42
16749;2015-11-10;32.14
16750;2015-11-11;32.22
16751;2015-11-12;31.96
16752;2015-11-13;31.47
16755;2015-11-16;31.19
16756;2015-11-17;31.64
16757;2015-11-18;31.53
16758;2015-11-19;32
16759;2015-11-20;31.94
16762;2015-11-23;31.92
16763;2015-11-24;31.82
16764;2015-11-25;31.96
16765;2015-11-26;31.94
16766;2015-11-27;31.95
16769;2015-11-30;31.9
16770;2015-12-01;31.87
16771;2015-12-02;32.17
16772;2015-12-03;31.72
16773;2015-12-04;31.26
16776;2015-12-07;31.72
16777;2015-12-08;31.35
16778;2015-12-09;30.97
16779;2015-12-10;30.78
16780;2015-12-11;30.91
16783;2015-12-14;30.2
16784;2015-12-15;30.15
16785;2015-12-16;30.66
16786;2015-12-17;31.04
16787;2015-12-18;30.46
16790;2015-12-21;29.99
16791;2015-12-22;30.18
16792;2015-12-23;30.48
16798;2015-12-29;30.8
16799;2015-12-30;31.1
16800;2015-12-31;30.83
16804;2016-01-04;30.09
16805;2016-01-05;30.28
16806;2016-01-06;29.83
16807;2016-01-07;29.08
16808;2016-01-08;28.88
16811;2016-01-11;28.49
16812;2016-01-12;28.49
16813;2016-01-13;28.61
16814;2016-01-14;27.91
16815;2016-01-15;27.97
16818;2016-01-18;27.6
16819;2016-01-19;28.03
16820;2016-01-20;26.92
16821;2016-01-21;26.94
16822;2016-01-22;27.53
16825;2016-01-25;27.73
16826;2016-01-26;27.07
16827;2016-01-27;27.61
16828;2016-01-28;27.47
16829;2016-01-29;27.61
16832;2016-02-01;28.36
16833;2016-02-02;28.18
16834;2016-02-03;27.45
16835;2016-02-04;27.73
16836;2016-02-05;27.92
16839;2016-02-08;27.22
16840;2016-02-09;26.95
16841;2016-02-10;26.65
16842;2016-02-11;25.95
16843;2016-02-12;26.03
16846;2016-02-15;27.21
16847;2016-02-16;27.17
16848;2016-02-17;27.37
16849;2016-02-18;27.89
16850;2016-02-19;27.69
16853;2016-02-22;27.92
16854;2016-02-23;28.18
16855;2016-02-24;27.67
16856;2016-02-25;27.74
16857;2016-02-26;28.04
16860;2016-02-29;28.21
16861;2016-03-01;27.96
16862;2016-03-02;28.66
16863;2016-03-03;28.96
16864;2016-03-04;29.19
16867;2016-03-07;29.28
16868;2016-03-08;29.43
16869;2016-03-09;28.81
16870;2016-03-10;29.04
16871;2016-03-11;29.02
16874;2016-03-14;29.69
16875;2016-03-15;29.61
16876;2016-03-16;29.43
16877;2016-03-17;29.62
16878;2016-03-18;29.96
16881;2016-03-21;30.12
16882;2016-03-22;30.16
16883;2016-03-23;30.1
16884;2016-03-24;29.68
16889;2016-03-29;29.65
16890;2016-03-30;29.75
16891;2016-03-31;29.97
16892;2016-04-01;29.95
16895;2016-04-04;30.02
16896;2016-04-05;29.84
16897;2016-04-06;29.5
16898;2016-04-07;29.87
16899;2016-04-08;29.38
16902;2016-04-11;29.57
16903;2016-04-12;29.6
16904;2016-04-13;30.03
16905;2016-04-14;30.58
16906;2016-04-15;30.64
16909;2016-04-18;30.52
16910;2016-04-19;30.75
16911;2016-04-20;31.06
16912;2016-04-21;31.25
16913;2016-04-22;31.19
16916;2016-04-25;31.35
16917;2016-04-26;31.17
16918;2016-04-27;31.39
16919;2016-04-28;31.58
16920;2016-04-29;31.19
16923;2016-05-02;30.94
16924;2016-05-03;31.05
16925;2016-05-04;30.56
16927;2016-05-06;29.96
16930;2016-05-09;30.1
16931;2016-05-10;29.92
16932;2016-05-11;30.42
16933;2016-05-12;30.23
16934;2016-05-13;30.18
16938;2016-05-17;30.15
16939;2016-05-18;30.02
16940;2016-05-19;30.18
16941;2016-05-20;29.95
16944;2016-05-23;30.16
16945;2016-05-24;30.14
16946;2016-05-25;30.56
16947;2016-05-26;30.97
16948;2016-05-27;30.81
16951;2016-05-30;30.99
16952;2016-05-31;30.98
16953;2016-06-01;30.94
16954;2016-06-02;30.98
16955;2016-06-03;31.14
16958;2016-06-06;30.85
16959;2016-06-07;31.12
16960;2016-06-08;31.19
16961;2016-06-09;31.24
16962;2016-06-10;31.01
16965;2016-06-13;30.53
16966;2016-06-14;30.28
16967;2016-06-15;30.02
16968;2016-06-16;30.02
16969;2016-06-17;30.11
16972;2016-06-20;30.55
16973;2016-06-21;30.48
16974;2016-06-22;30.61
16976;2016-06-24;30.31
16979;2016-06-27;29.6
16980;2016-06-28;29.02
16981;2016-06-29;29.35
16982;2016-06-30;29.99
16983;2016-07-01;30.43
16986;2016-07-04;30.5
16987;2016-07-05;30.49
16988;2016-07-06;29.98
16989;2016-07-07;30.13
16990;2016-07-08;30.2
16993;2016-07-11;30.73
16994;2016-07-12;30.85
16995;2016-07-13;31.39
16996;2016-07-14;31.31
16997;2016-07-15;31.55
17000;2016-07-18;31.51
17001;2016-07-19;31.6
17002;2016-07-20;31.48
17003;2016-07-21;31.65
17004;2016-07-22;31.63
17007;2016-07-25;31.75
17008;2016-07-26;31.57
17009;2016-07-27;31.73
17010;2016-07-28;31.64
17011;2016-07-29;31.59
17014;2016-08-01;31.61
17015;2016-08-02;31.32
17016;2016-08-03;31.08
17017;2016-08-04;31.39
17018;2016-08-05;31.35
17021;2016-08-08;31.88
17022;2016-08-09;31.95
17023;2016-08-10;31.89
17024;2016-08-11;31.72
17025;2016-08-12;32.03
17028;2016-08-15;32.03
17029;2016-08-16;32.21
17030;2016-08-17;32.22
17031;2016-08-18;32.22
17032;2016-08-19;32.41
17035;2016-08-22;32.38
17036;2016-08-23;32.28
17037;2016-08-24;32.39
17038;2016-08-25;32.26
17039;2016-08-26;32.25
17042;2016-08-29;32.3
17043;2016-08-30;32.49
17044;2016-08-31;32.57
17045;2016-09-01;32.43
17046;2016-09-02;32.39
17049;2016-09-05;32.55
17050;2016-09-06;32.54
17051;2016-09-07;32.54
17052;2016-09-08;32.56
17053;2016-09-09;32.67
17056;2016-09-12;31.95
17057;2016-09-13;32.36
17058;2016-09-14;31.8
17059;2016-09-15;31.68
17060;2016-09-16;31.91
17063;2016-09-19;31.7
17064;2016-09-20;31.73
17065;2016-09-21;31.7
17066;2016-09-22;32.04
17067;2016-09-23;32.23
17070;2016-09-26;32.01
17071;2016-09-27;31.62
17072;2016-09-28;31.79
17073;2016-09-29;32.23
17074;2016-09-30;32.05
17077;2016-10-03;32.44
17078;2016-10-04;32.38
17079;2016-10-05;32.34
17080;2016-10-06;32.67
17081;2016-10-07;32.7
17084;2016-10-10;32.58
17085;2016-10-11;32.77
17086;2016-10-12;32.34
17087;2016-10-13;32.24
17088;2016-10-14;32.05
17091;2016-10-17;32.05
17092;2016-10-18;31.89
17093;2016-10-19;32.13
17094;2016-10-20;32.37
17095;2016-10-21;32.39
17098;2016-10-24;32.42
17099;2016-10-25;32.48
17100;2016-10-26;32.36
17101;2016-10-27;32.39
17102;2016-10-28;32.38
17105;2016-10-31;32.22
17107;2016-11-02;31.94
17108;2016-11-03;31.69
17109;2016-11-04;31.58
17112;2016-11-07;31.84
17113;2016-11-08;32.14
17114;2016-11-09;31.65
17115;2016-11-10;33.17
17116;2016-11-11;33.76
17119;2016-11-14;33.66
17120;2016-11-15;34.07
17121;2016-11-16;34.41
17122;2016-11-17;34.14
17123;2016-11-18;34.32
17126;2016-11-21;34.29
17127;2016-11-22;34.52
17128;2016-11-23;34.59
17129;2016-11-24;34.71
17130;2016-11-25;34.71
17133;2016-11-28;34.77
17134;2016-11-29;34.35
17135;2016-11-30;34.32
17136;2016-12-01;34.86
17137;2016-12-02;35.01
17140;2016-12-05;34.88
17141;2016-12-06;35.11
17142;2016-12-07;35.26
17143;2016-12-08;35.63
17144;2016-12-09;35.89
17147;2016-12-12;36.02
17148;2016-12-13;35.82
17149;2016-12-14;36
17150;2016-12-15;35.76
17151;2016-12-16;35.95
17154;2016-12-19;35.79
17155;2016-12-20;35.77
17156;2016-12-21;35.99
17157;2016-12-22;35.92
17158;2016-12-23;35.84
17163;2016-12-28;36.01
17164;2016-12-29;35.66
17165;2016-12-30;35.48
17169;2017-01-03;35.44
17170;2017-01-04;35.86
17171;2017-01-05;36.17
17172;2017-01-06;36.04
17175;2017-01-09;36.13
17176;2017-01-10;35.89
17177;2017-01-11;36
17178;2017-01-12;36.15
17179;2017-01-13;35.93
17182;2017-01-16;35.99
17183;2017-01-17;35.96
17184;2017-01-18;35.54
17185;2017-01-19;35.57
17186;2017-01-20;35.38
17189;2017-01-23;35.51
17190;2017-01-24;35.32
17191;2017-01-25;35.7
17192;2017-01-26;36.07
17193;2017-01-27;36.12
17196;2017-01-30;36
17197;2017-01-31;35.64
17198;2017-02-01;35.61
17199;2017-02-02;35.61
17200;2017-02-03;35.61
17203;2017-02-06;36.07
17204;2017-02-07;35.96
17205;2017-02-08;35.75
17206;2017-02-09;35.64
17207;2017-02-10;36.02
17210;2017-02-13;36.17
17211;2017-02-14;36.45
17212;2017-02-15;36.79
17213;2017-02-16;36.9
17214;2017-02-17;36.83
17217;2017-02-20;36.78
17218;2017-02-21;36.79
17219;2017-02-22;37.04
17220;2017-02-23;36.89
17221;2017-02-24;36.82
17224;2017-02-27;36.63
17225;2017-02-28;36.8
17226;2017-03-01;36.63
17227;2017-03-02;37.28
17228;2017-03-03;36.93
17231;2017-03-06;37.03
17232;2017-03-07;36.87
17233;2017-03-08;36.7
17234;2017-03-09;36.49
17235;2017-03-10;36.59
17238;2017-03-13;36.64
17239;2017-03-14;36.6
17240;2017-03-15;36.41
17241;2017-03-16;36.63
17242;2017-03-17;36.63
17245;2017-03-20;36.45
17246;2017-03-21;36.32
17247;2017-03-22;35.64
17248;2017-03-23;35.63
17249;2017-03-24;35.62
17252;2017-03-27;35.55
17253;2017-03-28;35.5
17254;2017-03-29;35.92
17255;2017-03-30;36.01
17256;2017-03-31;36.2
17259;2017-04-03;36.04
17260;2017-04-04;35.89
17261;2017-04-05;35.94
17262;2017-04-06;35.73
17263;2017-04-07;35.95
17266;2017-04-10;35.83
17267;2017-04-11;35.89
17268;2017-04-12;35.83
17269;2017-04-13;35.54
17274;2017-04-18;35.53
17275;2017-04-19;35.24
17276;2017-04-20;35.09
17277;2017-04-21;35.41
17280;2017-04-24;35.55
17281;2017-04-25;35.76
17282;2017-04-26;36.14
17283;2017-04-27;36.2
17284;2017-04-28;36.08
17288;2017-05-02;36.03
17289;2017-05-03;36.01
17290;2017-05-04;36.02
17291;2017-05-05;35.97
17294;2017-05-08;36.18
17295;2017-05-09;36.2
17296;2017-05-10;36.1
17297;2017-05-11;36.22
17298;2017-05-12;36.14
17301;2017-05-15;35.97
17302;2017-05-16;36.27
17303;2017-05-17;36.29
17304;2017-05-18;35.39
17305;2017-05-19;35.4
17308;2017-05-22;35.76
17309;2017-05-23;35.83
17310;2017-05-24;36.02
17312;2017-05-26;35.95
17315;2017-05-29;35.99
17316;2017-05-30;35.98
17317;2017-05-31;35.79
17318;2017-06-01;35.62
17319;2017-06-02;35.98
17323;2017-06-06;35.85
17324;2017-06-07;35.77
17325;2017-06-08;35.71
17326;2017-06-09;35.88
17329;2017-06-12;36.31
17330;2017-06-13;36.31
17331;2017-06-14;36.49
17332;2017-06-15;36.31
17333;2017-06-16;36.2
17336;2017-06-19;36.21
17337;2017-06-20;36.52
17338;2017-06-21;36.18
17339;2017-06-22;36.02
17343;2017-06-26;36.02
17344;2017-06-27;36.1
17345;2017-06-28;36.01
17346;2017-06-29;36.4
17347;2017-06-30;36.4
17350;2017-07-03;36.44
17351;2017-07-04;36.78
17352;2017-07-05;36.78
17353;2017-07-06;36.69
17354;2017-07-07;36.33
17358;2017-07-11;36.48
17359;2017-07-12;36.42
17360;2017-07-13;36.61
17361;2017-07-14;36.79
17364;2017-07-17;36.82
17365;2017-07-18;36.78
17366;2017-07-19;36.7
17367;2017-07-20;36.93
17368;2017-07-21;36.93
17371;2017-07-24;36.75
17372;2017-07-25;36.77
17373;2017-07-26;37.17
17374;2017-07-27;37.01
17375;2017-07-28;36.99
17378;2017-07-31;37
17379;2017-08-01;37.08
17380;2017-08-02;37.18
17381;2017-08-03;37.22
17382;2017-08-04;37.08
17385;2017-08-07;37.35
17386;2017-08-08;37.3
17387;2017-08-09;37.27
17388;2017-08-10;37.2
17389;2017-08-11;36.59
17392;2017-08-14;36.5
17394;2017-08-16;36.77
17395;2017-08-17;36.69
17396;2017-08-18;36.1
17399;2017-08-21;36.07
17400;2017-08-22;36
17401;2017-08-23;36.34
17402;2017-08-24;36.32
17403;2017-08-25;36.33
17406;2017-08-28;36.38
17407;2017-08-29;36.28
17408;2017-08-30;36.95
17409;2017-08-31;37.14
17410;2017-09-01;37.36
17413;2017-09-04;37.56
17414;2017-09-05;37.56
17415;2017-09-06;37.12
17416;2017-09-07;37.37
17417;2017-09-08;37.13
17420;2017-09-11;37.13
17421;2017-09-12;37.59
17422;2017-09-13;37.94
17423;2017-09-14;38.11
17424;2017-09-15;38.09
17427;2017-09-18;38.12
17428;2017-09-19;38.32
17429;2017-09-20;38.46
17430;2017-09-21;38.67
17431;2017-09-22;38.75
17434;2017-09-25;38.8
17435;2017-09-26;38.84
17436;2017-09-27;38.82
17437;2017-09-28;39.09
17438;2017-09-29;39.05
17441;2017-10-02;39.19
17442;2017-10-03;39.46
17443;2017-10-04;39.57
17444;2017-10-05;39.6
17445;2017-10-06;39.9
17448;2017-10-09;39.81
17449;2017-10-10;39.71
17450;2017-10-11;39.86
17451;2017-10-12;39.82
17452;2017-10-13;39.56
17455;2017-10-16;39.62
17456;2017-10-17;39.75
17457;2017-10-18;39.68
17458;2017-10-19;39.76
17459;2017-10-20;39.79
17462;2017-10-23;40.09
17463;2017-10-24;39.9
17464;2017-10-25;40.06
17465;2017-10-26;39.87
17466;2017-10-27;39.96
17469;2017-10-30;40.06
17470;2017-10-31;39.95
17471;2017-11-01;39.95
17472;2017-11-02;40.13
17473;2017-11-03;40.25
17476;2017-11-06;40.3
17477;2017-11-07;40.52
17478;2017-11-08;40.27
17479;2017-11-09;40.17
17480;2017-11-10;40.03
17483;2017-11-13;39.94
17484;2017-11-14;39.91
17485;2017-11-15;39.73
17486;2017-11-16;39.78
17487;2017-11-17;39.91
17490;2017-11-20;39.93
17491;2017-11-21;39.9
17492;2017-11-22;40.03
17493;2017-11-23;40.07
17494;2017-11-24;40.08
17497;2017-11-27;40.08
17498;2017-11-28;39.89
17499;2017-11-29;40.53
17500;2017-11-30;40.8
17501;2017-12-01;41.02
17504;2017-12-04;41.07
17505;2017-12-05;41.24
17506;2017-12-06;41.05
17507;2017-12-07;40.85
17508;2017-12-08;40.98
17511;2017-12-11;41.25
17512;2017-12-12;41.4
17513;2017-12-13;41.6
17514;2017-12-14;41.37
17515;2017-12-15;41.12
17518;2017-12-18;41.42
17519;2017-12-19;41.72
17520;2017-12-20;41.67
17521;2017-12-21;41.76
17522;2017-12-22;42.07
17527;2017-12-27;42.03
17528;2017-12-28;42.02
17529;2017-12-29;42.11
17533;2018-01-02;41.92
17534;2018-01-03;42.28
17535;2018-01-04;42.52
17536;2018-01-05;42.87
17539;2018-01-08;42.99
17540;2018-01-09;42.98
17541;2018-01-10;43.07
17542;2018-01-11;43.16
17543;2018-01-12;43.58
17546;2018-01-15;43.9
17547;2018-01-16;43.9
17548;2018-01-17;43.71
17549;2018-01-18;43.96
17550;2018-01-19;43.89
17553;2018-01-22;43.99
17554;2018-01-23;44.42
17555;2018-01-24;44.44
17556;2018-01-25;44.62
17557;2018-01-26;44.48
17560;2018-01-29;44.95
17561;2018-01-30;44.73
17562;2018-01-31;44.04
17563;2018-02-01;43.91
17564;2018-02-02;44.09
17567;2018-02-05;43.04
17568;2018-02-06;40.79
17569;2018-02-07;41.98
17570;2018-02-08;41.8
17571;2018-02-09;40.31
17574;2018-02-12;41.19
17575;2018-02-13;41.33
17576;2018-02-14;41.37
17577;2018-02-15;42.08
17578;2018-02-16;42.27
17581;2018-02-19;42.18
17582;2018-02-20;42.16
17583;2018-02-21;42
17584;2018-02-22;41.8
17585;2018-02-23;41.72
17588;2018-02-26;42.35
17589;2018-02-27;42.68
17590;2018-02-28;42.22
17591;2018-03-01;41.68
17592;2018-03-02;41.21
17595;2018-03-05;41.29
17596;2018-03-06;41.75
17597;2018-03-07;41.38
17598;2018-03-08;41.72
17599;2018-03-09;41.8
17602;2018-03-12;42.48
17603;2018-03-13;42.43
17604;2018-03-14;42.13
17605;2018-03-15;41.81
17606;2018-03-16;41.74
17609;2018-03-19;41.84
17610;2018-03-20;41.33
17611;2018-03-21;41.4
17612;2018-03-22;41.65
17613;2018-03-23;40.49
17616;2018-03-26;40.11
17617;2018-03-27;40.73
17618;2018-03-28;40.18
17619;2018-03-29;40.06
17624;2018-04-03;39.73
17625;2018-04-04;39.46
17626;2018-04-05;40.73
17627;2018-04-06;41.18
17630;2018-04-09;40.34
17631;2018-04-10;40.96
17632;2018-04-11;41.26
17633;2018-04-12;41.14
17634;2018-04-13;41.59
17637;2018-04-16;41.32
17638;2018-04-17;41.46
17639;2018-04-18;41.64
17640;2018-04-19;41.84
17641;2018-04-20;41.9
17644;2018-04-23;41.76
17645;2018-04-24;41.81
17646;2018-04-25;41.55
17647;2018-04-26;41.72
17648;2018-04-27;41.85
17651;2018-04-30;41.82
17652;2018-05-01;41.82
17653;2018-05-02;41.47
17654;2018-05-03;41.13
17655;2018-05-04;40.9
17659;2018-05-08;41.47
17660;2018-05-09;41.66
17662;2018-05-11;42.55
17665;2018-05-14;42.65
17666;2018-05-15;42.84
17667;2018-05-16;42.75
17668;2018-05-17;42.85
17669;2018-05-18;42.95
17672;2018-05-21;42.95
17673;2018-05-22;42.82
17674;2018-05-23;42.78
17675;2018-05-24;42.63
17676;2018-05-25;42.42
17679;2018-05-28;42.07
17680;2018-05-29;42.05
17681;2018-05-30;41.24
17682;2018-05-31;41.88
17683;2018-06-01;41.64
17686;2018-06-04;42.04
17687;2018-06-05;42.05
17688;2018-06-06;41.93
17689;2018-06-07;42.46
17690;2018-06-08;42.65
17693;2018-06-11;42.72
17694;2018-06-12;42.83
17695;2018-06-13;42.66
17696;2018-06-14;42.6
17697;2018-06-15;42.52
17700;2018-06-18;42.28
17701;2018-06-19;41.75
17702;2018-06-20;42.15
17703;2018-06-21;42.27
17704;2018-06-22;41.88
17707;2018-06-25;42.15
17708;2018-06-26;41.46
17709;2018-06-27;41.57
17710;2018-06-28;41.32
17711;2018-06-29;41.46
17714;2018-07-02;41.43
17715;2018-07-03;41.43
17716;2018-07-04;41.39
17717;2018-07-05;41.39
17718;2018-07-06;41.61
17721;2018-07-09;41.95
17722;2018-07-10;42.6
17723;2018-07-11;42.59
17724;2018-07-12;42.09
17725;2018-07-13;42.36
17728;2018-07-16;42.26
17729;2018-07-17;42.39
17730;2018-07-18;42.48
17731;2018-07-19;42.64
17732;2018-07-20;42.33
17735;2018-07-23;42.29
17736;2018-07-24;42.45
17737;2018-07-25;42.62
17738;2018-07-26;42.85
17739;2018-07-27;42.94
17742;2018-07-30;42.84
17743;2018-07-31;43
17744;2018-08-01;43.15
17745;2018-08-02;42.99
17746;2018-08-03;43.04
17749;2018-08-06;43.2
17750;2018-08-07;43.24
17751;2018-08-08;43.31
17752;2018-08-09;43.26
17753;2018-08-10;43.04
17756;2018-08-13;42.71
17757;2018-08-14;42.41
17759;2018-08-16;42.2
17760;2018-08-17;42.59
17763;2018-08-20;42.75
17764;2018-08-21;42.94
17765;2018-08-22;43.16
17766;2018-08-23;43.2
17767;2018-08-24;43.03
17770;2018-08-27;43.21
17771;2018-08-28;43.61
17772;2018-08-29;43.57
17773;2018-08-30;43.69
17774;2018-08-31;43.43
17777;2018-09-03;43.34
17778;2018-09-04;43.33
17779;2018-09-05;43.19
17780;2018-09-06;43.19
17781;2018-09-07;42.85
17784;2018-09-10;42.78
17785;2018-09-11;42.72
17786;2018-09-12;42.77
17787;2018-09-13;42.81
17788;2018-09-14;42.94
17791;2018-09-17;43.04
17792;2018-09-18;42.95
17793;2018-09-19;43.3
17794;2018-09-20;43.7
17795;2018-09-21;44.04
17798;2018-09-24;44.02
17799;2018-09-25;43.82
17800;2018-09-26;43.69
17801;2018-09-27;43.47
17802;2018-09-28;43.44
17805;2018-10-01;43.29
17806;2018-10-02;43.55
17807;2018-10-03;43.55
17808;2018-10-04;43.73
17809;2018-10-05;43.68
17812;2018-10-08;43.39
17813;2018-10-09;43.43
17814;2018-10-10;43.29
17815;2018-10-11;42.17
17816;2018-10-12;41.57
17819;2018-10-15;41.4
17820;2018-10-16;41.27
17821;2018-10-17;41.86
17822;2018-10-18;41.89
17823;2018-10-19;41.34
17826;2018-10-22;41.23
17827;2018-10-23;40.27
17828;2018-10-24;40.35
17829;2018-10-25;39.03
17830;2018-10-26;39.09
17833;2018-10-29;39.33
17834;2018-10-30;39.21
17835;2018-10-31;39.75
17837;2018-11-02;40.53
17840;2018-11-05;40.33
17841;2018-11-06;40.76
17842;2018-11-07;40.97
17843;2018-11-08;41.58
17844;2018-11-09;41.41
17847;2018-11-12;41.07
17848;2018-11-13;40.39
17849;2018-11-14;40.31
17850;2018-11-15;39.93
17851;2018-11-16;40.41
17854;2018-11-19;40.44
17855;2018-11-20;40.22
17856;2018-11-21;39.44
17857;2018-11-22;39.75
17858;2018-11-23;39.75
17861;2018-11-26;39.83
17862;2018-11-27;39.96
17863;2018-11-28;39.96
17864;2018-11-29;40.58
17865;2018-11-30;40.48
17868;2018-12-03;41.19
17869;2018-12-04;41.08
17870;2018-12-05;39.79
17871;2018-12-06;39.24
17872;2018-12-07;39.29
17875;2018-12-10;38.57
17876;2018-12-11;38.24
17877;2018-12-12;38.09
17878;2018-12-13;38.31
17879;2018-12-14;38.17
17882;2018-12-17;37.66
17883;2018-12-18;37.15
17884;2018-12-19;36.89
17885;2018-12-20;36.37
17886;2018-12-21;35.79
17892;2018-12-27;35.45
17893;2018-12-28;35.98
17896;2018-12-31;35.92
17898;2019-01-02;35.77
17899;2019-01-03;36
17900;2019-01-04;36.35
17903;2019-01-07;37.13
17904;2019-01-08;37.39
17905;2019-01-09;37.52
17906;2019-01-10;37.76
17907;2019-01-11;37.9
17910;2019-01-14;38
17911;2019-01-15;38.06
17912;2019-01-16;38.36
17913;2019-01-17;38.59
17914;2019-01-18;38.88
17917;2019-01-21;39.43
17918;2019-01-22;39.43
17919;2019-01-23;38.9
17920;2019-01-24;38.77
17921;2019-01-25;38.85
17924;2019-01-28;39.2
17925;2019-01-29;39
17926;2019-01-30;38.95
17927;2019-01-31;39.36
17928;2019-02-01;39.46
17931;2019-02-04;39.6
17932;2019-02-05;39.84
17933;2019-02-06;39.84
17934;2019-02-07;39.88
17935;2019-02-08;39.33
17938;2019-02-11;39.19
17939;2019-02-12;39.24
17940;2019-02-13;39.73
17941;2019-02-14;39.84
17942;2019-02-15;39.76
17945;2019-02-18;40.46
17946;2019-02-19;40.45
17947;2019-02-20;40.57
17948;2019-02-21;40.77
17949;2019-02-22;40.52
17952;2019-02-25;40.61
17953;2019-02-26;40.67
17954;2019-02-27;40.59
17955;2019-02-28;40.58
17956;2019-03-01;40.43
17959;2019-03-04;40.73
17960;2019-03-05;40.51
17961;2019-03-06;40.46
17962;2019-03-07;40.13
17963;2019-03-08;39.84
17966;2019-03-11;39.68
17967;2019-03-12;40.16
17968;2019-03-13;40.34
17969;2019-03-14;40.74
17970;2019-03-15;40.8
17973;2019-03-18;40.97
17974;2019-03-19;41.31
17975;2019-03-20;41.22
17976;2019-03-21;40.87
17977;2019-03-22;41
17980;2019-03-25;39.97
17981;2019-03-26;39.84
17982;2019-03-27;40.17
17983;2019-03-28;39.96
17984;2019-03-29;40.15
17987;2019-04-01;40.29
17988;2019-04-02;40.93
17989;2019-04-03;40.82
17990;2019-04-04;40.85
17991;2019-04-05;41.1
17994;2019-04-08;41.29
17995;2019-04-09;41.39
17996;2019-04-10;40.98
17997;2019-04-11;41.13
17998;2019-04-12;41.09
18001;2019-04-15;41.59
18002;2019-04-16;41.46
18003;2019-04-17;41.75
18004;2019-04-18;41.79
18009;2019-04-23;41.89
18010;2019-04-24;42.08
18011;2019-04-25;41.89
18012;2019-04-26;41.78
18015;2019-04-29;41.94
18016;2019-04-30;42.2
18018;2019-05-02;41.88
18019;2019-05-03;41.75
18022;2019-05-06;41.49
18023;2019-05-07;41.96
18024;2019-05-08;41.29
18026;2019-05-10;41.19
18029;2019-05-13;40.81
18030;2019-05-14;40.18
18031;2019-05-15;40.6
18032;2019-05-16;40.65
18033;2019-05-17;40.97
18036;2019-05-20;40.73
18037;2019-05-21;40.59
18038;2019-05-22;40.98
18039;2019-05-23;40.57
18040;2019-05-24;39.92
18044;2019-05-28;40.04
18045;2019-05-29;39.58
18047;2019-05-31;38.69
18050;2019-06-03;38.68
18051;2019-06-04;38.92
18052;2019-06-05;39.79
18053;2019-06-06;39.66
18054;2019-06-07;39.87
18058;2019-06-11;40.28
18059;2019-06-12;40.37
18060;2019-06-13;40.07
18061;2019-06-14;40.29
18064;2019-06-17;40.14
18065;2019-06-18;40.14
18066;2019-06-19;40.61
18067;2019-06-20;40.6
18068;2019-06-21;40.96
18071;2019-06-24;40.9
18072;2019-06-25;40.7
18073;2019-06-26;40.65
18074;2019-06-27;40.75
18075;2019-06-28;40.85
18078;2019-07-01;41.71
18080;2019-07-03;41.38
18081;2019-07-04;41.55
18085;2019-07-08;41.59
18086;2019-07-09;41.37
18087;2019-07-10;41.43
18088;2019-07-11;41.48
18089;2019-07-12;41.64
18092;2019-07-15;41.88
18093;2019-07-16;41.71
18094;2019-07-17;41.52
18095;2019-07-18;41.17
18096;2019-07-19;41.35
18099;2019-07-22;41.43
18100;2019-07-23;41.47
18101;2019-07-24;41.82
18102;2019-07-25;42.05
18103;2019-07-26;41.8
18106;2019-07-29;41.98
18107;2019-07-30;41.89
18108;2019-07-31;42.05
18109;2019-08-01;41.75
18110;2019-08-02;41.01
18113;2019-08-05;40.27
18114;2019-08-06;39.58
18115;2019-08-07;39.84
18116;2019-08-08;39.64
18117;2019-08-09;40.4
18120;2019-08-12;40.15
18121;2019-08-13;39.54
18122;2019-08-14;40.05
18124;2019-08-16;38.83
18127;2019-08-19;39.2
18128;2019-08-20;39.65
18129;2019-08-21;39.29
18130;2019-08-22;39.52
18131;2019-08-23;39.49
18134;2019-08-26;38.51
18135;2019-08-27;38.79
18136;2019-08-28;38.46
18137;2019-08-29;39.27
18138;2019-08-30;39.36
18141;2019-09-02;39.42
18142;2019-09-03;39.42
18143;2019-09-04;39.1
18144;2019-09-05;39.6
18145;2019-09-06;40.2
18148;2019-09-09;40.21
18149;2019-09-10;40.83
18150;2019-09-11;41.24
18151;2019-09-12;41.56
18152;2019-09-13;41.56
18155;2019-09-16;41.72
18156;2019-09-17;41.96
18157;2019-09-18;41.73
18158;2019-09-19;41.7
18159;2019-09-20;41.6
18162;2019-09-23;41.46
18163;2019-09-24;41.46
18164;2019-09-25;40.88
18165;2019-09-26;41.16
18166;2019-09-27;40.87
18169;2019-09-30;40.84
18170;2019-10-01;40.91
18171;2019-10-02;40.16
18172;2019-10-03;39.3
18173;2019-10-04;39.49
18176;2019-10-07;39.93
18177;2019-10-08;39.74
18178;2019-10-09;39
18179;2019-10-10;39.32
18180;2019-10-11;39.7
18183;2019-10-14;40.27
18184;2019-10-15;40.21
18185;2019-10-16;40.63
18186;2019-10-17;40.55
18187;2019-10-18;40.7
18190;2019-10-21;40.63
18191;2019-10-22;41.05
18192;2019-10-23;41.19
18193;2019-10-24;41.35
18194;2019-10-25;41.16
18197;2019-10-28;41.55
18198;2019-10-29;41.73
18199;2019-10-30;41.84
18200;2019-10-31;41.64
18204;2019-11-04;42.02
18205;2019-11-05;42.64
18206;2019-11-06;42.79
18207;2019-11-07;42.69
18208;2019-11-08;43.04
18211;2019-11-11;43.25
18212;2019-11-12;43.11
18213;2019-11-13;43.1
18214;2019-11-14;42.78
18215;2019-11-15;42.67
18218;2019-11-18;42.97
18219;2019-11-19;42.86
18220;2019-11-20;42.68
18221;2019-11-21;42.48
18222;2019-11-22;42.59
18225;2019-11-25;42.74
18226;2019-11-26;43.03
18227;2019-11-27;42.83
18228;2019-11-28;43
18229;2019-11-29;43
18232;2019-12-02;42.79
18233;2019-12-03;42.52
18234;2019-12-04;42.03
18235;2019-12-05;42.44
18236;2019-12-06;42.44
18239;2019-12-09;43.04
18240;2019-12-10;42.95
18241;2019-12-11;42.96
18242;2019-12-12;43.03
18243;2019-12-13;43.76
18246;2019-12-16;43.53
18247;2019-12-17;43.84
18248;2019-12-18;43.97
18249;2019-12-19;44
18250;2019-12-20;44.09
18253;2019-12-23;44.29
18257;2019-12-27;44.64
18260;2019-12-30;44.55
18261;2019-12-31;44.34
18263;2020-01-02;44.48
18264;2020-01-03;44.12
18267;2020-01-06;44.42
18268;2020-01-07;44.56
18269;2020-01-08;44.38
18270;2020-01-09;44.43
18271;2020-01-10;44.62
18274;2020-01-13;44.33
18275;2020-01-14;44.55
18276;2020-01-15;44.67
18277;2020-01-16;44.57
18278;2020-01-17;44.89
18281;2020-01-20;44.92
18282;2020-01-21;44.91
18283;2020-01-22;44.46
18284;2020-01-23;44.42
18285;2020-01-24;44.35
18288;2020-01-27;43.1
18289;2020-01-28;42.86
18290;2020-01-29;43.29
18291;2020-01-30;43.01
18292;2020-01-31;43.18
18295;2020-02-03;42.26
18296;2020-02-04;42.91
18297;2020-02-05;43.1
18298;2020-02-06;44.02
18299;2020-02-07;44.1
18302;2020-02-10;43.73
18303;2020-02-11;43.85
18304;2020-02-12;44.1
18305;2020-02-13;44.39
18306;2020-02-14;44.08
18309;2020-02-17;43.89
18310;2020-02-18;43.89
18311;2020-02-19;43.66
18312;2020-02-20;43.89
18313;2020-02-21;43.75
18316;2020-02-24;42.24
18317;2020-02-25;41.74
18318;2020-02-26;40.28
18319;2020-02-27;39.38
18320;2020-02-28;37.5
18323;2020-03-02;37.75
18324;2020-03-03;39.13
18325;2020-03-04;38.7
18326;2020-03-05;38.45
18327;2020-03-06;36.89
18330;2020-03-09;34.69
18331;2020-03-10;33.81
18332;2020-03-11;33.11
18333;2020-03-12;30.82
