16101;2014-01-31;100
16103;2014-02-02;100
16104;2014-02-03;99.53
16105;2014-02-04;99
16106;2014-02-05;99.03
16107;2014-02-06;100.23
16110;2014-02-09;100.63
16111;2014-02-10;101.28
16112;2014-02-11;101.63
16113;2014-02-12;102.02
16114;2014-02-13;102.57
16117;2014-02-16;102.77
16118;2014-02-17;103.45
16119;2014-02-18;103.48
16120;2014-02-19;103.54
16121;2014-02-20;103.61
16124;2014-02-23;103.74
16125;2014-02-24;104.64
16126;2014-02-25;105.08
16127;2014-02-26;104.72
16128;2014-02-27;104.29
16131;2014-03-02;104.32
16132;2014-03-03;101.96
16133;2014-03-04;103.71
16134;2014-03-05;103.65
16135;2014-03-06;104.02
16138;2014-03-09;103.4
16139;2014-03-10;103.09
16140;2014-03-11;103.43
16141;2014-03-12;101.93
16142;2014-03-13;101.43
16145;2014-03-16;100.28
16146;2014-03-17;101.44
16147;2014-03-18;102.58
16148;2014-03-19;103.02
16149;2014-03-20;102.24
16152;2014-03-23;101.78
16153;2014-03-24;100.31
16154;2014-03-25;100.97
16155;2014-03-26;101.18
16156;2014-03-27;101.61
16159;2014-03-30;102.02
16160;2014-03-31;102.37
16161;2014-04-01;102.9
16162;2014-04-02;102.57
16163;2014-04-03;102.64
16166;2014-04-06;103.12
16167;2014-04-07;102.1
16168;2014-04-08;101.11
16169;2014-04-09;101.71
16170;2014-04-10;101.03
16173;2014-04-13;99.98
16174;2014-04-14;99.11
16175;2014-04-15;98.59
16176;2014-04-16;99.92
16181;2014-04-21;99.97
16182;2014-04-22;100.8
16183;2014-04-23;100.95
16184;2014-04-24;101.03
16187;2014-04-27;100.5
16188;2014-04-28;100.66
16189;2014-04-29;101.2
16191;2014-05-01;101.11
16194;2014-05-04;101.78
16195;2014-05-05;101.56
16196;2014-05-06;101.51
16198;2014-05-08;101.54
16201;2014-05-11;102.57
16202;2014-05-12;103.04
16203;2014-05-13;102.5
16204;2014-05-14;102.17
16205;2014-05-15;101.35
16208;2014-05-18;100.69
16209;2014-05-19;100.52
16210;2014-05-20;100.38
16211;2014-05-21;100.57
16212;2014-05-22;100.46
16215;2014-05-25;100.8
16216;2014-05-26;101.23
16217;2014-05-27;101.76
16219;2014-05-29;102.28
16222;2014-06-01;102.64
16223;2014-06-02;102.82
16224;2014-06-03;102.53
16225;2014-06-04;102.48
16226;2014-06-05;102.2
16230;2014-06-09;102.66
16231;2014-06-10;103.15
16232;2014-06-11;102.48
16233;2014-06-12;102.31
16236;2014-06-15;101.58
16237;2014-06-16;100.74
16238;2014-06-17;100.75
16239;2014-06-18;100.82
16240;2014-06-19;101.1
16243;2014-06-22;101.06
16244;2014-06-23;100.61
16245;2014-06-24;100.01
16246;2014-06-25;99.37
16247;2014-06-26;99.78
16250;2014-06-29;99.55
16251;2014-06-30;99.61
16252;2014-07-01;99.98
16253;2014-07-02;99.91
16254;2014-07-03;100.18
16257;2014-07-06;100.13
16258;2014-07-07;99.47
16259;2014-07-08;98.04
16260;2014-07-09;97.96
16261;2014-07-10;96.7
16265;2014-07-14;97.41
16266;2014-07-15;97.22
16267;2014-07-16;97.68
16268;2014-07-17;97.63
16271;2014-07-20;97.41
16272;2014-07-21;97.08
16273;2014-07-22;97.36
16274;2014-07-23;97.53
16275;2014-07-24;97.93
16278;2014-07-27;97.62
16279;2014-07-28;97.55
16280;2014-07-29;97.51
16281;2014-07-30;97.17
16282;2014-07-31;96.34
16285;2014-08-03;94.99
16286;2014-08-04;94.44
16287;2014-08-05;94.63
16288;2014-08-06;93.53
16289;2014-08-07;92.99
16292;2014-08-10;91.75
16293;2014-08-11;92.87
16294;2014-08-12;92.9
16295;2014-08-13;93.07
16299;2014-08-17;93.31
16300;2014-08-18;94.32
16301;2014-08-19;95.04
16302;2014-08-20;94.7
16303;2014-08-21;95.26
16306;2014-08-24;94.91
16307;2014-08-25;95.54
16308;2014-08-26;96.36
16309;2014-08-27;96.7
16310;2014-08-28;96.54
16313;2014-08-31;96.7
16314;2014-09-01;96.59
16315;2014-09-02;96.42
16316;2014-09-03;96.87
16317;2014-09-04;97.3
16320;2014-09-07;97.62
16321;2014-09-08;97.84
16322;2014-09-09;97.49
16323;2014-09-10;97.41
16324;2014-09-11;96.99
16327;2014-09-14;96.77
16328;2014-09-15;96.45
16329;2014-09-16;96.03
16330;2014-09-17;96.12
16331;2014-09-18;96.17
16334;2014-09-21;96.79
16335;2014-09-22;96.3
16336;2014-09-23;95.7
16337;2014-09-24;95.42
16338;2014-09-25;94.94
16341;2014-09-28;94.85
16342;2014-09-29;94.64
16343;2014-09-30;94.79
16344;2014-10-01;94.35
16345;2014-10-02;92.83
16348;2014-10-05;93.27
16349;2014-10-06;92.96
16350;2014-10-07;92.03
16351;2014-10-08;90.24
16352;2014-10-09;90.85
16355;2014-10-12;89.22
16356;2014-10-13;88.01
16357;2014-10-14;88.28
16358;2014-10-15;86.65
16359;2014-10-16;85.28
16362;2014-10-19;87.62
16363;2014-10-20;88.09
16364;2014-10-21;89.68
16365;2014-10-22;90.71
16366;2014-10-23;91.74
16369;2014-10-26;91.69
16370;2014-10-27;91.33
16371;2014-10-28;91.7
16372;2014-10-29;92.12
16373;2014-10-30;92.08
16376;2014-11-02;92.97
16377;2014-11-03;93.12
16378;2014-11-04;93.03
16379;2014-11-05;93.65
16380;2014-11-06;93.71
16383;2014-11-09;93.88
16385;2014-11-11;95.02
16386;2014-11-12;94.39
16387;2014-11-13;94.07
16390;2014-11-16;93.96
16391;2014-11-17;94.26
16392;2014-11-18;94.25
16393;2014-11-19;94.22
16394;2014-11-20;94.3
16397;2014-11-23;95.04
16398;2014-11-24;95.49
16399;2014-11-25;95.54
16400;2014-11-26;95.24
16401;2014-11-27;95.74
16404;2014-11-30;95.96
16405;2014-12-01;96.13
16406;2014-12-02;96.1
16407;2014-12-03;96.22
16408;2014-12-04;95.7
16411;2014-12-07;96.17
16412;2014-12-08;96.34
16413;2014-12-09;95.3
16414;2014-12-10;95.36
16415;2014-12-11;95.07
16418;2014-12-14;93.68
16419;2014-12-15;92.57
16420;2014-12-16;92.78
16421;2014-12-17;93.23
16422;2014-12-18;94.71
16425;2014-12-21;95
16426;2014-12-22;95.66
16427;2014-12-23;96.51
16432;2014-12-28;96.4
16433;2014-12-29;96.59
16434;2014-12-30;96.36
16436;2015-01-01;96.7
16439;2015-01-04;97.26
16440;2015-01-05;96.38
16441;2015-01-06;96.34
16442;2015-01-07;96.29
16443;2015-01-08;97.39
16446;2015-01-11;97.1
16447;2015-01-12;97.42
16448;2015-01-13;98.49
16449;2015-01-14;98.26
16450;2015-01-15;98.38
16453;2015-01-18;98.6
16454;2015-01-19;98.97
16455;2015-01-20;98.94
16456;2015-01-21;99.29
16457;2015-01-22;99.63
16460;2015-01-25;101.17
16461;2015-01-26;102.73
16462;2015-01-27;102.37
16463;2015-01-28;102.92
16464;2015-01-29;103.02
16467;2015-02-01;102.95
16468;2015-02-02;102.98
16469;2015-02-03;103.69
16470;2015-02-04;104.03
16471;2015-02-05;104.5
16474;2015-02-08;104.93
16475;2015-02-09;104.44
16476;2015-02-10;105.02
16477;2015-02-11;105.48
16478;2015-02-12;107.11
16481;2015-02-15;107.29
16482;2015-02-16;107.48
16483;2015-02-17;107.68
16484;2015-02-18;107.91
16485;2015-02-19;108.19
16488;2015-02-22;108.68
16489;2015-02-23;109.43
16490;2015-02-24;110.25
16491;2015-02-25;110.46
16492;2015-02-26;110.69
16495;2015-03-01;111.1
16496;2015-03-02;111.02
16497;2015-03-03;110.46
16498;2015-03-04;110.35
16499;2015-03-05;111.94
16502;2015-03-08;112.77
16503;2015-03-09;112.88
16504;2015-03-10;112.21
16505;2015-03-11;113.58
16506;2015-03-12;113.79
16509;2015-03-15;114.14
16510;2015-03-16;115.07
16511;2015-03-17;113.93
16512;2015-03-18;113.69
16513;2015-03-19;114.48
16516;2015-03-22;114.92
16517;2015-03-23;114.68
16518;2015-03-24;114.23
16519;2015-03-25;114.02
16520;2015-03-26;112.67
16523;2015-03-29;112.87
16524;2015-03-30;113.84
16525;2015-03-31;113.5
16526;2015-04-01;114.15
16531;2015-04-06;114.11
16532;2015-04-07;114.79
16533;2015-04-08;115.48
16534;2015-04-09;116.5
16537;2015-04-12;117.46
16538;2015-04-13;118.16
16539;2015-04-14;117.5
16540;2015-04-15;118.27
16541;2015-04-16;117.32
16544;2015-04-19;115.39
16545;2015-04-20;115.51
16546;2015-04-21;116.09
16547;2015-04-22;116.07
16548;2015-04-23;115.83
16551;2015-04-26;115.91
16552;2015-04-27;116.69
16553;2015-04-28;115.99
16554;2015-04-29;114.57
16558;2015-05-03;114.47
16559;2015-05-04;114.81
16560;2015-05-05;113.71
16561;2015-05-06;112.82
16565;2015-05-10;112.48
16566;2015-05-11;114.56
16567;2015-05-12;113.74
16572;2015-05-17;113.99
16573;2015-05-18;113.82
16574;2015-05-19;114.57
16575;2015-05-20;114.96
16576;2015-05-21;115.66
16580;2015-05-25;115.84
16581;2015-05-26;115.09
16582;2015-05-27;115.74
16583;2015-05-28;115.84
16586;2015-05-31;114.78
16587;2015-06-01;114.63
16588;2015-06-02;114.9
16589;2015-06-03;115.48
16590;2015-06-04;115.01
16593;2015-06-07;113.78
16594;2015-06-08;112.59
16595;2015-06-09;112
16596;2015-06-10;112.02
16597;2015-06-11;112.29
16600;2015-06-14;111.3
16601;2015-06-15;110.01
16602;2015-06-16;110.66
16604;2015-06-18;110.03
16607;2015-06-21;110.11
16608;2015-06-22;111.71
16609;2015-06-23;113.07
16610;2015-06-24;112.87
16611;2015-06-25;112.79
16614;2015-06-28;112.94
16615;2015-06-29;110.36
16616;2015-06-30;110.2
16617;2015-07-01;111.66
16618;2015-07-02;111.25
16621;2015-07-05;110.8
16622;2015-07-06;109.74
16623;2015-07-07;108.85
16624;2015-07-08;108.21
16625;2015-07-09;109.91
16628;2015-07-12;111.76
16630;2015-07-14;113.57
16631;2015-07-15;115.51
16632;2015-07-16;117.34
16635;2015-07-19;117.75
16636;2015-07-20;117.9
16637;2015-07-21;116.98
16638;2015-07-22;117.04
16639;2015-07-23;117.27
16642;2015-07-26;117.21
16643;2015-07-27;116.05
16644;2015-07-28;116.67
16645;2015-07-29;117.07
16646;2015-07-30;117.27
16649;2015-08-02;117.83
16650;2015-08-03;118.84
16651;2015-08-04;119.03
16652;2015-08-05;119.68
16653;2015-08-06;119.04
16656;2015-08-09;118.1
16657;2015-08-10;118.2
16658;2015-08-11;117.19
16659;2015-08-12;114.86
16660;2015-08-13;116.14
16663;2015-08-16;116.22
16664;2015-08-17;116.16
16665;2015-08-18;115.87
16666;2015-08-19;114.24
16667;2015-08-20;112.32
16670;2015-08-23;110.62
16671;2015-08-24;106.6
16672;2015-08-25;109.46
16673;2015-08-26;109.5
16674;2015-08-27;111.84
16677;2015-08-30;112.23
16678;2015-08-31;112.07
16679;2015-09-01;110.37
16680;2015-09-02;110.42
16681;2015-09-03;111.81
16684;2015-09-06;110.43
16685;2015-09-07;110.57
16686;2015-09-08;110.79
16687;2015-09-09;111.4
16688;2015-09-10;111.35
16691;2015-09-13;110.53
16692;2015-09-14;110.13
16693;2015-09-15;109.82
16694;2015-09-16;110.16
16695;2015-09-17;110.49
16698;2015-09-20;109.86
16699;2015-09-21;110.19
16700;2015-09-22;108.52
16701;2015-09-23;108.54
16702;2015-09-24;107.22
16705;2015-09-27;108.24
16706;2015-09-28;106.95
16707;2015-09-29;105.99
16708;2015-09-30;106.81
16709;2015-10-01;106.89
16712;2015-10-04;106.8
16713;2015-10-05;107.97
16714;2015-10-06;108.37
16715;2015-10-07;108.7
16716;2015-10-08;109.6
16719;2015-10-11;110.38
16720;2015-10-12;110.38
16721;2015-10-13;109.51
16722;2015-10-14;108.84
16723;2015-10-15;109.58
16726;2015-10-18;109.83
16727;2015-10-19;110.16
16728;2015-10-20;110.05
16729;2015-10-21;110.5
16730;2015-10-22;111.2
16733;2015-10-25;112.09
16734;2015-10-26;112.25
16735;2015-10-27;111.87
16736;2015-10-28;112.01
16737;2015-10-29;112.36
16740;2015-11-01;112.43
16741;2015-11-02;113.41
16742;2015-11-03;114.07
16743;2015-11-04;114.7
16744;2015-11-05;114.68
16747;2015-11-08;115.24
16748;2015-11-09;115.1
16750;2015-11-11;114.79
16751;2015-11-12;114.54
16754;2015-11-15;113.84
16755;2015-11-16;113.01
16756;2015-11-17;114.21
16757;2015-11-18;114.28
16758;2015-11-19;115.05
16761;2015-11-22;115.32
16762;2015-11-23;115.75
16763;2015-11-24;115.19
16764;2015-11-25;115.85
16765;2015-11-26;115.92
16768;2015-11-29;116.41
16769;2015-11-30;117.52
16770;2015-12-01;117.81
16771;2015-12-02;118.41
16772;2015-12-03;117.49
16775;2015-12-06;117.23
16776;2015-12-07;117.7
16777;2015-12-08;116.7
16778;2015-12-09;116.33
16779;2015-12-10;115.6
16782;2015-12-13;114.57
16783;2015-12-14;113.44
16784;2015-12-15;114.96
16785;2015-12-16;115.12
16786;2015-12-17;115.51
16789;2015-12-20;115.56
16790;2015-12-21;115.47
16791;2015-12-22;115.19
16792;2015-12-23;116.12
16796;2015-12-27;116.27
16797;2015-12-28;116.53
16798;2015-12-29;117.6
16799;2015-12-30;117.55
16800;2015-12-31;117.71
16803;2016-01-03;117.71
16804;2016-01-04;116.33
16805;2016-01-05;116.78
16806;2016-01-06;115.61
16807;2016-01-07;113.27
16810;2016-01-10;112.44
16811;2016-01-11;112.3
16812;2016-01-12;113.36
16813;2016-01-13;113.13
16814;2016-01-14;110.83
16817;2016-01-17;107.95
16818;2016-01-18;106.21
16819;2016-01-19;107.55
16820;2016-01-20;104.79
16821;2016-01-21;105.43
16824;2016-01-24;107.3
16825;2016-01-25;108.13
16826;2016-01-26;108.76
16827;2016-01-27;109.09
16828;2016-01-28;108.37
16831;2016-01-31;109.51
16832;2016-02-01;109.49
16833;2016-02-02;108.24
16834;2016-02-03;107.21
16835;2016-02-04;106.71
16838;2016-02-07;106.26
16839;2016-02-08;103.07
16840;2016-02-09;100.51
16841;2016-02-10;102.35
16842;2016-02-11;99.49
16845;2016-02-14;100.13
16846;2016-02-15;102.78
16847;2016-02-16;103.42
16848;2016-02-17;106.71
16849;2016-02-18;107.72
16852;2016-02-21;107.23
16853;2016-02-22;108.22
16854;2016-02-23;107.69
16855;2016-02-24;107.05
16856;2016-02-25;107.2
16859;2016-02-28;107.93
16860;2016-02-29;108.37
16861;2016-03-01;109.57
16862;2016-03-02;109.47
16863;2016-03-03;109.21
16866;2016-03-06;109.61
16867;2016-03-07;109.78
16868;2016-03-08;109.27
16869;2016-03-09;109.83
16870;2016-03-10;109.44
16873;2016-03-13;110.84
16874;2016-03-14;111.97
16875;2016-03-15;111.65
16876;2016-03-16;111.57
16877;2016-03-17;111.68
16880;2016-03-20;111.72
16881;2016-03-21;111.56
16882;2016-03-22;111.06
16883;2016-03-23;110.34
16888;2016-03-28;109.8
16889;2016-03-29;110.16
16890;2016-03-30;111.05
16891;2016-03-31;110.26
16894;2016-04-03;109.92
16895;2016-04-04;110.66
16896;2016-04-05;109.34
16897;2016-04-06;109.21
16898;2016-04-07;108.71
16901;2016-04-10;109.21
16902;2016-04-11;109.73
16903;2016-04-12;109.78
16904;2016-04-13;111.02
16905;2016-04-14;111.53
16908;2016-04-17;110.84
16909;2016-04-18;110.94
16910;2016-04-19;111.47
16911;2016-04-20;111.92
16912;2016-04-21;111.85
16915;2016-04-24;111.38
16916;2016-04-25;111.38
16917;2016-04-26;111.05
16918;2016-04-27;111.17
16919;2016-04-28;110.97
16922;2016-05-01;111.13
16923;2016-05-02;111.29
16924;2016-05-03;109.77
16926;2016-05-05;109.91
16929;2016-05-08;110.06
16930;2016-05-09;110.28
16931;2016-05-10;110.42
16932;2016-05-11;110.11
16933;2016-05-12;109.86
16937;2016-05-16;109.96
16938;2016-05-17;109.89
16939;2016-05-18;109.61
16940;2016-05-19;109.67
16943;2016-05-22;110.39
16944;2016-05-23;111.11
16945;2016-05-24;111.84
16946;2016-05-25;112.61
16947;2016-05-26;113.02
16950;2016-05-29;113.35
16951;2016-05-30;113.54
16952;2016-05-31;113.48
16953;2016-06-01;113.68
16954;2016-06-02;113.78
16957;2016-06-05;113.59
16958;2016-06-06;113.22
16959;2016-06-07;113.62
16960;2016-06-08;113.24
16961;2016-06-09;112.91
16964;2016-06-12;111.15
16965;2016-06-13;109.09
16966;2016-06-14;107.78
16967;2016-06-15;107.93
16968;2016-06-16;106.91
16971;2016-06-19;108.59
16972;2016-06-20;111.68
16973;2016-06-21;111.68
16974;2016-06-22;111.73
16975;2016-06-23;112.9
16978;2016-06-26;109.18
16979;2016-06-27;105.48
16980;2016-06-28;106.44
16981;2016-06-29;107.37
16982;2016-06-30;108.26
16985;2016-07-03;109.21
16986;2016-07-04;108.87
16987;2016-07-05;108.13
16988;2016-07-06;106.16
16989;2016-07-07;106.33
16992;2016-07-10;106.51
16993;2016-07-11;107.3
16994;2016-07-12;107.97
16995;2016-07-13;107.96
16999;2016-07-17;108.5
17000;2016-07-18;109.25
17001;2016-07-19;109.32
17002;2016-07-20;110.29
17003;2016-07-21;110.51
17006;2016-07-24;111.16
17007;2016-07-25;111.94
17008;2016-07-26;111.76
17009;2016-07-27;112.78
17010;2016-07-28;112.88
17013;2016-07-31;112.56
17014;2016-08-01;112.32
17015;2016-08-02;111.84
17016;2016-08-03;111.52
17017;2016-08-04;111.45
17020;2016-08-07;112.26
17021;2016-08-08;112.91
17022;2016-08-09;113.59
17023;2016-08-10;113.66
17024;2016-08-11;114
17025;2016-08-12;114.44
17029;2016-08-16;114.34
17030;2016-08-17;114.06
17031;2016-08-18;114.7
17034;2016-08-21;114.39
17035;2016-08-22;114.9
17036;2016-08-23;114.86
17037;2016-08-24;115.13
17038;2016-08-25;114.21
17041;2016-08-28;114.75
17042;2016-08-29;114.72
17043;2016-08-30;114.93
17044;2016-08-31;115.39
17045;2016-09-01;115.6
17048;2016-09-04;116.08
17049;2016-09-05;116.36
17050;2016-09-06;116.42
17051;2016-09-07;116.53
17052;2016-09-08;116.08
17055;2016-09-11;115.83
17056;2016-09-12;115.24
17057;2016-09-13;115.41
17058;2016-09-14;114.81
17059;2016-09-15;114.92
17062;2016-09-18;114.95
17063;2016-09-19;115.53
17064;2016-09-20;115.46
17065;2016-09-21;115.96
17066;2016-09-22;116.61
17069;2016-09-25;116.59
17070;2016-09-26;116
17071;2016-09-27;115.95
17072;2016-09-28;116.47
17073;2016-09-29;116.95
17074;2016-09-30;116.86
17077;2016-10-03;116.84
17078;2016-10-04;117.52
17079;2016-10-05;117.81
17080;2016-10-06;117.35
17081;2016-10-07;116.1
17084;2016-10-10;116.91
17085;2016-10-11;116.97
17086;2016-10-12;116.6
17087;2016-10-13;117.2
17088;2016-10-14;117.87
17091;2016-10-17;117.91
17092;2016-10-18;118.24
17093;2016-10-19;118.21
17094;2016-10-20;118.02
17095;2016-10-21;117.34
17098;2016-10-24;117.19
17099;2016-10-25;117.54
17100;2016-10-26;117.52
17101;2016-10-27;117.58
17102;2016-10-28;116.08
17105;2016-10-31;115.85
17107;2016-11-02;114.36
17108;2016-11-03;114.06
17109;2016-11-04;113.26
17112;2016-11-07;114.3
17113;2016-11-08;113.78
17114;2016-11-09;112.68
17115;2016-11-10;113.32
17119;2016-11-14;113.47
17120;2016-11-15;113.2
17121;2016-11-16;113.46
17122;2016-11-17;113.95
17123;2016-11-18;114.32
17126;2016-11-21;113.91
17127;2016-11-22;114.6
17128;2016-11-23;114.55
17129;2016-11-24;115.03
17130;2016-11-25;115.5
17133;2016-11-28;114.83
17134;2016-11-29;114.46
17135;2016-11-30;115.52
17136;2016-12-01;115.23
17137;2016-12-02;114.74
17140;2016-12-05;115.57
17141;2016-12-06;116.51
17142;2016-12-07;117.49
17143;2016-12-08;117.73
17144;2016-12-09;118.22
17147;2016-12-12;118.58
17148;2016-12-13;119.47
17149;2016-12-14;119.59
17150;2016-12-15;119.57
17151;2016-12-16;119.8
17154;2016-12-19;120.17
17155;2016-12-20;120.51
17156;2016-12-21;121.35
17157;2016-12-22;121.12
17158;2016-12-23;121.69
17162;2016-12-27;122.18
17163;2016-12-28;122.79
17164;2016-12-29;122.94
17165;2016-12-30;123.53
17168;2017-01-02;124.39
17169;2017-01-03;124.38
17170;2017-01-04;124.45
17171;2017-01-05;124.47
17172;2017-01-06;124.61
17175;2017-01-09;124.52
17176;2017-01-10;124.7
17177;2017-01-11;125.14
17178;2017-01-12;125.04
17179;2017-01-13;125.2
17182;2017-01-16;125.33
17183;2017-01-17;125.3
17184;2017-01-18;125.46
17185;2017-01-19;125.96
17186;2017-01-20;126.43
17189;2017-01-23;126.41
17190;2017-01-24;126.48
17191;2017-01-25;127.07
17192;2017-01-26;127.95
17193;2017-01-27;127.43
17196;2017-01-30;126.46
17197;2017-01-31;126.76
17198;2017-02-01;127.97
17199;2017-02-02;128.47
17200;2017-02-03;128.37
17203;2017-02-06;128.47
17204;2017-02-07;129.32
17205;2017-02-08;128.88
17206;2017-02-09;129.1
17207;2017-02-10;128.91
17210;2017-02-13;129.39
17211;2017-02-14;129.58
17212;2017-02-15;130.14
17213;2017-02-16;130.09
17214;2017-02-17;129.9
17217;2017-02-20;130.03
17218;2017-02-21;130.63
17219;2017-02-22;130.88
17220;2017-02-23;130.5
17221;2017-02-24;130.01
17224;2017-02-27;129.16
17225;2017-02-28;129.92
17226;2017-03-01;130.61
17227;2017-03-02;131.45
17228;2017-03-03;131.62
17231;2017-03-06;131.85
17232;2017-03-07;132.3
17233;2017-03-08;132.33
17234;2017-03-09;132.33
17235;2017-03-10;132.61
17238;2017-03-13;132.75
17239;2017-03-14;132.25
17240;2017-03-15;132.56
17241;2017-03-16;133.4
17242;2017-03-17;133.89
17245;2017-03-20;134.5
17246;2017-03-21;134.46
17247;2017-03-22;133.83
17248;2017-03-23;134.99
17249;2017-03-24;135.59
17252;2017-03-27;136.3
17253;2017-03-28;136.58
17254;2017-03-29;136.87
17255;2017-03-30;136.8
17256;2017-03-31;137.32
17259;2017-04-03;137.87
17260;2017-04-04;137.62
17261;2017-04-05;137.86
17262;2017-04-06;137.45
17263;2017-04-07;137.83
17266;2017-04-10;137.65
17267;2017-04-11;136.91
17268;2017-04-12;136.84
17269;2017-04-13;136.18
17270;2017-04-14;136.18
17274;2017-04-18;135.08
17275;2017-04-19;135.74
17276;2017-04-20;136.38
17277;2017-04-21;136.34
17280;2017-04-24;140.09
17281;2017-04-25;141.12
17282;2017-04-26;142.14
17283;2017-04-27;142.23
17284;2017-04-28;143.23
17288;2017-05-02;143.34
17289;2017-05-03;143.4
17290;2017-05-04;144.81
17291;2017-05-05;145.37
17295;2017-05-09;146.63
17296;2017-05-10;146.65
17297;2017-05-11;147.15
17298;2017-05-12;146.83
17301;2017-05-15;147.51
17302;2017-05-16;148.9
17303;2017-05-17;147.37
17304;2017-05-18;146.06
17305;2017-05-19;147.5
17308;2017-05-22;147.91
17309;2017-05-23;148.24
17310;2017-05-24;148.89
17312;2017-05-26;149.54
17315;2017-05-29;149.74
17316;2017-05-30;149.91
17317;2017-05-31;150.53
17318;2017-06-01;151.69
17319;2017-06-02;152.51
17323;2017-06-06;151.79
17324;2017-06-07;151.5
17325;2017-06-08;151.25
17326;2017-06-09;151.61
17329;2017-06-12;150.02
17330;2017-06-13;150.82
17331;2017-06-14;150.9
17332;2017-06-15;149.98
17333;2017-06-16;150.91
17336;2017-06-19;151.24
17337;2017-06-20;151.52
17338;2017-06-21;151.73
17339;2017-06-22;152.14
17340;2017-06-23;151.7
17343;2017-06-26;152.28
17344;2017-06-27;151.67
17345;2017-06-28;150.43
17346;2017-06-29;150.23
17347;2017-06-30;149.9
17350;2017-07-03;150.01
17351;2017-07-04;149.55
17352;2017-07-05;150.11
17353;2017-07-06;149.9
17357;2017-07-10;150.96
17358;2017-07-11;150.93
17359;2017-07-12;151.6
17360;2017-07-13;152.27
17364;2017-07-17;152.65
17365;2017-07-18;152.07
17366;2017-07-19;151.92
17367;2017-07-20;151.91
17368;2017-07-21;150.86
17371;2017-07-24;150.38
17372;2017-07-25;150.97
17373;2017-07-26;150.85
17374;2017-07-27;151
17375;2017-07-28;150.49
17378;2017-07-31;150.48
17379;2017-08-01;151.22
17380;2017-08-02;151
17381;2017-08-03;150.63
17382;2017-08-04;150.65
17385;2017-08-07;150.48
17386;2017-08-08;150.76
17387;2017-08-09;149.45
17388;2017-08-10;148.6
17389;2017-08-11;147.41
17392;2017-08-14;147.87
17394;2017-08-16;148.25
17395;2017-08-17;148.41
17396;2017-08-18;147.6
17399;2017-08-21;147.31
17400;2017-08-22;146.95
17401;2017-08-23;147.23
17402;2017-08-24;147.11
17403;2017-08-25;147.13
17406;2017-08-28;146.57
17407;2017-08-29;145.29
17408;2017-08-30;145.94
17409;2017-08-31;146.16
17410;2017-09-01;146.92
17413;2017-09-04;146.9
17414;2017-09-05;147.27
17415;2017-09-06;147.03
17416;2017-09-07;147.58
17417;2017-09-08;147.72
17420;2017-09-11;148.42
17421;2017-09-12;148.93
17422;2017-09-13;149.23
17423;2017-09-14;149.58
17424;2017-09-15;149.23
17427;2017-09-18;150.05
17428;2017-09-19;150.47
17429;2017-09-20;150.89
17430;2017-09-21;151.53
17431;2017-09-22;152.17
17434;2017-09-25;152.95
17435;2017-09-26;152.4
17436;2017-09-27;152.45
17437;2017-09-28;153.53
17438;2017-09-29;154.2
17441;2017-10-02;154.66
17442;2017-10-03;154.89
17443;2017-10-04;155.5
17444;2017-10-05;155.87
17445;2017-10-06;156.46
17448;2017-10-09;156.85
17449;2017-10-10;156.96
17450;2017-10-11;157.64
17451;2017-10-12;157.94
17452;2017-10-13;158.1
17455;2017-10-16;158.85
17456;2017-10-17;159
17457;2017-10-18;159.2
17458;2017-10-19;157.4
17459;2017-10-20;158.16
17462;2017-10-23;158.02
17463;2017-10-24;157.8
17464;2017-10-25;157.06
17465;2017-10-26;157.28
17466;2017-10-27;158.03
17469;2017-10-30;159.17
17470;2017-10-31;158.94
17472;2017-11-02;158.76
17473;2017-11-03;158.17
17476;2017-11-06;157.79
17477;2017-11-07;157.59
17478;2017-11-08;157.07
17479;2017-11-09;155.1
17480;2017-11-10;154.82
17483;2017-11-13;153.31
17484;2017-11-14;152.33
17485;2017-11-15;149.29
17486;2017-11-16;150.6
17487;2017-11-17;150.53
17490;2017-11-20;150.64
17491;2017-11-21;151.83
17492;2017-11-22;152.57
17493;2017-11-23;152.93
17494;2017-11-24;153.41
17497;2017-11-27;153.62
17498;2017-11-28;153.79
17499;2017-11-29;155.04
17500;2017-11-30;155.07
17501;2017-12-01;153.94
17508;2017-12-08;155.16
17511;2017-12-11;155.53
17512;2017-12-12;156.01
17513;2017-12-13;155.96
17514;2017-12-14;155.31
17515;2017-12-15;155.04
17518;2017-12-18;156.16
17519;2017-12-19;156.48
17520;2017-12-20;156.08
17521;2017-12-21;156.53
17522;2017-12-22;156.92
17527;2017-12-27;156.1
17528;2017-12-28;156.63
17529;2017-12-29;156.39
17533;2018-01-02;157.6
17534;2018-01-03;159.06
17535;2018-01-04;160.03
17536;2018-01-05;160.89
17539;2018-01-08;161.23
17540;2018-01-09;161.64
17541;2018-01-10;161.76
17542;2018-01-11;161.47
17543;2018-01-12;161.79
17546;2018-01-15;162.22
17547;2018-01-16;161.99
17548;2018-01-17;162.12
17549;2018-01-18;162.13
17550;2018-01-19;163.09
17553;2018-01-22;163.37
17554;2018-01-23;163.81
17555;2018-01-24;163.73
17556;2018-01-25;162.3
17557;2018-01-26;162.33
17560;2018-01-29;162.25
17561;2018-01-30;160.45
17562;2018-01-31;159.89
17563;2018-02-01;159.88
17564;2018-02-02;158.65
17567;2018-02-05;155.93
17568;2018-02-06;152.66
17569;2018-02-07;156.13
17570;2018-02-08;154.23
17571;2018-02-09;152.62
17574;2018-02-12;154.01
17575;2018-02-13;153.81
17576;2018-02-14;155.24
17577;2018-02-15;156.52
17578;2018-02-16;158.21
17581;2018-02-19;158.47
17582;2018-02-20;159.01
17583;2018-02-21;159.17
17584;2018-02-22;158.1
17585;2018-02-23;158.3
17588;2018-02-26;159.14
17589;2018-02-27;158.61
17590;2018-02-28;158.29
17591;2018-03-01;156.98
17592;2018-03-02;154.66
17595;2018-03-05;155.19
17596;2018-03-06;155.6
17597;2018-03-07;155.48
17598;2018-03-08;156.35
17599;2018-03-09;156.34
17602;2018-03-12;157.72
17603;2018-03-13;157.28
17604;2018-03-14;156.62
17605;2018-03-15;156.99
17606;2018-03-16;156.87
17609;2018-03-19;156.56
17610;2018-03-20;156.94
17611;2018-03-21;156.93
17612;2018-03-22;155.35
17613;2018-03-23;154.67
17616;2018-03-26;156.92
17617;2018-03-27;158.11
17618;2018-03-28;157.89
17619;2018-03-29;159.14
17624;2018-04-03;158.83
17625;2018-04-04;157.78
17626;2018-04-05;158.11
17627;2018-04-06;158.93
17630;2018-04-09;159.77
17631;2018-04-10;160.19
17632;2018-04-11;160.31
17633;2018-04-12;160.1
17634;2018-04-13;159.97
17637;2018-04-16;160.13
17638;2018-04-17;160.47
17639;2018-04-18;160.66
17640;2018-04-19;161.25
17641;2018-04-20;160.94
17644;2018-04-23;160.94
17645;2018-04-24;161.23
17646;2018-04-25;160.02
17647;2018-04-26;160.68
17648;2018-04-27;160.87
17651;2018-04-30;161.33
17653;2018-05-02;162.45
17654;2018-05-03;162.59
17655;2018-05-04;163.33
17658;2018-05-07;163.35
17662;2018-05-11;164.53
17665;2018-05-14;164.62
17666;2018-05-15;164.87
17667;2018-05-16;166.07
17668;2018-05-17;166.35
17669;2018-05-18;166.25
17673;2018-05-22;167.21
17674;2018-05-23;167.15
17675;2018-05-24;166.15
17676;2018-05-25;165.92
17679;2018-05-28;165
17680;2018-05-29;163.1
17681;2018-05-30;164.62
17682;2018-05-31;164.67
17683;2018-06-01;166.2
17686;2018-06-04;167.05
17687;2018-06-05;167.07
17688;2018-06-06;167.24
17689;2018-06-07;167.5
17690;2018-06-08;167.13
17693;2018-06-11;167.07
17694;2018-06-12;167.49
17695;2018-06-13;167.66
17696;2018-06-14;167.42
17697;2018-06-15;166.31
17700;2018-06-18;165.88
17701;2018-06-19;164.18
17702;2018-06-20;164.31
17703;2018-06-21;162.61
17704;2018-06-22;163.84
17707;2018-06-25;162.67
17708;2018-06-26;162.55
17709;2018-06-27;162.82
17710;2018-06-28;161.5
17711;2018-06-29;161.8
17714;2018-07-02;161.07
17715;2018-07-03;160.8
17716;2018-07-04;159.41
17717;2018-07-05;159.85
17718;2018-07-06;159.65
17721;2018-07-09;160.62
17722;2018-07-10;160.88
17723;2018-07-11;159.95
17724;2018-07-12;160.95
17725;2018-07-13;161.7
17728;2018-07-16;161.5
17729;2018-07-17;161.6
17730;2018-07-18;161.03
17731;2018-07-19;161.19
17732;2018-07-20;161.87
17735;2018-07-23;161.51
17736;2018-07-24;162.3
17737;2018-07-25;162.37
17738;2018-07-26;163.3
17739;2018-07-27;162.86
17742;2018-07-30;162.29
17743;2018-07-31;162.7
17744;2018-08-01;162.79
17745;2018-08-02;162.39
17746;2018-08-03;162.12
17749;2018-08-06;162.3
17750;2018-08-07;162.79
17751;2018-08-08;162.87
17752;2018-08-09;163.11
17753;2018-08-10;161.88
17756;2018-08-13;161.48
17757;2018-08-14;160.8
17759;2018-08-16;159.85
17760;2018-08-17;159.42
17763;2018-08-20;159.9
17764;2018-08-21;160.62
17765;2018-08-22;161.57
17766;2018-08-23;161.84
17767;2018-08-24;162.74
17770;2018-08-27;162.62
17771;2018-08-28;162.95
17772;2018-08-29;163.23
17773;2018-08-30;162.67
17774;2018-08-31;162.12
17777;2018-09-03;161.57
17778;2018-09-04;161.44
17779;2018-09-05;160.07
17780;2018-09-06;159.77
17781;2018-09-07;159.39
17784;2018-09-10;159.67
17785;2018-09-11;158.82
17786;2018-09-12;159.04
17787;2018-09-13;158.85
17788;2018-09-14;159.61
17791;2018-09-17;159.84
17792;2018-09-18;160.79
17793;2018-09-19;160.63
17794;2018-09-20;160.17
17795;2018-09-21;160.72
17798;2018-09-24;160.04
17799;2018-09-25;160.23
17800;2018-09-26;159.96
17801;2018-09-27;159.61
17802;2018-09-28;158.31
17805;2018-10-01;157.89
17806;2018-10-02;157.67
17807;2018-10-03;157.33
17808;2018-10-04;156.43
17809;2018-10-05;155
17812;2018-10-08;152.66
17813;2018-10-09;151.25
17814;2018-10-10;147.07
17815;2018-10-11;144.39
17816;2018-10-12;145.13
17819;2018-10-15;145.04
17820;2018-10-16;146.29
17821;2018-10-17;146.82
17822;2018-10-18;146.77
17823;2018-10-19;145.06
17826;2018-10-22;144.51
17827;2018-10-23;140.32
17828;2018-10-24;138.5
17829;2018-10-25;138.59
17830;2018-10-26;137.01
17833;2018-10-29;137.85
17834;2018-10-30;137.14
17835;2018-10-31;140.13
17837;2018-11-02;142.1
17840;2018-11-05;142.01
17841;2018-11-06;142.02
17842;2018-11-07;142.74
17843;2018-11-08;143.06
17844;2018-11-09;142.09
17847;2018-11-12;140.36
17848;2018-11-13;140.6
17849;2018-11-14;140.64
17850;2018-11-15;139.45
17851;2018-11-16;138.76
17854;2018-11-19;138.04
17855;2018-11-20;136.15
17856;2018-11-21;136.37
17857;2018-11-22;136.24
17858;2018-11-23;136.22
17861;2018-11-26;137.67
17862;2018-11-27;137.38
17863;2018-11-28;137.97
17864;2018-11-29;139.3
17865;2018-11-30;140.01
17868;2018-12-03;141.27
17869;2018-12-04;139.77
17870;2018-12-05;137.1
17871;2018-12-06;134.11
17872;2018-12-07;134.03
17875;2018-12-10;131.57
17876;2018-12-11;132.23
17877;2018-12-12;133.69
17878;2018-12-13;133.81
17879;2018-12-14;131.53
17882;2018-12-17;129.68
17883;2018-12-18;129.23
17884;2018-12-19;129.38
17885;2018-12-20;127.49
17886;2018-12-21;127.29
17889;2018-12-24;126.62
17892;2018-12-27;126.63
17893;2018-12-28;128.39
17896;2018-12-31;129.58
17898;2019-01-02;129.68
17899;2019-01-03;129.27
17900;2019-01-04;131.43
17903;2019-01-07;131.83
17904;2019-01-08;133.99
17905;2019-01-09;137.22
17906;2019-01-10;138.78
17907;2019-01-11;138.95
17910;2019-01-14;138.42
17911;2019-01-15;139.1
17912;2019-01-16;139.83
17913;2019-01-17;140.33
17914;2019-01-18;142.29
17917;2019-01-21;142.71
17918;2019-01-22;142.71
17919;2019-01-23;143.66
17920;2019-01-24;143.68
17921;2019-01-25;143.37
17924;2019-01-28;142.27
17925;2019-01-29;142.62
17926;2019-01-30;142.47
17927;2019-01-31;142.93
17928;2019-02-01;143.5
17931;2019-02-04;143.92
17932;2019-02-05;143.95
17933;2019-02-06;144.28
17934;2019-02-07;143.31
17935;2019-02-08;142.79
17938;2019-02-11;143.48
17939;2019-02-12;143.38
17940;2019-02-13;144.12
17941;2019-02-14;144.45
17942;2019-02-15;144.62
17945;2019-02-18;145.59
17946;2019-02-19;144.92
17947;2019-02-20;145.2
17948;2019-02-21;145.48
17949;2019-02-22;145.1
17952;2019-02-25;146.06
17953;2019-02-26;146.39
17954;2019-02-27;147.16
17955;2019-02-28;146.57
17956;2019-03-01;147.54
17959;2019-03-04;148.47
17960;2019-03-05;149.2
17961;2019-03-06;149.15
17962;2019-03-07;148.34
17963;2019-03-08;146.83
17966;2019-03-11;146.94
17967;2019-03-12;147.17
17968;2019-03-13;148.19
17969;2019-03-14;148.9
17970;2019-03-15;149.46
17973;2019-03-18;149.24
17974;2019-03-19;149.44
17975;2019-03-20;148.82
17976;2019-03-21;148.18
17977;2019-03-22;146.86
17980;2019-03-25;145.77
17981;2019-03-26;146.29
17982;2019-03-27;146.22
17983;2019-03-28;146.94
17984;2019-03-29;147.05
17987;2019-04-01;148.51
17988;2019-04-02;148.74
17989;2019-04-03;149.59
17990;2019-04-04;149.44
17991;2019-04-05;149.85
17994;2019-04-08;150.64
17995;2019-04-09;150.18
17996;2019-04-10;150.41
17997;2019-04-11;150.79
17998;2019-04-12;152
18001;2019-04-15;152.71
18002;2019-04-16;153.29
18003;2019-04-17;153.17
18004;2019-04-18;152.49
18009;2019-04-23;152.41
18010;2019-04-24;152.38
18011;2019-04-25;151.4
18012;2019-04-26;151.12
18015;2019-04-29;151.32
18016;2019-04-30;151.32
18018;2019-05-02;150.98
18019;2019-05-03;151.28
18022;2019-05-06;149.97
18023;2019-05-07;149.59
18025;2019-05-09;147.25
18026;2019-05-10;147.88
18029;2019-05-13;146.3
18030;2019-05-14;146.92
18031;2019-05-15;146.56
18032;2019-05-16;148.05
18033;2019-05-17;147.88
18036;2019-05-20;146.5
18037;2019-05-21;146.92
18038;2019-05-22;146.98
18039;2019-05-23;145.55
18040;2019-05-24;146.14
18043;2019-05-27;146.51
18044;2019-05-28;146.89
18045;2019-05-29;144.62
18047;2019-05-31;145.13
18050;2019-06-03;145.05
18051;2019-06-04;145.2
18052;2019-06-05;145.38
18053;2019-06-06;145.72
18054;2019-06-07;147.05
18058;2019-06-11;148.38
18059;2019-06-12;148.24
18060;2019-06-13;147.85
18061;2019-06-14;147.7
18064;2019-06-17;147.21
18065;2019-06-18;147.93
18066;2019-06-19;148.28
18067;2019-06-20;148.4
18068;2019-06-21;147.87
18071;2019-06-24;146.99
18072;2019-06-25;147.24
18073;2019-06-26;147.68
18074;2019-06-27;148.22
18075;2019-06-28;148.84
18078;2019-07-01;149.19
18079;2019-07-02;149.7
18080;2019-07-03;149.82
18081;2019-07-04;149.73
18082;2019-07-05;148.91
18085;2019-07-08;148.93
18086;2019-07-09;147.47
18087;2019-07-10;147.2
18088;2019-07-11;147.01
18089;2019-07-12;147.27
18092;2019-07-15;147.73
18093;2019-07-16;147.64
18094;2019-07-17;146.88
18095;2019-07-18;146.34
18096;2019-07-19;146.16
18099;2019-07-22;146.13
18100;2019-07-23;147.3
18101;2019-07-24;147.43
18102;2019-07-25;147.3
18103;2019-07-26;147.77
18106;2019-07-29;147.62
18107;2019-07-30;146.39
18108;2019-07-31;145.78
18109;2019-08-01;145.5
18110;2019-08-02;143.97
18113;2019-08-05;141.73
18114;2019-08-06;141.66
18115;2019-08-07;141.15
18116;2019-08-08;142.51
18117;2019-08-09;141.95
18120;2019-08-12;140.59
18121;2019-08-13;139.95
18122;2019-08-14;139.31
18124;2019-08-16;139.03
18127;2019-08-19;139.95
18128;2019-08-20;139.92
18129;2019-08-21;140.76
18130;2019-08-22;140.92
18131;2019-08-23;140.69
18134;2019-08-26;140.36
18135;2019-08-27;141.65
18136;2019-08-28;141.12
18137;2019-08-29;140.91
18138;2019-08-30;141.47
18141;2019-09-02;141.8
18142;2019-09-03;141.67
18143;2019-09-04;142.04
18144;2019-09-05;143.18
18145;2019-09-06;142.72
18148;2019-09-09;143
18149;2019-09-10;142.78
18150;2019-09-11;143.85
18151;2019-09-12;143.54
18152;2019-09-13;144.1
18155;2019-09-16;143.51
18156;2019-09-17;143.68
18157;2019-09-18;143.7
18158;2019-09-19;144.46
18159;2019-09-20;144.35
18162;2019-09-23;142.95
18163;2019-09-24;143.29
18164;2019-09-25;142.03
18165;2019-09-26;143.16
18166;2019-09-27;143.16
18169;2019-09-30;143.87
18170;2019-10-01;143.54
18171;2019-10-02;141.77
18172;2019-10-03;141.54
18173;2019-10-04;141.86
18176;2019-10-07;141.25
18177;2019-10-08;140.46
18178;2019-10-09;140.46
18179;2019-10-10;140.31
18180;2019-10-11;141.63
18183;2019-10-14;142.06
18184;2019-10-15;142.76
18185;2019-10-16;143.02
18186;2019-10-17;143.35
18187;2019-10-18;143.33
18190;2019-10-21;143.44
18191;2019-10-22;143.84
18192;2019-10-23;143.16
18193;2019-10-24;143
18194;2019-10-25;142.49
18197;2019-10-28;142.27
18198;2019-10-29;142.89
18199;2019-10-30;143.06
18200;2019-10-31;144.36
18204;2019-11-04;146.47
18205;2019-11-05;147.37
18206;2019-11-06;147.41
18207;2019-11-07;147.93
18208;2019-11-08;148.28
18212;2019-11-12;149.26
18213;2019-11-13;148.69
18214;2019-11-14;148.61
18215;2019-11-15;149.1
18218;2019-11-18;149.38
18219;2019-11-19;149.24
18220;2019-11-20;149.02
18221;2019-11-21;148.2
18222;2019-11-22;148.24
18225;2019-11-25;150.21
18226;2019-11-26;150.67
18227;2019-11-27;151.43
18228;2019-11-28;151.76
18229;2019-11-29;151.71
18232;2019-12-02;150.93
18233;2019-12-03;149.14
18234;2019-12-04;149.71
18235;2019-12-05;150.11
18236;2019-12-06;150.41
18239;2019-12-09;150.23
18240;2019-12-10;150.25
18241;2019-12-11;149.65
18242;2019-12-12;149.43
18243;2019-12-13;149.97
18246;2019-12-16;150.61
18247;2019-12-17;150.9
18248;2019-12-18;150.69
18249;2019-12-19;150.27
18250;2019-12-20;150.98
18253;2019-12-23;152.05
18254;2019-12-24;152.62
18257;2019-12-27;153.5
18260;2019-12-30;153.37
18261;2019-12-31;153.66
18263;2020-01-02;154.7
18264;2020-01-03;153.96
18267;2020-01-06;152.53
18268;2020-01-07;153.29
18269;2020-01-08;153.1
18270;2020-01-09;153.25
18271;2020-01-10;153.21
18274;2020-01-13;153.64
18275;2020-01-14;152.93
18276;2020-01-15;153.41
18277;2020-01-16;154.01
18278;2020-01-17;155
18281;2020-01-20;155.26
18282;2020-01-21;155.2
18283;2020-01-22;155.31
18284;2020-01-23;154.18
18285;2020-01-24;154.41
18288;2020-01-27;151.79
18289;2020-01-28;151.9
18290;2020-01-29;151.84
18291;2020-01-30;150.08
18292;2020-01-31;150.1
18295;2020-02-03;149.99
18296;2020-02-04;152.11
18297;2020-02-05;152.84
18298;2020-02-06;153.28
18299;2020-02-07;153.19
18302;2020-02-10;153.56
18303;2020-02-11;154.95
18304;2020-02-12;154.83
18305;2020-02-13;153.59
18306;2020-02-14;153.91
18309;2020-02-17;154.6
18310;2020-02-18;153.3
18312;2020-02-20;153.6
18313;2020-02-21;154.38
18316;2020-02-24;148.15
18317;2020-02-25;147.1
18318;2020-02-26;146.67
18319;2020-02-27;143.12
18320;2020-02-28;138.48
18324;2020-03-03;141.25
18325;2020-03-04;141.39
18326;2020-03-05;138.35
18327;2020-03-06;134.96
18330;2020-03-09;127.84
18331;2020-03-10;128.52
18332;2020-03-11;124.89
18333;2020-03-12;113.32
