16058;2013-12-19;103.35
16059;2013-12-20;103.83
16062;2013-12-23;104.47
16063;2013-12-24;104.73
16066;2013-12-27;105.72
16069;2013-12-30;105.52
16070;2013-12-31;105.92
16072;2014-01-02;105.18
16073;2014-01-03;105.98
16076;2014-01-06;105.83
16077;2014-01-07;106.18
16078;2014-01-08;106.3
16079;2014-01-09;106.09
16080;2014-01-10;106.57
16083;2014-01-13;106.38
16084;2014-01-14;106.77
16085;2014-01-15;107.86
16086;2014-01-16;107.68
16087;2014-01-17;108.15
16090;2014-01-20;108.26
16091;2014-01-21;108.36
16092;2014-01-22;108.57
16093;2014-01-23;107.73
16094;2014-01-24;105.71
16097;2014-01-27;104.91
16098;2014-01-28;105.66
16099;2014-01-29;105.32
16100;2014-01-30;105.88
16101;2014-01-31;105.53
16104;2014-02-03;104.58
16105;2014-02-04;104.19
16106;2014-02-05;104.43
16107;2014-02-06;105.52
16108;2014-02-07;106.02
16111;2014-02-10;106
16112;2014-02-11;107.34
16113;2014-02-12;108.13
16114;2014-02-13;107.89
16115;2014-02-14;108.21
16118;2014-02-17;108.48
16119;2014-02-18;108.45
16120;2014-02-19;108.71
16121;2014-02-20;108.71
16122;2014-02-21;109.04
16125;2014-02-24;109.76
16126;2014-02-25;109.82
16127;2014-02-26;109.43
16128;2014-02-27;109.34
16129;2014-02-28;109.65
16132;2014-03-03;107.41
16133;2014-03-04;109.29
16134;2014-03-05;109.15
16135;2014-03-06;108.94
16136;2014-03-07;107.68
16139;2014-03-10;107.41
16140;2014-03-11;107.6
16141;2014-03-12;106.58
16142;2014-03-13;105.49
16143;2014-03-14;104.76
16146;2014-03-17;106
16147;2014-03-18;106.56
16148;2014-03-19;106.59
16149;2014-03-20;106.61
16150;2014-03-21;106.71
16153;2014-03-24;105.64
16154;2014-03-25;106.71
16155;2014-03-26;107.4
16156;2014-03-27;107.22
16157;2014-03-28;107.66
16160;2014-03-31;107.94
16161;2014-04-01;108.5
16162;2014-04-02;108.58
16163;2014-04-03;108.64
16164;2014-04-04;109.16
16167;2014-04-07;108.04
16168;2014-04-08;107.18
16169;2014-04-09;107.64
16170;2014-04-10;107.1
16171;2014-04-11;105.59
16174;2014-04-14;105.63
16175;2014-04-15;104.9
16176;2014-04-16;106.31
16177;2014-04-17;106.89
16182;2014-04-22;108.31
16183;2014-04-23;107.85
16184;2014-04-24;107.98
16185;2014-04-25;107.35
16188;2014-04-28;107.33
16189;2014-04-29;108.36
16190;2014-04-30;108.71
16192;2014-05-02;108.64
16195;2014-05-05;108.62
16196;2014-05-06;108.58
16197;2014-05-07;108.9
16199;2014-05-09;109.8
16202;2014-05-12;110.52
16203;2014-05-13;110.65
16204;2014-05-14;110.6
16205;2014-05-15;109.99
16206;2014-05-16;109.93
16209;2014-05-19;110.07
16210;2014-05-20;110.17
16211;2014-05-21;110.89
16212;2014-05-22;111.1
16213;2014-05-23;111.02
16216;2014-05-26;111.54
16217;2014-05-27;111.76
16218;2014-05-28;111.73
16220;2014-05-30;112.1
16223;2014-06-02;112.51
16224;2014-06-03;112.16
16225;2014-06-04;112.5
16226;2014-06-05;112.93
16227;2014-06-06;113.34
16231;2014-06-10;114.01
16232;2014-06-11;113.44
16233;2014-06-12;113.6
16234;2014-06-13;113.18
16237;2014-06-16;113.09
16238;2014-06-17;113.52
16239;2014-06-18;113.41
16240;2014-06-19;114.06
16241;2014-06-20;114.77
16244;2014-06-23;114.18
16245;2014-06-24;114.11
16246;2014-06-25;112.98
16247;2014-06-26;113.07
16248;2014-06-27;113.18
16251;2014-06-30;113.14
16252;2014-07-01;114
16253;2014-07-02;114.14
16254;2014-07-03;114.91
16255;2014-07-04;114.58
16258;2014-07-07;113.81
16259;2014-07-08;112.53
16260;2014-07-09;112.38
16261;2014-07-10;111.36
16262;2014-07-11;111.79
16266;2014-07-15;112.23
16267;2014-07-16;113.5
16268;2014-07-17;112.85
16269;2014-07-18;112.75
16272;2014-07-21;112.33
16273;2014-07-22;113.72
16274;2014-07-23;113.77
16275;2014-07-24;114.33
16276;2014-07-25;113.59
16279;2014-07-28;113.34
16280;2014-07-29;113.69
16281;2014-07-30;113.2
16282;2014-07-31;112.07
16283;2014-08-01;110.95
16286;2014-08-04;110.61
16287;2014-08-05;110.94
16288;2014-08-06;109.74
16289;2014-08-07;109.12
16290;2014-08-08;108.43
16293;2014-08-11;110.02
16294;2014-08-12;109.78
16295;2014-08-13;110.02
16296;2014-08-14;110.44
16300;2014-08-18;111.06
16301;2014-08-19;111.73
16302;2014-08-20;111.69
16303;2014-08-21;112.45
16304;2014-08-22;112.26
16307;2014-08-25;113.35
16308;2014-08-26;113.96
16309;2014-08-27;113.96
16310;2014-08-28;113.4
16311;2014-08-29;113.72
16314;2014-09-01;114.31
16315;2014-09-02;114.26
16316;2014-09-03;114.88
16317;2014-09-04;115.91
16318;2014-09-05;115.62
16321;2014-09-08;115.25
16322;2014-09-09;114.79
16323;2014-09-10;114.78
16324;2014-09-11;114.65
16325;2014-09-12;114.8
16328;2014-09-15;114.97
16329;2014-09-16;114.7
16330;2014-09-17;114.95
16331;2014-09-18;116.16
16332;2014-09-19;116.6
16335;2014-09-22;116.32
16336;2014-09-23;114.81
16337;2014-09-24;115.46
16338;2014-09-25;114.69
16339;2014-09-26;115.03
16342;2014-09-29;115.02
16343;2014-09-30;115.79
16344;2014-10-01;114.97
16345;2014-10-02;112.63
16346;2014-10-03;113.66
16349;2014-10-06;113.57
16350;2014-10-07;111.79
16351;2014-10-08;111.23
16352;2014-10-09;110.78
16353;2014-10-10;109.5
16356;2014-10-13;109.14
16357;2014-10-14;109
16358;2014-10-15;105.86
16359;2014-10-16;105.19
16360;2014-10-17;107.66
16363;2014-10-20;107.16
16364;2014-10-21;108.77
16365;2014-10-22;109.46
16366;2014-10-23;110.08
16367;2014-10-24;109.81
16370;2014-10-27;109.44
16371;2014-10-28;110.71
16372;2014-10-29;111.09
16373;2014-10-30;111.94
16374;2014-10-31;113.64
16377;2014-11-03;112.6
16378;2014-11-04;112
16379;2014-11-05;113.72
16380;2014-11-06;113.67
16381;2014-11-07;112.99
16384;2014-11-10;113.83
16386;2014-11-12;113.29
16387;2014-11-13;113.85
16388;2014-11-14;113.77
16391;2014-11-17;114.31
16392;2014-11-18;115.15
16393;2014-11-19;115.18
16394;2014-11-20;115.22
16395;2014-11-21;116.94
16398;2014-11-24;117.27
16399;2014-11-25;117.54
16400;2014-11-26;117.57
16401;2014-11-27;118.11
16402;2014-11-28;118.21
16405;2014-12-01;117.92
16406;2014-12-02;118.01
16407;2014-12-03;118.65
16408;2014-12-04;117.6
16409;2014-12-05;119.33
16412;2014-12-08;118.86
16413;2014-12-09;116.54
16414;2014-12-10;116.25
16415;2014-12-11;116.57
16416;2014-12-12;113.99
16419;2014-12-15;111.78
16420;2014-12-16;113.46
16421;2014-12-17;113.39
16422;2014-12-18;116.28
16423;2014-12-19;116.5
16426;2014-12-22;117.27
16427;2014-12-23;117.56
16428;2014-12-24;117.56
16433;2014-12-29;117.59
16434;2014-12-30;116.78
16435;2014-12-31;117.13
16437;2015-01-02;116.75
16440;2015-01-05;115.34
16441;2015-01-06;114.8
16442;2015-01-07;115.01
16443;2015-01-08;117.72
16444;2015-01-09;116.94
16447;2015-01-12;117.65
16448;2015-01-13;119.03
16449;2015-01-14;117.75
16450;2015-01-15;121.2
16451;2015-01-16;122.53
16454;2015-01-19;122.53
16455;2015-01-20;123.25
16456;2015-01-21;123.48
16457;2015-01-22;125.02
16458;2015-01-23;127.62
16461;2015-01-26;128.3
16462;2015-01-27;127.48
16463;2015-01-28;127.81
16464;2015-01-29;127.66
16465;2015-01-30;126.99
16468;2015-02-02;126.51
16469;2015-02-03;127.02
16470;2015-02-04;127.53
16471;2015-02-05;127.67
16472;2015-02-06;127.69
16475;2015-02-09;126.34
16476;2015-02-10;127.74
16477;2015-02-11;127.69
16478;2015-02-12;128.17
16479;2015-02-13;128.35
16482;2015-02-16;127.97
16483;2015-02-17;128.13
16484;2015-02-18;128.89
16485;2015-02-19;129.49
16486;2015-02-20;129.75
16489;2015-02-23;131.31
16490;2015-02-24;131.57
16491;2015-02-25;131.63
16492;2015-02-26;132.95
16493;2015-02-27;133.77
16496;2015-03-02;133.61
16497;2015-03-03;132.34
16498;2015-03-04;133.42
16499;2015-03-05;134.36
16500;2015-03-06;134.41
16503;2015-03-09;134.07
16504;2015-03-10;133.35
16505;2015-03-11;135.32
16506;2015-03-12;135.64
16507;2015-03-13;136.47
16510;2015-03-16;137.81
16511;2015-03-17;136.49
16512;2015-03-18;136.64
16513;2015-03-19;137.37
16514;2015-03-20;138
16517;2015-03-23;137.25
16518;2015-03-24;137.77
16519;2015-03-25;136.3
16520;2015-03-26;135.22
16521;2015-03-27;135.77
16524;2015-03-30;137.28
16525;2015-03-31;136.45
16526;2015-04-01;136.72
16527;2015-04-02;136.5
16532;2015-04-07;138.51
16533;2015-04-08;138.28
16534;2015-04-09;139.81
16535;2015-04-10;141.26
16538;2015-04-13;141.27
16539;2015-04-14;140.63
16540;2015-04-15;141.09
16541;2015-04-16;140.4
16542;2015-04-17;137.97
16545;2015-04-20;139.53
16546;2015-04-21;140.83
16547;2015-04-22;140.8
16548;2015-04-23;140.11
16549;2015-04-24;140.19
16552;2015-04-27;141.29
16553;2015-04-28;138.85
16554;2015-04-29;135.82
16555;2015-04-30;135.43
16559;2015-05-04;136.27
16560;2015-05-05;133.99
16561;2015-05-06;132.87
16562;2015-05-07;133.49
16566;2015-05-11;136.55
16567;2015-05-12;135.29
16568;2015-05-13;135.16
16570;2015-05-15;135.75
16573;2015-05-18;136.78
16574;2015-05-19;138.61
16575;2015-05-20;139.29
16576;2015-05-21;139.96
16577;2015-05-22;139.91
16581;2015-05-26;138.97
16582;2015-05-27;140.63
16583;2015-05-28;140.39
16584;2015-05-29;138.23
16587;2015-06-01;138.41
16588;2015-06-02;136.72
16589;2015-06-03;136.19
16590;2015-06-04;135.31
16591;2015-06-05;133.9
16594;2015-06-08;132.7
16595;2015-06-09;132.09
16596;2015-06-10;134.12
16597;2015-06-11;134.92
16598;2015-06-12;133.86
16601;2015-06-15;131.6
16602;2015-06-16;132.56
16604;2015-06-18;132.14
16605;2015-06-19;132.53
16608;2015-06-22;135.02
16609;2015-06-23;136.38
16610;2015-06-24;135.96
16611;2015-06-25;135.86
16612;2015-06-26;135.88
16615;2015-06-29;132.46
16616;2015-06-30;130.85
16617;2015-07-01;132.69
16618;2015-07-02;131.96
16619;2015-07-03;131.39
16622;2015-07-06;130.14
16623;2015-07-07;128.59
16624;2015-07-08;128.76
16625;2015-07-09;131.37
16626;2015-07-10;134.01
16629;2015-07-13;136.49
16631;2015-07-15;137.84
16632;2015-07-16;139.66
16633;2015-07-17;139.85
16636;2015-07-20;140.19
16637;2015-07-21;138.75
16638;2015-07-22;138.27
16639;2015-07-23;137.71
16640;2015-07-24;136.83
16643;2015-07-27;133.99
16644;2015-07-28;135.03
16645;2015-07-29;136.39
16646;2015-07-30;137.07
16647;2015-07-31;137.2
16650;2015-08-03;138.79
16651;2015-08-04;138.31
16652;2015-08-05;139.36
16653;2015-08-06;138.49
16654;2015-08-07;136.99
16657;2015-08-10;137.78
16658;2015-08-11;136.16
16659;2015-08-12;132.81
16660;2015-08-13;134.21
16661;2015-08-14;134.32
16664;2015-08-17;134.51
16665;2015-08-18;135.22
16666;2015-08-19;133.18
16667;2015-08-20;130.5
16668;2015-08-21;126.32
16671;2015-08-24;120.13
16672;2015-08-25;124.91
16673;2015-08-26;122.52
16674;2015-08-27;126.63
16675;2015-08-28;126.89
16678;2015-08-31;126.87
16679;2015-09-01;123.96
16680;2015-09-02;124.31
16681;2015-09-03;127.15
16682;2015-09-04;124.47
16685;2015-09-07;124.97
16686;2015-09-08;126.12
16687;2015-09-09;127.71
16688;2015-09-10;126.48
16689;2015-09-11;125.43
16692;2015-09-14;124.84
16693;2015-09-15;125.67
16694;2015-09-16;127.86
16695;2015-09-17;127.64
16696;2015-09-18;125.97
16700;2015-09-22;124.04
16701;2015-09-23;124.4
16702;2015-09-24;121.98
16703;2015-09-25;125.29
16706;2015-09-28;123.32
16707;2015-09-29;121.94
16708;2015-09-30;124.65
16709;2015-10-01;123.79
16710;2015-10-02;124.2
16713;2015-10-05;127.14
16714;2015-10-06;127.48
16715;2015-10-07;126.84
16716;2015-10-08;126.96
16717;2015-10-09;126.63
16720;2015-10-12;126.24
16721;2015-10-13;125.71
16722;2015-10-14;124.94
16723;2015-10-15;126.79
16724;2015-10-16;127.9
16727;2015-10-19;128.62
16728;2015-10-20;128.2
16729;2015-10-21;128.27
16730;2015-10-22;130.13
16731;2015-10-23;132.24
16734;2015-10-26;132.07
16735;2015-10-27;131.13
16736;2015-10-28;132.36
16737;2015-10-29;132.79
16738;2015-10-30;132.96
16741;2015-11-02;133.36
16742;2015-11-03;133.9
16743;2015-11-04;134.3
16744;2015-11-05;134.1
16745;2015-11-06;134.73
16748;2015-11-09;133.49
16749;2015-11-10;133.92
16751;2015-11-12;133.88
16752;2015-11-13;132.85
16755;2015-11-16;133.79
16756;2015-11-17;136.82
16757;2015-11-18;136.48
16758;2015-11-19;136.91
16759;2015-11-20;137.2
16762;2015-11-23;136.71
16763;2015-11-24;135.32
16764;2015-11-25;137.2
16765;2015-11-26;138.26
16766;2015-11-27;138.36
16769;2015-11-30;138.76
16770;2015-12-01;138.38
16771;2015-12-02;138.76
16772;2015-12-03;134.72
16773;2015-12-04;134.2
16776;2015-12-07;135.23
16777;2015-12-08;133.49
16778;2015-12-09;132.69
16779;2015-12-10;132.06
16780;2015-12-11;129.94
16783;2015-12-14;127.99
16784;2015-12-15;131.38
16785;2015-12-16;131.64
16786;2015-12-17;133.09
16787;2015-12-18;131.97
16790;2015-12-21;130.54
16791;2015-12-22;130.22
16792;2015-12-23;133.06
16793;2015-12-24;133.03
16797;2015-12-28;132.63
16798;2015-12-29;134.68
16799;2015-12-30;134.12
16800;2015-12-31;133.4
16804;2016-01-04;130.67
16805;2016-01-05;131.39
16806;2016-01-06;130.46
16807;2016-01-07;127.97
16808;2016-01-08;126.21
16811;2016-01-11;125.86
16812;2016-01-12;127.36
16813;2016-01-13;127.63
16814;2016-01-14;125.61
16815;2016-01-15;122.89
16818;2016-01-18;122.67
16819;2016-01-19;123.94
16820;2016-01-20;120.33
16821;2016-01-21;122.05
16822;2016-01-22;125.57
16825;2016-01-25;125.87
16826;2016-01-26;126.33
16827;2016-01-27;126.76
16828;2016-01-28;124.68
16829;2016-01-29;127.81
16832;2016-02-01;128.08
16833;2016-02-02;126.77
16834;2016-02-03;124.86
16835;2016-02-04;123.64
16836;2016-02-05;121.79
16839;2016-02-08;117.8
16840;2016-02-09;116.89
16841;2016-02-10;119.18
16842;2016-02-11;115.69
16843;2016-02-12;117.96
16846;2016-02-15;121.74
16847;2016-02-16;121.33
16848;2016-02-17;123.7
16849;2016-02-18;124.35
16850;2016-02-19;123.71
16853;2016-02-22;125.3
16854;2016-02-23;124.26
16855;2016-02-24;122.22
16856;2016-02-25;124.36
16857;2016-02-26;125.3
16860;2016-02-29;126.11
16861;2016-03-01;127.96
16862;2016-03-02;127.71
16863;2016-03-03;126.55
16864;2016-03-04;126.7
16867;2016-03-07;125.94
16868;2016-03-08;125.1
16869;2016-03-09;126.05
16870;2016-03-10;124.31
16871;2016-03-11;127.16
16874;2016-03-14;127.79
16875;2016-03-15;127.19
16876;2016-03-16;127.8
16877;2016-03-17;127.42
16878;2016-03-18;127.23
16881;2016-03-21;127.07
16882;2016-03-22;127.07
16883;2016-03-23;127.66
16884;2016-03-24;126.2
16889;2016-03-29;127.21
16890;2016-03-30;128.53
16891;2016-03-31;127.27
16892;2016-04-01;126.11
16895;2016-04-04;126.51
16896;2016-04-05;124.75
16897;2016-04-06;125.53
16898;2016-04-07;124.96
16899;2016-04-08;125.67
16902;2016-04-11;125.8
16903;2016-04-12;126.56
16904;2016-04-13;128.46
16905;2016-04-14;128.81
16906;2016-04-15;128.38
16909;2016-04-18;128.85
16910;2016-04-19;130.24
16911;2016-04-20;129.9
16912;2016-04-21;128.48
16913;2016-04-22;128.07
16916;2016-04-25;127.91
16917;2016-04-26;127.81
16918;2016-04-27;127.97
16919;2016-04-28;128.23
16920;2016-04-29;126.41
16923;2016-05-02;126.65
16924;2016-05-03;125.54
16925;2016-05-04;124.52
16927;2016-05-06;124.77
16930;2016-05-09;125.92
16931;2016-05-10;126.84
16932;2016-05-11;126.6
16933;2016-05-12;126.36
16934;2016-05-13;126.88
16938;2016-05-17;126.71
16939;2016-05-18;127.21
16940;2016-05-19;126.22
16941;2016-05-20;127.65
16944;2016-05-23;127.39
16945;2016-05-24;130.1
16946;2016-05-25;131.18
16947;2016-05-26;131.49
16948;2016-05-27;132.03
16951;2016-05-30;132.18
16952;2016-05-31;131.69
16953;2016-06-01;131.16
16954;2016-06-02;131.19
16955;2016-06-03;130.25
16958;2016-06-06;130.45
16959;2016-06-07;131.64
16960;2016-06-08;131
16961;2016-06-09;129.96
16962;2016-06-10;127.26
16965;2016-06-13;125.07
16966;2016-06-14;123.14
16967;2016-06-15;123.87
16968;2016-06-16;123.02
16969;2016-06-17;124.02
16972;2016-06-20;127.97
16973;2016-06-21;128.63
16974;2016-06-22;128.83
16975;2016-06-23;130.39
16976;2016-06-24;123.75
16979;2016-06-27;119.79
16980;2016-06-28;122.72
16981;2016-06-29;126.55
16982;2016-06-30;127.94
16983;2016-07-01;128.7
16986;2016-07-04;127.69
16987;2016-07-05;126.27
16988;2016-07-06;124.36
16989;2016-07-07;125.4
16990;2016-07-08;126.82
16993;2016-07-11;128.2
16994;2016-07-12;129.04
16995;2016-07-13;129.04
16997;2016-07-15;129.26
17000;2016-07-18;129.47
17001;2016-07-19;129.11
17002;2016-07-20;130.21
17003;2016-07-21;129.65
17004;2016-07-22;129.95
17007;2016-07-25;130.27
17008;2016-07-26;130.48
17009;2016-07-27;130.34
17010;2016-07-28;129.02
17011;2016-07-29;129.49
17014;2016-08-01;129.17
17015;2016-08-02;128.33
17016;2016-08-03;127.76
17017;2016-08-04;128.43
17018;2016-08-05;129.65
17021;2016-08-08;129.39
17022;2016-08-09;130.58
17023;2016-08-10;130.31
17024;2016-08-11;131.59
17025;2016-08-12;131.12
17029;2016-08-16;130.19
17030;2016-08-17;129.28
17031;2016-08-18;130.02
17032;2016-08-19;129.2
17035;2016-08-22;129.8
17036;2016-08-23;130.48
17037;2016-08-24;130.66
17038;2016-08-25;129.75
17039;2016-08-26;130.25
17042;2016-08-29;130.11
17043;2016-08-30;130.57
17044;2016-08-31;129.91
17045;2016-09-01;129.88
17046;2016-09-02;132.54
17049;2016-09-05;132.63
17050;2016-09-06;132.49
17051;2016-09-07;132.86
17052;2016-09-08;132.21
17053;2016-09-09;130.33
17056;2016-09-12;129.64
17057;2016-09-13;128.7
17058;2016-09-14;128.63
17059;2016-09-15;129.58
17060;2016-09-16;129.2
17063;2016-09-19;130.18
17064;2016-09-20;130.4
17065;2016-09-21;130.78
17066;2016-09-22;132.66
17067;2016-09-23;131.87
17070;2016-09-26;130.19
17071;2016-09-27;130.33
17072;2016-09-28;131.07
17073;2016-09-29;130.91
17074;2016-09-30;131.1
17077;2016-10-03;131.39
17078;2016-10-04;132.3
17079;2016-10-05;131.16
17080;2016-10-06;130.39
17081;2016-10-07;129.22
17084;2016-10-10;130.35
17085;2016-10-11;129.67
17086;2016-10-12;129.11
17087;2016-10-13;128.61
17088;2016-10-14;130.02
17091;2016-10-17;128.95
17092;2016-10-18;130.54
17093;2016-10-19;130.84
17094;2016-10-20;130.95
17095;2016-10-21;130.87
17098;2016-10-24;130.7
17099;2016-10-25;130.16
17100;2016-10-26;129.49
17101;2016-10-27;129.95
17102;2016-10-28;129.34
17105;2016-10-31;128.8
17107;2016-11-02;126.1
17108;2016-11-03;125.95
17109;2016-11-04;124.85
17112;2016-11-07;126.24
17113;2016-11-08;126.49
17114;2016-11-09;127.99
17115;2016-11-10;126.38
17119;2016-11-14;124.98
17120;2016-11-15;125.59
17121;2016-11-16;125.78
17122;2016-11-17;126.41
17123;2016-11-18;126.23
17126;2016-11-21;126.94
17127;2016-11-22;127.26
17128;2016-11-23;127.03
17129;2016-11-24;127.72
17130;2016-11-25;128.22
17133;2016-11-28;127.47
17134;2016-11-29;127.77
17135;2016-11-30;128.15
17136;2016-12-01;127.05
17137;2016-12-02;126.58
17140;2016-12-05;127.16
17141;2016-12-06;127.98
17142;2016-12-07;128.03
17143;2016-12-08;129.26
17144;2016-12-09;130.81
17147;2016-12-12;130.14
17148;2016-12-13;131.28
17149;2016-12-14;130.79
17150;2016-12-15;131.93
17151;2016-12-16;132.49
17154;2016-12-19;132.57
17155;2016-12-20;132.93
17156;2016-12-21;132.69
17157;2016-12-22;132.71
17158;2016-12-23;132.96
17162;2016-12-27;133.21
17163;2016-12-28;133.62
17164;2016-12-29;133.34
17165;2016-12-30;133.68
17168;2017-01-02;134.35
17169;2017-01-03;134.8
17170;2017-01-04;134.51
17171;2017-01-05;134.67
17172;2017-01-06;134.5
17175;2017-01-09;133.86
17176;2017-01-10;133.64
17177;2017-01-11;133.73
17178;2017-01-12;132.96
17179;2017-01-13;134.15
17182;2017-01-16;133.11
17183;2017-01-17;132.7
17184;2017-01-18;132.61
17185;2017-01-19;132.59
17186;2017-01-20;132.45
17189;2017-01-23;131.77
17190;2017-01-24;131.88
17191;2017-01-25;133.28
17192;2017-01-26;133.32
17193;2017-01-27;133.2
17196;2017-01-30;131.96
17197;2017-01-31;130.74
17198;2017-02-01;131.82
17199;2017-02-02;132.56
17200;2017-02-03;133.18
17203;2017-02-06;132.23
17204;2017-02-07;132.78
17205;2017-02-08;133.18
17206;2017-02-09;133.79
17207;2017-02-10;133.79
17210;2017-02-13;134.6
17211;2017-02-14;134.54
17212;2017-02-15;134.89
17213;2017-02-16;134.74
17214;2017-02-17;134.78
17217;2017-02-20;134.98
17218;2017-02-21;135.75
17219;2017-02-22;135.9
17220;2017-02-23;136.31
17221;2017-02-24;135.61
17224;2017-02-27;135.61
17225;2017-02-28;135.96
17226;2017-03-01;137.7
17227;2017-03-02;137.97
17228;2017-03-03;137.74
17231;2017-03-06;137.27
17232;2017-03-07;136.95
17233;2017-03-08;136.79
17234;2017-03-09;137.12
17235;2017-03-10;137.42
17238;2017-03-13;137.83
17239;2017-03-14;137.6
17240;2017-03-15;137.93
17241;2017-03-16;138.61
17242;2017-03-17;138.81
17245;2017-03-20;138.7
17246;2017-03-21;137.86
17247;2017-03-22;137.12
17248;2017-03-23;138.32
17249;2017-03-24;138.16
17252;2017-03-27;137.78
17253;2017-03-28;138.38
17254;2017-03-29;138.58
17255;2017-03-30;139.15
17256;2017-03-31;139.39
17259;2017-04-03;138.96
17260;2017-04-04;139.26
17261;2017-04-05;139.28
17262;2017-04-06;139.52
17263;2017-04-07;139.63
17266;2017-04-10;139.7
17267;2017-04-11;139.71
17268;2017-04-12;139.97
17269;2017-04-13;139.84
17274;2017-04-18;138.45
17275;2017-04-19;138.71
17276;2017-04-20;139.2
17277;2017-04-21;139.23
17280;2017-04-24;142.08
17281;2017-04-25;142.29
17282;2017-04-26;142.85
17283;2017-04-27;142.98
17284;2017-04-28;142.92
17288;2017-05-02;144.41
17289;2017-05-03;144.45
17290;2017-05-04;145.52
17291;2017-05-05;146.5
17295;2017-05-09;146.78
17296;2017-05-10;146.64
17297;2017-05-11;145.97
17298;2017-05-12;146.91
17301;2017-05-15;146.82
17302;2017-05-16;146.96
17303;2017-05-17;145.33
17304;2017-05-18;144.57
17305;2017-05-19;145.69
17308;2017-05-22;145.62
17309;2017-05-23;145.86
17310;2017-05-24;146.2
17312;2017-05-26;146.31
17315;2017-05-29;146.27
17316;2017-05-30;146.26
17317;2017-05-31;146.46
17318;2017-06-01;147.5
17319;2017-06-02;147.97
17323;2017-06-06;146.85
17324;2017-06-07;146.67
17325;2017-06-08;146.38
17326;2017-06-09;146.95
17329;2017-06-12;145.33
17330;2017-06-13;145.92
17331;2017-06-14;145.84
17332;2017-06-15;145.18
17333;2017-06-16;146.47
17336;2017-06-19;147.68
17337;2017-06-20;147.04
17338;2017-06-21;146.59
17339;2017-06-22;146.21
17340;2017-06-23;145.61
17343;2017-06-26;146.05
17344;2017-06-27;144.44
17345;2017-06-28;144.09
17346;2017-06-29;141.81
17347;2017-06-30;141.84
17350;2017-07-03;142.74
17351;2017-07-04;142.15
17352;2017-07-05;142.55
17353;2017-07-06;141.59
17357;2017-07-10;142.31
17358;2017-07-11;141.54
17359;2017-07-12;143.4
17360;2017-07-13;143.81
17364;2017-07-17;144.21
17365;2017-07-18;142.91
17366;2017-07-19;143.94
17367;2017-07-20;143.09
17368;2017-07-21;141.9
17371;2017-07-24;141.25
17372;2017-07-25;141.5
17373;2017-07-26;142.56
17374;2017-07-27;142.52
17375;2017-07-28;141.18
17378;2017-07-31;140.83
17379;2017-08-01;141.89
17380;2017-08-02;141.4
17381;2017-08-03;141.83
17382;2017-08-04;142.91
17385;2017-08-07;142.74
17386;2017-08-08;143.07
17387;2017-08-09;142.24
17388;2017-08-10;140.83
17389;2017-08-11;139.66
17392;2017-08-14;141.14
17394;2017-08-16;142.34
17395;2017-08-17;142.04
17396;2017-08-18;141.21
17399;2017-08-21;140.82
17400;2017-08-22;142.04
17401;2017-08-23;141.54
17402;2017-08-24;141.51
17403;2017-08-25;141.09
17406;2017-08-28;140.34
17407;2017-08-29;138.83
17408;2017-08-30;139.61
17410;2017-09-01;141.7
17413;2017-09-04;141.03
17414;2017-09-05;140.71
17415;2017-09-06;140.22
17416;2017-09-07;140.74
17417;2017-09-08;141.08
17420;2017-09-11;142.27
17421;2017-09-12;142.84
17422;2017-09-13;142.52
17423;2017-09-14;142.28
17424;2017-09-15;141.73
17427;2017-09-18;142.25
17428;2017-09-19;142.65
17429;2017-09-20;142.82
17430;2017-09-21;142.56
17431;2017-09-22;142.84
17434;2017-09-25;143.17
17435;2017-09-26;143.19
17436;2017-09-27;143.68
17437;2017-09-28;144.42
17438;2017-09-29;144.83
17441;2017-10-02;145.57
17442;2017-10-03;146
17443;2017-10-04;145.91
17444;2017-10-05;145.86
17445;2017-10-06;145.22
17448;2017-10-09;145.35
17449;2017-10-10;145.41
17450;2017-10-11;145.73
17451;2017-10-12;146.1
17452;2017-10-13;146.41
17455;2017-10-16;146.12
17456;2017-10-17;145.83
17457;2017-10-18;146.58
17458;2017-10-19;145.13
17459;2017-10-20;145.23
17462;2017-10-23;145.74
17463;2017-10-24;145.03
17464;2017-10-25;144.28
17465;2017-10-26;146.04
17466;2017-10-27;146.94
17469;2017-10-30;146.91
17470;2017-10-31;146.85
17472;2017-11-02;146.52
17473;2017-11-03;147.15
17476;2017-11-06;146.9
17477;2017-11-07;146.63
17478;2017-11-08;146.63
17479;2017-11-09;144.93
17480;2017-11-10;144.48
17483;2017-11-13;143.6
17484;2017-11-14;143.74
17485;2017-11-15;142.99
17486;2017-11-16;144.31
17487;2017-11-17;143.71
17490;2017-11-20;144.7
17491;2017-11-21;145.07
17492;2017-11-22;144.61
17493;2017-11-23;144.88
17494;2017-11-24;144.79
17497;2017-11-27;144.36
17498;2017-11-28;145.13
17499;2017-11-29;145.14
17500;2017-11-30;145.23
17501;2017-12-01;143.99
17504;2017-12-04;145.15
17505;2017-12-05;144.93
17506;2017-12-06;144.93
17507;2017-12-07;144.97
17508;2017-12-08;145.71
17511;2017-12-11;145.46
17512;2017-12-12;146.36
17513;2017-12-13;146.11
17514;2017-12-14;145.68
17515;2017-12-15;144.82
17518;2017-12-18;146.72
17519;2017-12-19;146.21
17520;2017-12-20;145.28
17521;2017-12-21;145.76
17522;2017-12-22;145.75
17527;2017-12-27;145.62
17528;2017-12-28;145.49
17529;2017-12-29;145.03
17533;2018-01-02;144.97
17534;2018-01-03;145.76
17535;2018-01-04;146.99
17536;2018-01-05;148.34
17539;2018-01-08;148.64
17540;2018-01-09;148.97
17541;2018-01-10;148.41
17542;2018-01-11;147.87
17543;2018-01-12;147.85
17546;2018-01-15;147.56
17547;2018-01-16;148.18
17548;2018-01-17;148.3
17549;2018-01-18;148.29
17550;2018-01-19;149.22
17553;2018-01-22;149.7
17554;2018-01-23;149.34
17555;2018-01-24;148.62
17556;2018-01-25;147.66
17557;2018-01-26;148.58
17560;2018-01-29;148.23
17561;2018-01-30;147.05
17562;2018-01-31;146.87
17563;2018-02-01;146.5
17564;2018-02-02;144.85
17567;2018-02-05;142.93
17568;2018-02-06;139.59
17569;2018-02-07;142.4
17570;2018-02-08;139.88
17571;2018-02-09;138.52
17574;2018-02-12;140.05
17575;2018-02-13;139.21
17576;2018-02-14;140.5
17577;2018-02-15;141.77
17578;2018-02-16;143.31
17581;2018-02-19;142.58
17582;2018-02-20;143.35
17583;2018-02-21;143.62
17584;2018-02-22;143.03
17585;2018-02-23;142.76
17588;2018-02-26;143.35
17589;2018-02-27;142.73
17590;2018-02-28;141.98
17591;2018-03-01;140.12
17592;2018-03-02;137.6
17595;2018-03-05;138.66
17596;2018-03-06;139.59
17597;2018-03-07;139.86
17598;2018-03-08;141.41
17599;2018-03-09;142.28
17602;2018-03-12;142.63
17603;2018-03-13;141.49
17604;2018-03-14;141.05
17605;2018-03-15;141.91
17606;2018-03-16;142.45
17609;2018-03-19;141.49
17610;2018-03-20;141.99
17611;2018-03-21;141.78
17612;2018-03-22;139.86
17613;2018-03-23;138.9
17616;2018-03-26;138.16
17617;2018-03-27;139.62
17618;2018-03-28;140.39
17619;2018-03-29;141.01
17624;2018-04-03;140.32
17625;2018-04-04;139.32
17626;2018-04-05;142.32
17627;2018-04-06;142.27
17630;2018-04-09;142.35
17631;2018-04-10;143.37
17632;2018-04-11;142.6
17633;2018-04-12;143.58
17634;2018-04-13;144.02
17637;2018-04-16;143.66
17638;2018-04-17;144.67
17639;2018-04-18;145.03
17640;2018-04-19;145.11
17641;2018-04-20;145.04
17644;2018-04-23;145.61
17645;2018-04-24;146.06
17646;2018-04-25;144.55
17647;2018-04-26;145.97
17648;2018-04-27;146.83
17651;2018-04-30;146.97
17653;2018-05-02;148.01
17654;2018-05-03;147.37
17655;2018-05-04;147.97
17658;2018-05-07;149.02
17660;2018-05-09;149.83
17662;2018-05-11;149.89
17665;2018-05-14;149.7
17666;2018-05-15;149.8
17667;2018-05-16;149.9
17668;2018-05-17;150.78
17669;2018-05-18;150.32
17673;2018-05-22;151.34
17674;2018-05-23;150.05
17675;2018-05-24;149.34
17676;2018-05-25;149.51
17679;2018-05-28;149.49
17680;2018-05-29;147.69
17681;2018-05-30;147.79
17682;2018-05-31;147.62
17683;2018-06-01;148.72
17686;2018-06-04;149.3
17687;2018-06-05;149.12
17688;2018-06-06;149.24
17689;2018-06-07;149.11
17690;2018-06-08;148.91
17693;2018-06-11;149.7
17694;2018-06-12;149.86
17695;2018-06-13;150.19
17696;2018-06-14;151.69
17697;2018-06-15;150.96
17700;2018-06-18;149.99
17701;2018-06-19;149
17702;2018-06-20;148.7
17703;2018-06-21;147.73
17704;2018-06-22;148.93
17707;2018-06-25;146.58
17708;2018-06-26;146.82
17709;2018-06-27;147.44
17710;2018-06-28;146.29
17711;2018-06-29;147.42
17714;2018-07-02;146.27
17715;2018-07-03;147.21
17716;2018-07-04;147.13
17717;2018-07-05;147.82
17718;2018-07-06;147.97
17721;2018-07-09;148.42
17722;2018-07-10;149.57
17723;2018-07-11;148.33
17724;2018-07-12;149.45
17725;2018-07-13;149.61
17728;2018-07-16;149.36
17729;2018-07-17;149.34
17730;2018-07-18;149.39
17731;2018-07-19;149.46
17732;2018-07-20;149.47
17735;2018-07-23;148.88
17736;2018-07-24;149.49
17737;2018-07-25;149.65
17738;2018-07-26;150.94
17739;2018-07-27;151.41
17742;2018-07-30;151.06
17743;2018-07-31;151.05
17744;2018-08-01;150.85
17745;2018-08-02;150.54
17746;2018-08-03;151.51
17749;2018-08-06;151.31
17750;2018-08-07;151.48
17751;2018-08-08;151.24
17752;2018-08-09;151.93
17753;2018-08-10;150.53
17756;2018-08-13;150.52
17757;2018-08-14;150.4
17759;2018-08-16;149.56
17760;2018-08-17;149.36
17763;2018-08-20;150.05
17764;2018-08-21;150.39
17765;2018-08-22;150.87
17766;2018-08-23;150.72
17767;2018-08-24;150.91
17770;2018-08-27;151.59
17771;2018-08-28;151.48
17772;2018-08-29;151.94
17773;2018-08-30;152.08
17774;2018-08-31;151.09
17777;2018-09-03;151.16
17778;2018-09-04;150.01
17779;2018-09-05;148.43
17780;2018-09-06;148.09
17781;2018-09-07;148.6
17784;2018-09-10;148.91
17785;2018-09-11;149.1
17786;2018-09-12;149.42
17787;2018-09-13;148.95
17788;2018-09-14;149.3
17791;2018-09-17;149.34
17792;2018-09-18;149.71
17793;2018-09-19;149.84
17794;2018-09-20;150.76
17795;2018-09-21;150.97
17798;2018-09-24;150.3
17799;2018-09-25;151.08
17800;2018-09-26;151.55
17801;2018-09-27;151.85
17802;2018-09-28;150.95
17805;2018-10-01;151.69
17806;2018-10-02;150.92
17807;2018-10-03;151.53
17808;2018-10-04;149.93
17809;2018-10-05;148.99
17812;2018-10-08;147.22
17813;2018-10-09;146.94
17814;2018-10-10;144.72
17815;2018-10-11;142.38
17816;2018-10-12;142.56
17819;2018-10-15;142.56
17820;2018-10-16;144.99
17821;2018-10-17;144.55
17822;2018-10-18;144.74
17823;2018-10-19;143.7
17826;2018-10-22;142.78
17827;2018-10-23;139.51
17828;2018-10-24;139.49
17829;2018-10-25;140.47
17830;2018-10-26;139.86
17833;2018-10-29;140.57
17834;2018-10-30;140.37
17835;2018-10-31;142.64
17837;2018-11-02;143.98
17840;2018-11-05;143.76
17841;2018-11-06;143.49
17842;2018-11-07;145
17843;2018-11-08;145.1
17844;2018-11-09;145.06
17847;2018-11-12;143.82
17848;2018-11-13;143.91
17849;2018-11-14;143.44
17850;2018-11-15;142.53
17851;2018-11-16;142.52
17854;2018-11-19;141.1
17855;2018-11-20;139
17856;2018-11-21;140.26
17857;2018-11-22;139.12
17858;2018-11-23;139.71
17861;2018-11-26;140.64
17862;2018-11-27;140.39
17863;2018-11-28;140.13
17864;2018-11-29;140.59
17865;2018-11-30;140.3
17868;2018-12-03;141.61
17869;2018-12-04;141.08
17870;2018-12-05;139.94
17871;2018-12-06;136.12
17872;2018-12-07;137.71
17875;2018-12-10;135.51
17876;2018-12-11;137.61
17877;2018-12-12;139.98
17878;2018-12-13;139.42
17879;2018-12-14;138.88
17882;2018-12-17;137.48
17883;2018-12-18;135.91
17884;2018-12-19;135.88
17885;2018-12-20;133.36
17886;2018-12-21;132.99
17889;2018-12-24;132.4
17892;2018-12-27;130.25
17893;2018-12-28;132.48
17896;2018-12-31;133.5
17898;2019-01-02;133.21
17899;2019-01-03;132.45
17900;2019-01-04;135.76
17903;2019-01-07;135.61
17904;2019-01-08;136.47
17905;2019-01-09;136.95
17906;2019-01-10;137.76
17907;2019-01-11;137.82
17910;2019-01-14;137
17911;2019-01-15;137.75
17912;2019-01-16;138.4
17913;2019-01-17;138.5
17914;2019-01-18;140.14
17917;2019-01-21;140.31
17918;2019-01-22;140.04
17919;2019-01-23;140.19
17920;2019-01-24;140.19
17921;2019-01-25;140.75
17924;2019-01-28;139.46
17925;2019-01-29;140.54
17926;2019-01-30;140.88
17927;2019-01-31;140.44
17928;2019-02-01;140.74
17931;2019-02-04;140.95
17932;2019-02-05;142.85
17933;2019-02-06;143.07
17934;2019-02-07;142.05
17935;2019-02-08;141.42
17938;2019-02-11;142.15
17939;2019-02-12;142.75
17940;2019-02-13;143.03
17941;2019-02-14;143.89
17942;2019-02-15;145.83
17945;2019-02-18;146.07
17946;2019-02-19;145.66
17947;2019-02-20;146.09
17948;2019-02-21;146.23
17949;2019-02-22;146.48
17952;2019-02-25;146.07
17953;2019-02-26;146.41
17954;2019-02-27;146.4
17955;2019-02-28;146.9
17956;2019-03-01;146.8
17959;2019-03-04;147.12
17960;2019-03-05;147.36
17961;2019-03-06;147.24
17962;2019-03-07;147.32
17963;2019-03-08;146.31
17966;2019-03-11;147
17967;2019-03-12;147.03
17968;2019-03-13;147.83
17969;2019-03-14;149.26
17970;2019-03-15;150.46
17973;2019-03-18;151.09
17974;2019-03-19;151.35
17975;2019-03-20;149.74
17976;2019-03-21;150.01
17977;2019-03-22;148.61
17980;2019-03-25;147.64
17981;2019-03-26;148.82
17982;2019-03-27;148.97
17983;2019-03-28;148.79
17984;2019-03-29;149.28
17987;2019-04-01;150.42
17988;2019-04-02;150.99
17989;2019-04-03;152
17990;2019-04-04;151.49
17991;2019-04-05;151.5
17994;2019-04-08;151.39
17997;2019-04-11;151.01
17998;2019-04-12;151.01
18001;2019-04-15;151.32
18002;2019-04-16;151.29
18003;2019-04-17;151.03
18004;2019-04-18;151.56
18009;2019-04-23;152.43
18010;2019-04-24;151.89
18011;2019-04-25;151.47
18012;2019-04-26;152.23
18015;2019-04-29;152.06
18016;2019-04-30;151.96
18018;2019-05-02;151.38
18019;2019-05-03;151.91
18022;2019-05-06;150.56
18023;2019-05-07;149.96
18025;2019-05-09;148.35
18026;2019-05-10;148.92
18029;2019-05-13;147.64
18030;2019-05-14;148.65
18031;2019-05-15;149.6
18032;2019-05-16;151.94
18033;2019-05-17;151.65
18036;2019-05-20;150.93
18037;2019-05-21;151.52
18038;2019-05-22;151.56
18039;2019-05-23;150.08
18040;2019-05-24;150.95
18043;2019-05-27;151.22
18044;2019-05-28;151.38
18045;2019-05-29;149.21
18047;2019-05-31;149.18
18050;2019-06-03;149.7
18051;2019-06-04;149.58
18052;2019-06-05;150.54
18053;2019-06-06;150.64
18054;2019-06-07;151.98
18058;2019-06-11;152.48
18059;2019-06-12;152.36
18060;2019-06-13;152.61
18061;2019-06-14;152.04
18064;2019-06-17;151.98
18065;2019-06-18;153.48
18066;2019-06-19;152.44
18067;2019-06-20;152.69
18068;2019-06-21;152.02
18071;2019-06-24;152.26
18072;2019-06-25;152.2
18073;2019-06-26;151.55
18074;2019-06-27;151.06
18075;2019-06-28;151.97
18079;2019-07-02;153.82
18080;2019-07-03;155.42
18082;2019-07-05;154.04
18085;2019-07-08;154.33
18086;2019-07-09;153.9
18087;2019-07-10;153.57
18088;2019-07-11;153.47
18089;2019-07-12;153.25
18092;2019-07-15;153.86
18093;2019-07-16;154.04
18094;2019-07-17;153.7
18095;2019-07-18;153.01
18096;2019-07-19;153.17
18099;2019-07-22;153.15
18100;2019-07-23;153.8
18101;2019-07-24;153.99
18102;2019-07-25;152.97
18103;2019-07-26;153.56
18106;2019-07-29;153.91
18107;2019-07-30;152.3
18108;2019-07-31;152.84
18109;2019-08-01;153.69
18110;2019-08-02;151.1
18113;2019-08-05;147.73
18114;2019-08-06;147.23
18115;2019-08-07;147.84
18116;2019-08-08;150.28
18117;2019-08-09;149.88
18120;2019-08-12;149.69
18121;2019-08-13;150.25
18122;2019-08-14;148.8
18124;2019-08-16;151.5
18127;2019-08-19;152.91
18128;2019-08-20;152.11
18129;2019-08-21;153.98
18130;2019-08-22;152.92
18131;2019-08-23;152.28
18134;2019-08-26;152.13
18135;2019-08-27;153.19
18136;2019-08-28;152.88
18137;2019-08-29;153.97
18138;2019-08-30;154.78
18141;2019-09-02;155.71
18142;2019-09-03;155.47
18143;2019-09-04;156.56
18144;2019-09-05;156.3
18145;2019-09-06;156.74
18148;2019-09-09;155.32
18149;2019-09-10;153.96
18150;2019-09-11;155.14
18151;2019-09-12;155.31
18152;2019-09-13;154.77
18155;2019-09-16;154
18156;2019-09-17;155.06
18157;2019-09-18;155.32
18158;2019-09-19;155.96
18159;2019-09-20;156.26
18162;2019-09-23;155.63
18163;2019-09-24;156.35
18164;2019-09-25;155.31
18165;2019-09-26;156.92
18166;2019-09-27;157.3
18169;2019-09-30;157.76
18170;2019-10-01;156.31
18171;2019-10-02;152.63
18172;2019-10-03;152.62
18173;2019-10-04;153.95
18176;2019-10-07;155
18177;2019-10-08;153.78
18178;2019-10-09;154.14
18179;2019-10-10;154.32
18180;2019-10-11;156.16
18183;2019-10-14;155.37
18184;2019-10-15;155.9
18185;2019-10-16;155.84
18186;2019-10-17;156.17
18187;2019-10-18;155.52
18190;2019-10-21;155.23
18191;2019-10-22;155.79
18192;2019-10-23;155.54
18193;2019-10-24;156.49
18194;2019-10-25;156.49
18197;2019-10-28;156.65
18198;2019-10-29;156.41
18199;2019-10-30;157.17
18200;2019-10-31;156.52
18204;2019-11-04;157.65
18205;2019-11-05;157.53
18206;2019-11-06;158.75
18207;2019-11-07;158.69
18208;2019-11-08;158.69
18212;2019-11-12;158.84
18213;2019-11-13;158.92
18214;2019-11-14;158.6
18215;2019-11-15;159.16
18218;2019-11-18;159.27
18219;2019-11-19;159.11
18220;2019-11-20;159.26
18221;2019-11-21;158.41
18222;2019-11-22;158.55
18225;2019-11-25;159.46
18226;2019-11-26;159.96
18227;2019-11-27;160.27
18228;2019-11-28;160.32
18229;2019-11-29;159.51
18232;2019-12-02;157.47
18233;2019-12-03;157.24
18234;2019-12-04;158.43
18235;2019-12-05;158.39
18236;2019-12-06;159.92
18239;2019-12-09;159.57
18240;2019-12-10;159.45
18241;2019-12-11;159.29
18242;2019-12-12;158.95
18243;2019-12-13;159.66
18246;2019-12-16;162.18
18247;2019-12-17;161.5
18248;2019-12-18;161.33
18249;2019-12-19;161.8
18250;2019-12-20;163.04
18253;2019-12-23;163.19
18254;2019-12-24;163.22
18257;2019-12-27;163.79
18260;2019-12-30;162.4
18261;2019-12-31;162.2
18263;2020-01-02;163.11
18264;2020-01-03;163.14
18267;2020-01-06;162.48
18268;2020-01-07;162.76
18269;2020-01-08;162.76
18270;2020-01-09;163.42
18271;2020-01-10;163.32
18274;2020-01-13;163.36
18275;2020-01-14;163.83
18276;2020-01-15;164.29
18277;2020-01-16;164.69
18278;2020-01-17;166.06
18281;2020-01-20;166.07
18282;2020-01-21;166.07
18283;2020-01-22;166.03
18284;2020-01-23;165.48
18285;2020-01-24;166.82
18288;2020-01-27;163.84
18289;2020-01-28;164.98
18290;2020-01-29;165.6
18291;2020-01-30;164.74
18292;2020-01-31;163.74
18295;2020-02-03;164.19
18296;2020-02-04;165.85
18297;2020-02-05;167.79
18298;2020-02-06;168.64
18299;2020-02-07;168.56
18302;2020-02-10;168.48
18303;2020-02-11;169.68
18304;2020-02-12;170.03
18305;2020-02-13;170.99
18306;2020-02-14;171.16
18309;2020-02-17;171.8
18310;2020-02-18;171.52
18311;2020-02-19;172.57
18312;2020-02-20;171.42
18313;2020-02-21;170.64
18316;2020-02-24;165.01
18317;2020-02-25;162.25
18318;2020-02-26;162.23
18319;2020-02-27;157.56
18320;2020-02-28;151.87
18323;2020-03-02;152.5
18324;2020-03-03;155.26
18325;2020-03-04;157.36
18326;2020-03-05;156.42
18327;2020-03-06;150.67
18330;2020-03-09;141.08
18331;2020-03-10;138.98
18332;2020-03-11;137.41
