16055;2013-12-16;100
16056;2013-12-17;99.92
16057;2013-12-18;100.11
16058;2013-12-19;100.35
16059;2013-12-20;100.16
16062;2013-12-23;100.56
16063;2013-12-24;100.73
16066;2013-12-27;101.28
16069;2013-12-30;101.47
16070;2013-12-31;101.46
16072;2014-01-02;101.65
16073;2014-01-03;102.32
16076;2014-01-06;102.28
16077;2014-01-07;103.35
16078;2014-01-08;103.06
16079;2014-01-09;103.26
16080;2014-01-10;104.7
16083;2014-01-13;105.75
16084;2014-01-14;106
16085;2014-01-15;106.44
16086;2014-01-16;106.54
16087;2014-01-17;106.93
16090;2014-01-20;106.56
16091;2014-01-21;106.55
16092;2014-01-22;106.92
16093;2014-01-23;106.29
16094;2014-01-24;104.07
16097;2014-01-27;103.52
16098;2014-01-28;104.53
16099;2014-01-29;104.78
16100;2014-01-30;104.29
16101;2014-01-31;104.31
16104;2014-02-03;104.15
16105;2014-02-04;103.99
16106;2014-02-05;103.43
16107;2014-02-06;105.13
16108;2014-02-07;106.42
16111;2014-02-10;106.77
16112;2014-02-11;107.11
16113;2014-02-12;107.4
16114;2014-02-13;107.25
16115;2014-02-14;107.99
16118;2014-02-17;108.6
16119;2014-02-18;108.47
16120;2014-02-19;109.39
16121;2014-02-20;109.3
16122;2014-02-21;110.24
16125;2014-02-24;110.51
16126;2014-02-25;110.65
16127;2014-02-26;110.77
16128;2014-02-27;110.77
16129;2014-02-28;112.27
16132;2014-03-03;109.83
16133;2014-03-04;111.36
16134;2014-03-05;111.42
16135;2014-03-06;112.49
16136;2014-03-07;112.25
16139;2014-03-10;111.8
16140;2014-03-11;112.19
16141;2014-03-12;110.95
16142;2014-03-13;110.3
16143;2014-03-14;109.7
16146;2014-03-17;111.47
16147;2014-03-18;112.13
16148;2014-03-19;112.23
16149;2014-03-20;111.56
16150;2014-03-21;111.18
16153;2014-03-24;109.36
16154;2014-03-25;109.99
16155;2014-03-26;110.81
16156;2014-03-27;110.97
16157;2014-03-28;111.93
16160;2014-03-31;112.21
16161;2014-04-01;112.95
16162;2014-04-02;112.98
16163;2014-04-03;113
16164;2014-04-04;112.97
16167;2014-04-07;111.75
16168;2014-04-08;110.63
16169;2014-04-09;111.88
16170;2014-04-10;111
16171;2014-04-11;109.66
16174;2014-04-14;108.38
16175;2014-04-15;107.37
16176;2014-04-16;108.58
16177;2014-04-17;109.71
16182;2014-04-22;110.89
16183;2014-04-23;110.72
16184;2014-04-24;110.98
16185;2014-04-25;110.31
16188;2014-04-28;110.32
16189;2014-04-29;110.71
16190;2014-04-30;110.81
16192;2014-05-02;111.09
16195;2014-05-05;110.71
16196;2014-05-06;110.65
16197;2014-05-07;109.91
16199;2014-05-09;110.75
16202;2014-05-12;111.47
16203;2014-05-13;111.3
16204;2014-05-14;110.85
16205;2014-05-15;109.56
16206;2014-05-16;108.91
16209;2014-05-19;108.69
16210;2014-05-20;108.69
16211;2014-05-21;108.88
16212;2014-05-22;109.85
16213;2014-05-23;110.01
16216;2014-05-26;111.15
16217;2014-05-27;112
16218;2014-05-28;112.41
16220;2014-05-30;112.94
16223;2014-06-02;113.2
16224;2014-06-03;112.66
16225;2014-06-04;112.73
16226;2014-06-05;113.12
16227;2014-06-06;113.73
16231;2014-06-10;114.42
16232;2014-06-11;113.8
16233;2014-06-12;114.02
16234;2014-06-13;113.37
16237;2014-06-16;112.62
16238;2014-06-17;112.85
16239;2014-06-18;113.33
16240;2014-06-19;114.75
16241;2014-06-20;114.52
16244;2014-06-23;113.85
16245;2014-06-24;112.96
16246;2014-06-25;111.97
16247;2014-06-26;112.13
16248;2014-06-27;111.71
16251;2014-06-30;111.88
16252;2014-07-01;112.37
16253;2014-07-02;112.81
16254;2014-07-03;113.57
16255;2014-07-04;113.48
16258;2014-07-07;112.41
16259;2014-07-08;111.16
16260;2014-07-09;109.76
16261;2014-07-10;108.06
16262;2014-07-11;108.3
16266;2014-07-15;108.73
16267;2014-07-16;109.19
16268;2014-07-17;108.69
16269;2014-07-18;108.15
16272;2014-07-21;107.35
16273;2014-07-22;107.43
16274;2014-07-23;107.53
16275;2014-07-24;107.69
16276;2014-07-25;107.11
16279;2014-07-28;106.96
16280;2014-07-29;106.98
16281;2014-07-30;106.58
16282;2014-07-31;105.47
16283;2014-08-01;103.72
16286;2014-08-04;103.16
16287;2014-08-05;102.6
16288;2014-08-06;101.27
16289;2014-08-07;100.27
16290;2014-08-08;98.87
16293;2014-08-11;101.05
16294;2014-08-12;101.3
16295;2014-08-13;101.49
16296;2014-08-14;101.45
16300;2014-08-18;101.72
16301;2014-08-19;103.23
16302;2014-08-20;103.68
16303;2014-08-21;104.53
16304;2014-08-22;104.15
16307;2014-08-25;105.11
16308;2014-08-26;105.2
16309;2014-08-27;105.97
16310;2014-08-28;105.51
16311;2014-08-29;105.23
16314;2014-09-01;105.56
16315;2014-09-02;105.71
16316;2014-09-03;106.26
16317;2014-09-04;106.58
16318;2014-09-05;106.93
16321;2014-09-08;106.88
16322;2014-09-09;106.38
16323;2014-09-10;105.68
16324;2014-09-11;105.58
16325;2014-09-12;105.25
16328;2014-09-15;104.96
16329;2014-09-16;104.2
16330;2014-09-17;105.31
16331;2014-09-18;105.37
16332;2014-09-19;105.25
16335;2014-09-22;104.83
16336;2014-09-23;104.05
16337;2014-09-24;103.65
16338;2014-09-25;103.38
16339;2014-09-26;103.56
16342;2014-09-29;103.33
16343;2014-09-30;103.55
16344;2014-10-01;102.77
16345;2014-10-02;100.63
16346;2014-10-03;101.25
16349;2014-10-06;101.64
16350;2014-10-07;99.81
16351;2014-10-08;98.1
16352;2014-10-09;97.42
16353;2014-10-10;95.66
16356;2014-10-13;95.08
16357;2014-10-14;95.03
16358;2014-10-15;93.2
16359;2014-10-16;92.45
16360;2014-10-17;94.61
16363;2014-10-20;94.78
16364;2014-10-21;96.91
16365;2014-10-22;98.23
16366;2014-10-23;97.55
16367;2014-10-24;97.23
16370;2014-10-27;96.47
16371;2014-10-28;97.54
16372;2014-10-29;98.07
16373;2014-10-30;98.57
16374;2014-10-31;100.14
16377;2014-11-03;100.56
16378;2014-11-04;100.19
16379;2014-11-05;101.08
16380;2014-11-06;100.91
16381;2014-11-07;100.85
16384;2014-11-10;101.32
16386;2014-11-12;100.05
16387;2014-11-13;99.89
16388;2014-11-14;99.51
16391;2014-11-17;100.13
16392;2014-11-18;100.95
16393;2014-11-19;101.67
16394;2014-11-20;101.5
16395;2014-11-21;102.63
16398;2014-11-24;102.8
16399;2014-11-25;103.22
16400;2014-11-26;103.48
16401;2014-11-27;103.67
16402;2014-11-28;103.42
16405;2014-12-01;103.21
16406;2014-12-02;103.22
16407;2014-12-03;103.44
16408;2014-12-04;103.37
16409;2014-12-05;104.65
16412;2014-12-08;104.63
16413;2014-12-09;103.39
16414;2014-12-10;103.37
16415;2014-12-11;102.86
16416;2014-12-12;101.38
16419;2014-12-15;99.63
16420;2014-12-16;99.69
16421;2014-12-17;99.9
16422;2014-12-18;102.18
16423;2014-12-19;102.33
16426;2014-12-22;102.66
16427;2014-12-23;103.23
16428;2014-12-24;103.21
16433;2014-12-29;102.73
16434;2014-12-30;103.16
16435;2014-12-31;103.58
16437;2015-01-02;104.29
16440;2015-01-05;103.25
16441;2015-01-06;101.99
16442;2015-01-07;101.57
16443;2015-01-08;103.09
16444;2015-01-09;102.96
16447;2015-01-12;103.66
16448;2015-01-13;104.24
16449;2015-01-14;103.53
16450;2015-01-15;104.2
16451;2015-01-16;104.41
16454;2015-01-19;105.17
16455;2015-01-20;105.24
16456;2015-01-21;104.82
16457;2015-01-22;105.28
16458;2015-01-23;106.43
16461;2015-01-26;107.78
16462;2015-01-27;107.15
16463;2015-01-28;107.7
16464;2015-01-29;108.18
16465;2015-01-30;108.54
16468;2015-02-02;108.48
16469;2015-02-03;109.3
16470;2015-02-04;109.88
16471;2015-02-05;111.48
16472;2015-02-06;111.68
16475;2015-02-09;110.62
16476;2015-02-10;111.53
16477;2015-02-11;111.05
16478;2015-02-12;112.22
16479;2015-02-13;112.18
16482;2015-02-16;112.58
16483;2015-02-17;112.74
16484;2015-02-18;114.18
16485;2015-02-19;114.8
16486;2015-02-20;114.92
16489;2015-02-23;115.02
16490;2015-02-24;115.4
16491;2015-02-25;115.63
16492;2015-02-26;116.53
16493;2015-02-27;116.8
16496;2015-03-02;115.85
16497;2015-03-03;115.22
16498;2015-03-04;114.8
16499;2015-03-05;116.07
16500;2015-03-06;117.09
16503;2015-03-09;117.19
16504;2015-03-10;116.45
16505;2015-03-11;117.57
16506;2015-03-12;117.75
16507;2015-03-13;117.93
16510;2015-03-16;117.98
16511;2015-03-17;117.01
16512;2015-03-18;116.9
16513;2015-03-19;117.64
16514;2015-03-20;118.59
16517;2015-03-23;118.14
16518;2015-03-24;118.62
16519;2015-03-25;118.5
16520;2015-03-26;117.47
16521;2015-03-27;117.9
16524;2015-03-30;118.87
16525;2015-03-31;119.02
16526;2015-04-01;118.59
16527;2015-04-02;119.34
16532;2015-04-07;120.34
16533;2015-04-08;120.87
16534;2015-04-09;122.23
16535;2015-04-10;123.09
16538;2015-04-13;123.34
16539;2015-04-14;123.06
16540;2015-04-15;123.59
16541;2015-04-16;122.79
16542;2015-04-17;120.67
16545;2015-04-20;120.91
16546;2015-04-21;121.79
16547;2015-04-22;121.37
16548;2015-04-23;121.04
16549;2015-04-24;120.79
16552;2015-04-27;121.62
16553;2015-04-28;120.73
16554;2015-04-29;119.1
16555;2015-04-30;118.76
16559;2015-05-04;119.39
16560;2015-05-05;118.32
16561;2015-05-06;117.93
16562;2015-05-07;117.01
16566;2015-05-11;119.55
16567;2015-05-12;118.77
16568;2015-05-13;118.66
16570;2015-05-15;118.93
16573;2015-05-18;118.65
16574;2015-05-19;119.87
16575;2015-05-20;120.3
16576;2015-05-21;120.66
16577;2015-05-22;120.95
16581;2015-05-26;119.63
16582;2015-05-27;121.13
16583;2015-05-28;121.23
16584;2015-05-29;120.63
16587;2015-06-01;121.36
16588;2015-06-02;120.61
16589;2015-06-03;121.16
16590;2015-06-04;120.4
16591;2015-06-05;119.56
16594;2015-06-08;118.51
16595;2015-06-09;117.11
16596;2015-06-10;118.51
16597;2015-06-11;119.18
16598;2015-06-12;117.84
16601;2015-06-15;116.03
16602;2015-06-16;115.71
16604;2015-06-18;115.43
16605;2015-06-19;115.88
16608;2015-06-22;118
16609;2015-06-23;119.04
16610;2015-06-24;118.5
16611;2015-06-25;118.61
16612;2015-06-26;118.69
16615;2015-06-29;115.47
16616;2015-06-30;115.79
16617;2015-07-01;117.01
16618;2015-07-02;116.74
16619;2015-07-03;116.24
16622;2015-07-06;115.92
16623;2015-07-07;114.59
16624;2015-07-08;114.38
16625;2015-07-09;116.28
16626;2015-07-10;117.8
16629;2015-07-13;119.42
16631;2015-07-15;120.84
16632;2015-07-16;122.11
16633;2015-07-17;122.23
16636;2015-07-20;123.42
16637;2015-07-21;123.02
16638;2015-07-22;123.31
16639;2015-07-23;123.36
16640;2015-07-24;122.71
16643;2015-07-27;120.92
16644;2015-07-28;121.7
16645;2015-07-29;122.05
16647;2015-07-31;123.43
16650;2015-08-03;124.63
16651;2015-08-04;124.91
16652;2015-08-05;125.43
16653;2015-08-06;125.26
16654;2015-08-07;123.78
16657;2015-08-10;123.76
16658;2015-08-11;123.2
16659;2015-08-12;120.55
16660;2015-08-13;122.22
16661;2015-08-14;122.35
16664;2015-08-17;122.49
16665;2015-08-18;122.92
16666;2015-08-19;121
16667;2015-08-20;118.53
16668;2015-08-21;115.58
16671;2015-08-24;110.24
16672;2015-08-25;115.23
16673;2015-08-26;113.94
16674;2015-08-27;116.8
16675;2015-08-28;117.32
16678;2015-08-31;117.43
16679;2015-09-01;114.41
16680;2015-09-02;115.1
16681;2015-09-03;116.62
16682;2015-09-04;114.82
16685;2015-09-07;115.13
16686;2015-09-08;116.18
16687;2015-09-09;116.94
16688;2015-09-10;116.06
16689;2015-09-11;115.54
16692;2015-09-14;115.21
16693;2015-09-15;115.23
16694;2015-09-16;115.62
16695;2015-09-17;115.91
16696;2015-09-18;115.37
16699;2015-09-21;115.45
16700;2015-09-22;113.55
16701;2015-09-23;113.56
16702;2015-09-24;111.88
16703;2015-09-25;114.02
16706;2015-09-28;112.67
16707;2015-09-29;111.4
16708;2015-09-30;113.66
16709;2015-10-01;113.37
16710;2015-10-02;113.57
16713;2015-10-05;115.39
16714;2015-10-06;116.73
16715;2015-10-07;116.85
16716;2015-10-08;117.1
16717;2015-10-09;117.61
16720;2015-10-12;117.88
16721;2015-10-13;117.27
16722;2015-10-14;116.55
16723;2015-10-15;117.63
16724;2015-10-16;117.88
16727;2015-10-19;118.74
16728;2015-10-20;118.77
16729;2015-10-21;118.93
16730;2015-10-22;119.8
16731;2015-10-23;120.17
16734;2015-10-26;119.83
16735;2015-10-27;119.38
16736;2015-10-28;119.17
16737;2015-10-29;119.62
16738;2015-10-30;119.66
16741;2015-11-02;120.97
16742;2015-11-03;121.48
16743;2015-11-04;121.19
16744;2015-11-05;121.24
16745;2015-11-06;121.9
16748;2015-11-09;121.69
16749;2015-11-10;121.48
16751;2015-11-12;121.23
16752;2015-11-13;120.58
16755;2015-11-16;119.63
16756;2015-11-17;120.04
16757;2015-11-18;119.64
16758;2015-11-19;119.47
16759;2015-11-20;119.78
16762;2015-11-23;120.22
16763;2015-11-24;119.22
16764;2015-11-25;120.37
16765;2015-11-26;121.36
16766;2015-11-27;121.84
16769;2015-11-30;123.18
16770;2015-12-01;123.56
16771;2015-12-02;124.14
16772;2015-12-03;122.81
16773;2015-12-04;122.96
16776;2015-12-07;123.5
16777;2015-12-08;121.8
16778;2015-12-09;121.34
16779;2015-12-10;120.79
16780;2015-12-11;119.39
16783;2015-12-14;117.38
16784;2015-12-15;119.38
16785;2015-12-16;119.96
16786;2015-12-17;121.78
16787;2015-12-18;121.78
16790;2015-12-21;121.25
16791;2015-12-22;120.58
16792;2015-12-23;122.18
16793;2015-12-24;122.19
16797;2015-12-28;122.75
16798;2015-12-29;124.44
16799;2015-12-30;124.92
16800;2015-12-31;124.98
16804;2016-01-04;123.34
16805;2016-01-05;123.23
16806;2016-01-06;121.78
16807;2016-01-07;119.19
16808;2016-01-08;118.86
16811;2016-01-11;117.86
16812;2016-01-12;118.43
16813;2016-01-13;118.36
16814;2016-01-14;115.96
16815;2016-01-15;113.04
16818;2016-01-18;110.77
16819;2016-01-19;112.65
16820;2016-01-20;109.06
16821;2016-01-21;109.75
16822;2016-01-22;112.11
16825;2016-01-25;113.07
16826;2016-01-26;113.08
16827;2016-01-27;113.58
16828;2016-01-28;112.39
16829;2016-01-29;113.71
16832;2016-02-01;114.26
16833;2016-02-02;112.82
16834;2016-02-03;111.49
16835;2016-02-04;110.51
16836;2016-02-05;109.28
16839;2016-02-08;104.48
16840;2016-02-09;102.5
16841;2016-02-10;104.47
16842;2016-02-11;102.4
16843;2016-02-12;102.95
16846;2016-02-15;105.49
16847;2016-02-16;105.62
16848;2016-02-17;107.97
16849;2016-02-18;108.51
16850;2016-02-19;108.41
16853;2016-02-22;109.79
16854;2016-02-23;110.02
16855;2016-02-24;108.1
16856;2016-02-25;108.91
16857;2016-02-26;109.84
16860;2016-02-29;110.94
16861;2016-03-01;112.58
16862;2016-03-02;111.87
16863;2016-03-03;111.77
16864;2016-03-04;112.44
16867;2016-03-07;112.88
16868;2016-03-08;111.46
16869;2016-03-09;111.22
16870;2016-03-10;109.62
16871;2016-03-11;110.61
16874;2016-03-14;111.72
16875;2016-03-15;111.41
16876;2016-03-16;111.02
16877;2016-03-17;110.74
16878;2016-03-18;111.25
16881;2016-03-21;111.38
16882;2016-03-22;111.6
16883;2016-03-23;112.12
16884;2016-03-24;111.39
16889;2016-03-29;111.03
16890;2016-03-30;112.25
16891;2016-03-31;111.86
16892;2016-04-01;111.64
16895;2016-04-04;111.9
16896;2016-04-05;110.65
16897;2016-04-06;111.19
16898;2016-04-07;110.3
16899;2016-04-08;111.2
16902;2016-04-11;111.77
16903;2016-04-12;111.88
16904;2016-04-13;112.93
16905;2016-04-14;113.05
16906;2016-04-15;112.86
16909;2016-04-18;112.61
16910;2016-04-19;113.12
16911;2016-04-20;112.77
16912;2016-04-21;112.21
16913;2016-04-22;111.82
16916;2016-04-25;111.99
16917;2016-04-26;112.05
16918;2016-04-27;112.52
16919;2016-04-28;112.9
16920;2016-04-29;112.04
16923;2016-05-02;112.17
16924;2016-05-03;111.48
16925;2016-05-04;111.12
16927;2016-05-06;111.13
16930;2016-05-09;111.45
16931;2016-05-10;112.03
16932;2016-05-11;111.86
16933;2016-05-12;112.12
16934;2016-05-13;112.34
16938;2016-05-17;112.48
16939;2016-05-18;113.2
16940;2016-05-19;112.61
16941;2016-05-20;113.56
16944;2016-05-23;114.34
16945;2016-05-24;115.1
16946;2016-05-25;115.91
16947;2016-05-26;116.26
16948;2016-05-27;116.56
16951;2016-05-30;116.7
16952;2016-05-31;117.26
16953;2016-06-01;116.63
16954;2016-06-02;116.9
16955;2016-06-03;116.42
16958;2016-06-06;116.53
16959;2016-06-07;117.27
16960;2016-06-08;117.1
16961;2016-06-09;117.11
16962;2016-06-10;114.97
16965;2016-06-13;112.35
16966;2016-06-14;110.52
16967;2016-06-15;111.38
16968;2016-06-16;109.53
16969;2016-06-17;111.1
16972;2016-06-20;113.72
16973;2016-06-21;114.49
16974;2016-06-22;114.56
16975;2016-06-23;115.56
16976;2016-06-24;110.65
16979;2016-06-27;106.78
16980;2016-06-28;108.79
16981;2016-06-29;110
16982;2016-06-30;110.77
16983;2016-07-01;111.8
16986;2016-07-04;111.62
16987;2016-07-05;110.18
16988;2016-07-06;108.34
16989;2016-07-07;108.82
16990;2016-07-08;109.84
16993;2016-07-11;111.19
16994;2016-07-12;112.31
16995;2016-07-13;111.88
16997;2016-07-15;111.72
17000;2016-07-18;112.59
17001;2016-07-19;112.81
17002;2016-07-20;113.66
17003;2016-07-21;113.62
17004;2016-07-22;113.17
17007;2016-07-25;113.8
17008;2016-07-26;114.55
17009;2016-07-27;115.55
17010;2016-07-28;115
17011;2016-07-29;114.51
17014;2016-08-01;114.29
17015;2016-08-02;113.45
17016;2016-08-03;113.51
17017;2016-08-04;113.96
17018;2016-08-05;114.92
17021;2016-08-08;115.03
17022;2016-08-09;115.97
17023;2016-08-10;116.41
17024;2016-08-11;116.71
17025;2016-08-12;116.68
17029;2016-08-16;115.68
17030;2016-08-17;115.18
17031;2016-08-18;115.73
17032;2016-08-19;115.65
17035;2016-08-22;115.79
17036;2016-08-23;116.52
17037;2016-08-24;117.17
17038;2016-08-25;116.39
17039;2016-08-26;117
17042;2016-08-29;117.31
17043;2016-08-30;117.3
17044;2016-08-31;116.93
17045;2016-09-01;117.6
17046;2016-09-02;118.16
17049;2016-09-05;118.44
17050;2016-09-06;118.98
17051;2016-09-07;118.74
17052;2016-09-08;118.76
17053;2016-09-09;118.39
17056;2016-09-12;117.6
17057;2016-09-13;117.24
17058;2016-09-14;117.38
17059;2016-09-15;117.79
17060;2016-09-16;117.72
17063;2016-09-19;118.4
17064;2016-09-20;118.28
17065;2016-09-21;118.92
17066;2016-09-22;119.6
17067;2016-09-23;119.66
17070;2016-09-26;118.93
17071;2016-09-27;118.36
17072;2016-09-28;118.98
17073;2016-09-29;119.09
17074;2016-09-30;118.88
17077;2016-10-03;119.37
17078;2016-10-04;119.86
17079;2016-10-05;119.94
17080;2016-10-06;119.43
17081;2016-10-07;118.39
17084;2016-10-10;118.47
17085;2016-10-11;118.32
17086;2016-10-12;118.1
17087;2016-10-13;117.42
17088;2016-10-14;117.92
17091;2016-10-17;117.89
17092;2016-10-18;118.37
17093;2016-10-19;118.67
17094;2016-10-20;118.52
17095;2016-10-21;118.31
17098;2016-10-24;118
17099;2016-10-25;117.89
17100;2016-10-26;117.23
17101;2016-10-27;116.9
17102;2016-10-28;116.65
17105;2016-10-31;116.26
17107;2016-11-02;114.69
17108;2016-11-03;115.07
17109;2016-11-04;114.42
17112;2016-11-07;115.65
17113;2016-11-08;115.23
17114;2016-11-09;115.9
17115;2016-11-10;116.28
17119;2016-11-14;116.49
17120;2016-11-15;116.86
17121;2016-11-16;117.68
17122;2016-11-17;117.78
17123;2016-11-18;118.63
17126;2016-11-21;118.29
17127;2016-11-22;118.43
17128;2016-11-23;118.35
17129;2016-11-24;118.72
17130;2016-11-25;118.62
17133;2016-11-28;118.12
17134;2016-11-29;118
17135;2016-11-30;118.1
17136;2016-12-01;117.69
17137;2016-12-02;116.87
17140;2016-12-05;118.28
17141;2016-12-06;118.92
17142;2016-12-07;119.59
17143;2016-12-08;120.12
17144;2016-12-09;120.98
17147;2016-12-12;120.47
17148;2016-12-13;120.91
17149;2016-12-14;120.44
17150;2016-12-15;120.53
17151;2016-12-16;120.13
17154;2016-12-19;120.57
17155;2016-12-20;120.93
17156;2016-12-21;121.05
17157;2016-12-22;120.85
17158;2016-12-23;121.26
17162;2016-12-27;122.09
17163;2016-12-28;122.36
17164;2016-12-29;122.58
17165;2016-12-30;122.98
17168;2017-01-02;123.49
17169;2017-01-03;123.93
17170;2017-01-04;123.68
17171;2017-01-05;123.71
17172;2017-01-06;123.8
17175;2017-01-09;123.82
17176;2017-01-10;123.98
17177;2017-01-11;124.55
17178;2017-01-12;124.05
17179;2017-01-13;124.76
17182;2017-01-16;124.65
17183;2017-01-17;124.52
17184;2017-01-18;124.87
17185;2017-01-19;124.99
17186;2017-01-20;124.89
17189;2017-01-23;125.05
17190;2017-01-24;125.52
17191;2017-01-25;126
17192;2017-01-26;126.66
17193;2017-01-27;126.58
17196;2017-01-30;125.74
17197;2017-01-31;125.54
17198;2017-02-01;126.75
17199;2017-02-02;127.35
17200;2017-02-03;127.22
17203;2017-02-06;126.89
17204;2017-02-07;126.98
17205;2017-02-08;126.6
17206;2017-02-09;127.43
17207;2017-02-10;127.64
17210;2017-02-13;128.8
17211;2017-02-14;129.21
17212;2017-02-15;128.84
17213;2017-02-16;129.04
17214;2017-02-17;128.73
17217;2017-02-20;129.02
17218;2017-02-21;128.88
17219;2017-02-22;128.09
17220;2017-02-23;127.4
17221;2017-02-24;126.47
17224;2017-02-27;126.24
17225;2017-02-28;126.36
17226;2017-03-01;127.61
17227;2017-03-02;126.63
17228;2017-03-03;126.45
17231;2017-03-06;127.16
17232;2017-03-07;127.45
17233;2017-03-08;127.28
17234;2017-03-09;127.41
17235;2017-03-10;127.96
17238;2017-03-13;128.83
17239;2017-03-14;128.02
17240;2017-03-15;128.18
17241;2017-03-16;128.78
17242;2017-03-17;129.72
17245;2017-03-20;129.86
17246;2017-03-21;128.62
17247;2017-03-22;127.67
17248;2017-03-23;129.21
17249;2017-03-24;129.37
17252;2017-03-27;129.3
17253;2017-03-28;129.9
17254;2017-03-29;129.94
17255;2017-03-30;130.63
17256;2017-03-31;130.97
17259;2017-04-03;131.44
17260;2017-04-04;131.31
17261;2017-04-05;131.84
17262;2017-04-06;131.73
17263;2017-04-07;132.25
17266;2017-04-10;133.17
17267;2017-04-11;132.49
17268;2017-04-12;133.16
17269;2017-04-13;132.95
17274;2017-04-18;131.51
17275;2017-04-19;132.41
17276;2017-04-20;133.27
17277;2017-04-21;133.63
17280;2017-04-24;135.91
17281;2017-04-25;137.18
17282;2017-04-26;137.95
17283;2017-04-27;138.58
17284;2017-04-28;139.42
17288;2017-05-02;140.23
17289;2017-05-03;140.55
17290;2017-05-04;141.46
17291;2017-05-05;142.38
17295;2017-05-09;144.37
17296;2017-05-10;144.63
17297;2017-05-11;144.35
17298;2017-05-12;144.34
17301;2017-05-15;145.74
17302;2017-05-16;146.5
17303;2017-05-17;144.45
17304;2017-05-18;143.41
17305;2017-05-19;145.38
17308;2017-05-22;145.53
17309;2017-05-23;146.59
17310;2017-05-24;147.14
17312;2017-05-26;148.05
17315;2017-05-29;148.11
17317;2017-05-31;149.74
17318;2017-06-01;150.91
17319;2017-06-02;151.3
17323;2017-06-06;150.15
17324;2017-06-07;150.46
17325;2017-06-08;150.49
17326;2017-06-09;151.67
17329;2017-06-12;149.01
17330;2017-06-13;150.19
17331;2017-06-14;150.61
17332;2017-06-15;149.71
17333;2017-06-16;151
17336;2017-06-19;151.35
17337;2017-06-20;150.89
17338;2017-06-21;150.01
17339;2017-06-22;150.52
17340;2017-06-23;150.05
17343;2017-06-26;150.82
17344;2017-06-27;150.08
17345;2017-06-28;149.47
17346;2017-06-29;147.64
17347;2017-06-30;147.95
17350;2017-07-03;148.18
17351;2017-07-04;147.56
17352;2017-07-05;147.09
17353;2017-07-06;145.64
17354;2017-07-07;145.96
17357;2017-07-10;146.47
17358;2017-07-11;145.79
17359;2017-07-12;147.45
17360;2017-07-13;147.96
17364;2017-07-17;149.03
17365;2017-07-18;147.99
17366;2017-07-19;148.77
17367;2017-07-20;148.44
17368;2017-07-21;147.3
17371;2017-07-24;147.27
17372;2017-07-25;148.32
17373;2017-07-26;147.93
17374;2017-07-27;148.96
17375;2017-07-28;148.13
17378;2017-07-31;148.53
17379;2017-08-01;149.43
17380;2017-08-02;149.53
17381;2017-08-03;149.18
17382;2017-08-04;149.82
17385;2017-08-07;149.83
17386;2017-08-08;150.34
17387;2017-08-09;149.04
17388;2017-08-10;148.13
17389;2017-08-11;145.73
17392;2017-08-14;147.74
17394;2017-08-16;148.02
17395;2017-08-17;148.31
17396;2017-08-18;147.34
17399;2017-08-21;147.04
17400;2017-08-22;147.91
17401;2017-08-23;147.98
17402;2017-08-24;146.43
17403;2017-08-25;147.32
17406;2017-08-28;146.97
17407;2017-08-29;145.4
17408;2017-08-30;146.68
17410;2017-09-01;149.96
17413;2017-09-04;149.13
17414;2017-09-05;149.78
17415;2017-09-06;150.14
17416;2017-09-07;151.23
17417;2017-09-08;151.69
17420;2017-09-11;153.45
17421;2017-09-12;154.81
17422;2017-09-13;155.11
17423;2017-09-14;155.58
17424;2017-09-15;156.21
17427;2017-09-18;156.53
17428;2017-09-19;156.05
17429;2017-09-20;156.56
17430;2017-09-21;157.32
17431;2017-09-22;157.26
17434;2017-09-25;157.83
17435;2017-09-26;157.54
17436;2017-09-27;156.89
17437;2017-09-28;156.85
17438;2017-09-29;158.11
17441;2017-10-02;159.31
17442;2017-10-03;159.2
17443;2017-10-04;159.61
17444;2017-10-05;160.52
17445;2017-10-06;160.23
17448;2017-10-09;160.09
17449;2017-10-10;159.45
17450;2017-10-11;159.3
17451;2017-10-12;159.65
17452;2017-10-13;159.7
17455;2017-10-16;160.57
17456;2017-10-17;159.56
17457;2017-10-18;159.04
17458;2017-10-19;156.24
17459;2017-10-20;156.28
17462;2017-10-23;156.6
17463;2017-10-24;156.74
17464;2017-10-25;156.48
17465;2017-10-26;157.26
17466;2017-10-27;158.98
17469;2017-10-30;159.11
17470;2017-10-31;159
17472;2017-11-02;157.89
17473;2017-11-03;158.77
17476;2017-11-06;159.13
17477;2017-11-07;157.87
17478;2017-11-08;157.31
17479;2017-11-09;154.9
17480;2017-11-10;153.84
17483;2017-11-13;151.99
17484;2017-11-14;151.51
17485;2017-11-15;149.33
17486;2017-11-16;151.12
17487;2017-11-17;151.55
17490;2017-11-20;153.74
17491;2017-11-21;155.36
17492;2017-11-22;155.65
17493;2017-11-23;155.89
17494;2017-11-24;155.51
17497;2017-11-27;155.41
17498;2017-11-28;155.17
17499;2017-11-29;154.63
17500;2017-11-30;155.24
17501;2017-12-01;153.91
17504;2017-12-04;154.78
17505;2017-12-05;154.26
17506;2017-12-06;152.96
17507;2017-12-07;152.98
17508;2017-12-08;154.3
17511;2017-12-11;154.68
17512;2017-12-12;154.99
17513;2017-12-13;155.31
17514;2017-12-14;155.32
17515;2017-12-15;154.21
17518;2017-12-18;155.01
17519;2017-12-19;155.6
17520;2017-12-20;154.88
17521;2017-12-21;155.13
17522;2017-12-22;155.71
17527;2017-12-27;156.13
17528;2017-12-28;156.18
17529;2017-12-29;156.44
17533;2018-01-02;157.32
17534;2018-01-03;159.6
17535;2018-01-04;160.63
17536;2018-01-05;160.99
17539;2018-01-08;161.42
17540;2018-01-09;161.2
17541;2018-01-10;160.36
17542;2018-01-11;160.49
17543;2018-01-12;161.32
17546;2018-01-15;160.79
17547;2018-01-16;161.03
17548;2018-01-17;160.72
17549;2018-01-18;161.55
17550;2018-01-19;162.79
17553;2018-01-22;164.16
17554;2018-01-23;164.75
17555;2018-01-24;164.58
17556;2018-01-25;163.58
17557;2018-01-26;164.82
17560;2018-01-29;165.11
17561;2018-01-30;163.22
17562;2018-01-31;163.76
17563;2018-02-01;163.03
17564;2018-02-02;161.27
17567;2018-02-05;157.02
17568;2018-02-06;154.04
17569;2018-02-07;157.84
17570;2018-02-08;154.97
17571;2018-02-09;153.26
17574;2018-02-12;155.12
17575;2018-02-13;155.37
17576;2018-02-14;158.17
17577;2018-02-15;159.24
17578;2018-02-16;160.2
17581;2018-02-19;159.63
17582;2018-02-20;160.45
17583;2018-02-21;160.9
17584;2018-02-22;159.87
17585;2018-02-23;159.33
17588;2018-02-26;160.35
17589;2018-02-27;159.9
17590;2018-02-28;159.24
17591;2018-03-01;157.13
17592;2018-03-02;153.87
17595;2018-03-05;155.12
17596;2018-03-06;155.8
17597;2018-03-07;156.64
17598;2018-03-08;158.8
17599;2018-03-09;159.81
17602;2018-03-12;161.01
17603;2018-03-13;160.55
17604;2018-03-14;160.24
17605;2018-03-15;160.81
17606;2018-03-16;160.06
17609;2018-03-19;159.2
17610;2018-03-20;159.19
17611;2018-03-21;158.99
17612;2018-03-22;156.84
17613;2018-03-23;155.56
17616;2018-03-26;154.94
17617;2018-03-27;156.48
17618;2018-03-28;154.41
17619;2018-03-29;153.84
17624;2018-04-03;153.8
17625;2018-04-04;152.16
17626;2018-04-05;153.86
17627;2018-04-06;153.82
17630;2018-04-09;154.34
17631;2018-04-10;155.78
17632;2018-04-11;154.91
17633;2018-04-12;155.37
17634;2018-04-13;156.09
17637;2018-04-16;155.64
17638;2018-04-17;156.81
17639;2018-04-18;158.11
17640;2018-04-19;158.24
17641;2018-04-20;157.62
17644;2018-04-23;157.74
17645;2018-04-24;157.98
17646;2018-04-25;155.72
17647;2018-04-26;157.02
17648;2018-04-27;157.96
17651;2018-04-30;158.82
17653;2018-05-02;160.18
17654;2018-05-03;159.27
17655;2018-05-04;159.22
17658;2018-05-07;161
17660;2018-05-09;162.38
17662;2018-05-11;161.57
17665;2018-05-14;161.73
17666;2018-05-15;160.92
17667;2018-05-16;161.45
17668;2018-05-17;162.96
17669;2018-05-18;162.51
17673;2018-05-22;163.33
17674;2018-05-23;161.73
17675;2018-05-24;161.15
17676;2018-05-25;162.1
17679;2018-05-28;161.79
17680;2018-05-29;160.23
17681;2018-05-30;161.21
17682;2018-05-31;162.2
17683;2018-06-01;161.44
17686;2018-06-04;161.75
17687;2018-06-05;162.27
17688;2018-06-06;162.13
17689;2018-06-07;161.91
17690;2018-06-08;162.29
17693;2018-06-11;162.71
17694;2018-06-12;163.68
17695;2018-06-13;164.05
17696;2018-06-14;164.75
17697;2018-06-15;163.47
17700;2018-06-18;162.62
17701;2018-06-19;160.55
17702;2018-06-20;161.72
17703;2018-06-21;160
17704;2018-06-22;160.82
17707;2018-06-25;158.71
17708;2018-06-26;157.64
17709;2018-06-27;157.39
17710;2018-06-28;155.68
17711;2018-06-29;158.08
17714;2018-07-02;156.62
17715;2018-07-03;158.05
17716;2018-07-04;156.75
17717;2018-07-05;157.18
17718;2018-07-06;157.26
17721;2018-07-09;157.97
17722;2018-07-10;159.59
17723;2018-07-11;158.16
17724;2018-07-12;158.79
17725;2018-07-13;158.94
17728;2018-07-16;159.71
17729;2018-07-17;160.46
17730;2018-07-18;161.87
17731;2018-07-19;161.54
17732;2018-07-20;160.43
17735;2018-07-23;160.33
17736;2018-07-24;160.98
17737;2018-07-25;161.38
17738;2018-07-26;161.98
17739;2018-07-27;162.57
17742;2018-07-30;162.15
17743;2018-07-31;162.12
17744;2018-08-01;161.65
17745;2018-08-02;160.05
17746;2018-08-03;160.97
17749;2018-08-06;160.95
17750;2018-08-07;160.54
17751;2018-08-08;160.01
17752;2018-08-09;160.34
17753;2018-08-10;159.26
17756;2018-08-13;159.12
17757;2018-08-14;159.1
17759;2018-08-16;158.39
17760;2018-08-17;157.92
17763;2018-08-20;158.93
17764;2018-08-21;159.66
17765;2018-08-22;160.1
17766;2018-08-23;160.7
17767;2018-08-24;160.31
17770;2018-08-27;160.89
17771;2018-08-28;160.87
17772;2018-08-29;160.13
17773;2018-08-30;160.76
17774;2018-08-31;160.12
17777;2018-09-03;160.24
17778;2018-09-04;159.19
17779;2018-09-05;157.82
17780;2018-09-06;156.43
17781;2018-09-07;155.87
17784;2018-09-10;156.32
17785;2018-09-11;156.06
17786;2018-09-12;156.94
17787;2018-09-13;157.06
17788;2018-09-14;158.24
17791;2018-09-17;158.51
17792;2018-09-18;157.52
17793;2018-09-19;156.63
17794;2018-09-20;156.66
17795;2018-09-21;156.49
17798;2018-09-24;156.26
17799;2018-09-25;156.64
17800;2018-09-26;157.08
17801;2018-09-27;157.34
17802;2018-09-28;156.17
17805;2018-10-01;157.26
17806;2018-10-02;156.08
17807;2018-10-03;156.34
17808;2018-10-04;154.9
17809;2018-10-05;152.28
17812;2018-10-08;148.35
17813;2018-10-09;147.37
17814;2018-10-10;142.99
17815;2018-10-11;140.14
17816;2018-10-12;142.1
17819;2018-10-15;141.33
17820;2018-10-16;144.25
17821;2018-10-17;144.28
17822;2018-10-18;144.01
17823;2018-10-19;141.42
17826;2018-10-22;141.05
17827;2018-10-23;136.55
17828;2018-10-24;135.32
17829;2018-10-25;135.03
17830;2018-10-26;132.95
17833;2018-10-29;134.79
17834;2018-10-30;134.8
17835;2018-10-31;138.16
17837;2018-11-02;143
17840;2018-11-05;142.19
17841;2018-11-06;142.1
17842;2018-11-07;143.22
17843;2018-11-08;143.7
17844;2018-11-09;142.25
17847;2018-11-12;138.58
17848;2018-11-13;137.98
17849;2018-11-14;137.35
17850;2018-11-15;134.73
17851;2018-11-16;134.4
17854;2018-11-19;132.66
17855;2018-11-20;128.56
17856;2018-11-21;129.2
17857;2018-11-22;129.6
17858;2018-11-23;130.41
17861;2018-11-26;131.4
17862;2018-11-27;131.4
17863;2018-11-28;132.48
17864;2018-11-29;132.88
17865;2018-11-30;133.29
17868;2018-12-03;134.59
17869;2018-12-04;132.9
17870;2018-12-05;130.33
17871;2018-12-06;127.35
17872;2018-12-07;127.05
17875;2018-12-10;123.87
17876;2018-12-11;125.89
17877;2018-12-12;127.44
17878;2018-12-13;126.88
17879;2018-12-14;125.44
17882;2018-12-17;123.07
17883;2018-12-18;122.72
17884;2018-12-19;123.22
17885;2018-12-20;120.87
17886;2018-12-21;121.06
17889;2018-12-24;120.81
17892;2018-12-27;119.41
17893;2018-12-28;121.04
17896;2018-12-31;122.45
17898;2019-01-02;124.04
17899;2019-01-03;122.25
17900;2019-01-04;124.53
17903;2019-01-07;126.48
17904;2019-01-08;129.46
17905;2019-01-09;132.26
17906;2019-01-10;132.4
17907;2019-01-11;132.57
17910;2019-01-14;130.67
17911;2019-01-15;129.55
17912;2019-01-16;130.49
17913;2019-01-17;130.53
17914;2019-01-18;132.15
17917;2019-01-21;132.34
17918;2019-01-22;131.77
17919;2019-01-23;132.32
17920;2019-01-24;132.52
17921;2019-01-25;133.77
17924;2019-01-28;133.28
17925;2019-01-29;132.32
17926;2019-01-30;132.67
17927;2019-01-31;133.69
17928;2019-02-01;133.27
17931;2019-02-04;133.31
17932;2019-02-05;133.76
17933;2019-02-06;133.45
17934;2019-02-07;131.61
17935;2019-02-08;130.3
17938;2019-02-11;131.4
17939;2019-02-12;132.43
17940;2019-02-13;133.65
17941;2019-02-14;133.82
17942;2019-02-15;134.15
17945;2019-02-18;135.04
17946;2019-02-19;134.63
17947;2019-02-20;135.26
17948;2019-02-21;134.17
17949;2019-02-22;134.48
17952;2019-02-25;135.56
17953;2019-02-26;135.04
17954;2019-02-27;134.6
17955;2019-02-28;135.2
17956;2019-03-01;136.23
17959;2019-03-04;136.56
17960;2019-03-05;136.71
17961;2019-03-06;135.95
17962;2019-03-07;134.36
17963;2019-03-08;133.38
17966;2019-03-11;135.21
17967;2019-03-12;135.35
17968;2019-03-13;136.74
17969;2019-03-14;136.9
17970;2019-03-15;138.42
17973;2019-03-18;138.45
17974;2019-03-19;139.61
17975;2019-03-20;138.73
17976;2019-03-21;138.14
17977;2019-03-22;137.12
17980;2019-03-25;135.66
17981;2019-03-26;136.46
17982;2019-03-27;136.07
17983;2019-03-28;136.87
17984;2019-03-29;137.54
17987;2019-04-01;139.06
17988;2019-04-02;139.57
17989;2019-04-03;142.24
17990;2019-04-04;141.81
17991;2019-04-05;142.54
17994;2019-04-08;142.42
17997;2019-04-11;143.91
17998;2019-04-12;145.19
18001;2019-04-15;145.35
18002;2019-04-16;146.18
18003;2019-04-17;146.57
18004;2019-04-18;146.56
18009;2019-04-23;147.2
18010;2019-04-24;147.19
18011;2019-04-25;146.98
18012;2019-04-26;147.62
18015;2019-04-29;147.1
18016;2019-04-30;147.11
18018;2019-05-02;146.64
18019;2019-05-03;147.19
18022;2019-05-06;145.32
18023;2019-05-07;144.69
18025;2019-05-09;143.28
18026;2019-05-10;143.95
18029;2019-05-13;141.99
18030;2019-05-14;143.49
18031;2019-05-15;144
18032;2019-05-16;145.33
18033;2019-05-17;145.11
18036;2019-05-20;141.91
18037;2019-05-21;142.79
18038;2019-05-22;143.85
18039;2019-05-23;140.72
18040;2019-05-24;141.34
18043;2019-05-27;141.04
18044;2019-05-28;142.79
18045;2019-05-29;140.82
18047;2019-05-31;140.74
18050;2019-06-03;139.62
18051;2019-06-04;139.83
18052;2019-06-05;140.98
18053;2019-06-06;141.17
18054;2019-06-07;141.9
18058;2019-06-11;142.74
18059;2019-06-12;142.87
18060;2019-06-13;142.71
18061;2019-06-14;140.99
18064;2019-06-17;140.48
18065;2019-06-18;141.56
18066;2019-06-19;142.23
18067;2019-06-20;143.1
18068;2019-06-21;142.58
18071;2019-06-24;142.72
18072;2019-06-25;143.31
18073;2019-06-26;143.52
18074;2019-06-27;145.17
18075;2019-06-28;145.37
18079;2019-07-02;146.66
18080;2019-07-03;147.6
18082;2019-07-05;147.13
18085;2019-07-08;146.68
18086;2019-07-09;145.7
18087;2019-07-10;145.49
18088;2019-07-11;145.61
18089;2019-07-12;145.82
18092;2019-07-15;146.06
18093;2019-07-16;145.34
18094;2019-07-17;145.24
18095;2019-07-18;144.4
18096;2019-07-19;145.5
18099;2019-07-22;145.99
18100;2019-07-23;145.99
18101;2019-07-24;146.72
18102;2019-07-25;146.68
18103;2019-07-26;147.08
18106;2019-07-29;146.43
18107;2019-07-30;145.15
18108;2019-07-31;145.59
18109;2019-08-01;145.78
18110;2019-08-02;143.5
18113;2019-08-05;140.09
18114;2019-08-06;140.05
18115;2019-08-07;139.66
18116;2019-08-08;141.43
18117;2019-08-09;139.98
18120;2019-08-12;139.5
18121;2019-08-13;139.17
18122;2019-08-14;136.55
18124;2019-08-16;136.99
18127;2019-08-19;137.77
18128;2019-08-20;136.81
18129;2019-08-21;138.58
18130;2019-08-22;138.56
18131;2019-08-23;138.54
18134;2019-08-26;137.48
18135;2019-08-27;138.29
18136;2019-08-28;137.04
18137;2019-08-29;138.03
18138;2019-08-30;139.81
18141;2019-09-02;139.09
18142;2019-09-03;138.99
18143;2019-09-04;139.21
18144;2019-09-05;139.78
18145;2019-09-06;140.08
18148;2019-09-09;139.69
18149;2019-09-10;138.7
18150;2019-09-11;139.5
18151;2019-09-12;139.5
18152;2019-09-13;140.9
18155;2019-09-16;141.35
18156;2019-09-17;141.89
18157;2019-09-18;141.95
18158;2019-09-19;143.08
18159;2019-09-20;142.83
18162;2019-09-23;141.32
18163;2019-09-24;141.91
18164;2019-09-25;140.41
18165;2019-09-26;140.61
18166;2019-09-27;141.08
18169;2019-09-30;141.53
18170;2019-10-01;140.92
18171;2019-10-02;138.93
18172;2019-10-03;138.55
18173;2019-10-04;138.36
18176;2019-10-07;138.81
18177;2019-10-08;138.15
18178;2019-10-09;138.56
18179;2019-10-10;139.21
18180;2019-10-11;140.79
18183;2019-10-14;140.18
18184;2019-10-15;140.92
18185;2019-10-16;140.52
18186;2019-10-17;141.05
18187;2019-10-18;140.53
18190;2019-10-21;141.52
18191;2019-10-22;141.99
18192;2019-10-23;141.43
18193;2019-10-24;142.6
18197;2019-10-28;144.43
18198;2019-10-29;144.22
18199;2019-10-30;144.22
18200;2019-10-31;144.36
18204;2019-11-04;146.23
18205;2019-11-05;147.34
18206;2019-11-06;148.28
18207;2019-11-07;148.93
18208;2019-11-08;148.99
18212;2019-11-12;150.39
18213;2019-11-13;150.5
18214;2019-11-14;150.75
18215;2019-11-15;151.72
18218;2019-11-18;151.14
18219;2019-11-19;151.11
18220;2019-11-20;151.59
18222;2019-11-22;152.23
18225;2019-11-25;152.7
18226;2019-11-26;153.96
18227;2019-11-27;154.9
18228;2019-11-28;154.54
18229;2019-11-29;154.78
18232;2019-12-02;153.16
18233;2019-12-03;153.07
18234;2019-12-04;154.9
18235;2019-12-05;155.27
18239;2019-12-09;155.37
18240;2019-12-10;155.24
18241;2019-12-11;155.98
18242;2019-12-12;156.8
18243;2019-12-13;158.04
18246;2019-12-16;159.97
18247;2019-12-17;159.13
18248;2019-12-18;159.43
18249;2019-12-19;159.61
18250;2019-12-20;160.67
18253;2019-12-23;161.39
18254;2019-12-24;161.69
18257;2019-12-27;162.46
18260;2019-12-30;162.37
18261;2019-12-31;162.52
18263;2020-01-02;164.74
18264;2020-01-03;164.03
18267;2020-01-06;163.54
18268;2020-01-07;163.85
18269;2020-01-08;164.09
18270;2020-01-09;166.02
18271;2020-01-10;165.86
18274;2020-01-13;167.17
18275;2020-01-14;166.7
18276;2020-01-15;166.78
18277;2020-01-16;167.61
18278;2020-01-17;168.67
18281;2020-01-20;170.23
18282;2020-01-21;170.23
18283;2020-01-22;171.22
18284;2020-01-23;170.2
18285;2020-01-24;171.89
18288;2020-01-27;168.7
18289;2020-01-28;169.8
18290;2020-01-29;169.57
18291;2020-01-30;167.53
18292;2020-01-31;166.72
18295;2020-02-03;167.11
18296;2020-02-04;170.11
18297;2020-02-05;171.06
18298;2020-02-06;171.05
18299;2020-02-07;170.66
18302;2020-02-10;171.37
18303;2020-02-11;173.48
18304;2020-02-12;174.76
18305;2020-02-13;175.6
18306;2020-02-14;175.33
18309;2020-02-17;175.62
18310;2020-02-18;174.55
18311;2020-02-19;176.57
18312;2020-02-20;176
18313;2020-02-21;175.4
18316;2020-02-24;167.87
18317;2020-02-25;166.29
18318;2020-02-26;166.07
18319;2020-02-27;160.27
18320;2020-02-28;155.72
18323;2020-03-02;156.2
18324;2020-03-03;159.9
18325;2020-03-04;159.33
18326;2020-03-05;156.82
18327;2020-03-06;152.51
18330;2020-03-09;143.57
18331;2020-03-10;141.86
18332;2020-03-11;139.11
