15125;2011-05-31;97.91
15127;2011-06-02;95.55
15130;2011-06-05;94.65
15131;2011-06-06;94.46
15132;2011-06-07;94.11
15133;2011-06-08;95.32
15134;2011-06-09;94.71
15138;2011-06-13;95.65
15139;2011-06-14;95.13
15140;2011-06-15;95.39
15141;2011-06-16;95.16
15144;2011-06-19;95.17
15145;2011-06-20;96.56
15146;2011-06-21;96
15147;2011-06-22;95.99
15148;2011-06-23;95.47
15151;2011-06-26;95.42
15152;2011-06-27;96.27
15153;2011-06-28;97.71
15154;2011-06-29;98.85
15155;2011-06-30;99.99
15158;2011-07-03;100.15
15159;2011-07-04;100.26
15160;2011-07-05;100.79
15161;2011-07-06;101.48
15165;2011-07-10;100.4
15166;2011-07-11;99.56
15167;2011-07-12;99.25
15169;2011-07-14;98.8
15172;2011-07-17;97.73
15173;2011-07-18;98.4
15174;2011-07-19;99.2
15175;2011-07-20;99.92
15176;2011-07-21;100.17
15179;2011-07-24;99.51
15180;2011-07-25;98.68
15181;2011-07-26;97.22
15182;2011-07-27;97.39
15183;2011-07-28;96.16
15186;2011-07-31;95.89
15187;2011-08-01;93.33
15188;2011-08-02;91.98
15189;2011-08-03;87.94
15190;2011-08-04;86.68
15193;2011-08-07;80.91
15194;2011-08-08;83.35
15195;2011-08-09;78.9
15201;2011-08-15;85.77
15202;2011-08-16;85.7
15207;2011-08-21;79.63
15208;2011-08-22;81.59
15209;2011-08-23;82.83
15214;2011-08-28;84.48
15215;2011-08-29;85.1
15216;2011-08-30;87.17
15221;2011-09-04;81.78
15222;2011-09-05;82.82
15223;2011-09-06;86.15
15228;2011-09-11;82.68
15229;2011-09-12;83.63
15230;2011-09-13;84.96
15235;2011-09-18;87.23
15236;2011-09-19;87.37
15237;2011-09-20;84.86
15242;2011-09-25;84.95
15243;2011-09-26;87.88
15244;2011-09-27;87.14
15249;2011-10-02;84.73
15250;2011-10-03;84.88
15251;2011-10-04;87.41
15256;2011-10-09;91.85
15257;2011-10-10;92.17
15258;2011-10-11;92.5
15263;2011-10-16;92.03
15264;2011-10-17;93.18
15265;2011-10-18;92.63
15270;2011-10-23;94.25
15271;2011-10-24;92.87
15272;2011-10-25;93.68
15280;2011-11-02;92.55
15285;2011-11-07;94.89
15286;2011-11-08;95.43
15287;2011-11-09;93.4
15288;2011-11-10;93.48
15292;2011-11-14;94.84
15293;2011-11-15;94.65
15294;2011-11-16;93.2
15295;2011-11-17;91.91
15296;2011-11-18;91.65
15299;2011-11-21;89.51
15300;2011-11-22;88.22
15301;2011-11-23;87.12
15302;2011-11-24;87.01
15303;2011-11-25;87.08
15306;2011-11-28;90.86
15307;2011-11-29;91.43
15308;2011-11-30;94.49
15309;2011-12-01;94.81
15310;2011-12-02;96.35
15313;2011-12-05;97.51
15314;2011-12-06;97.63
15315;2011-12-07;97.89
15316;2011-12-08;95.77
15317;2011-12-09;96.98
15320;2011-12-12;95.54
15321;2011-12-13;95.38
15322;2011-12-14;94.24
15323;2011-12-15;94.06
15324;2011-12-16;93.46
15327;2011-12-19;92.42
15328;2011-12-20;94.44
15329;2011-12-21;94.3
15330;2011-12-22;95.57
15331;2011-12-23;96.6
15335;2011-12-27;96.28
15336;2011-12-28;95.36
15337;2011-12-29;96.6
15338;2011-12-30;96.55
15341;2012-01-02;97.18
15342;2012-01-03;98.68
15343;2012-01-04;99.06
15344;2012-01-05;98.55
15345;2012-01-06;98.5
15348;2012-01-09;97.62
15349;2012-01-10;99.16
15350;2012-01-11;99.97
15351;2012-01-12;99.87
15352;2012-01-13;100.56
15355;2012-01-16;100.74
15356;2012-01-17;101.49
15357;2012-01-18;101.74
15358;2012-01-19;103.89
15359;2012-01-20;104.19
15362;2012-01-23;104.26
15363;2012-01-24;104.1
15364;2012-01-25;104.44
15369;2012-01-30;102.41
15370;2012-01-31;102.94
15371;2012-02-01;104.17
15372;2012-02-02;104.85
15373;2012-02-03;106.48
15376;2012-02-06;106.93
15377;2012-02-07;106.51
15378;2012-02-08;107.15
15379;2012-02-09;107.48
15380;2012-02-10;106.46
15383;2012-02-13;107.09
15384;2012-02-14;107.08
15385;2012-02-15;107.94
15386;2012-02-16;108.42
15387;2012-02-17;109.02
15390;2012-02-20;109.01
15391;2012-02-21;108.95
15392;2012-02-22;108.27
15393;2012-02-23;107.81
15394;2012-02-24;107.5
15397;2012-02-27;107.7
15398;2012-02-28;108.12
15399;2012-02-29;107.84
15400;2012-03-01;109.18
15401;2012-03-02;110.22
15404;2012-03-05;109.23
15405;2012-03-06;107.55
15406;2012-03-07;108.15
15407;2012-03-08;108.65
15408;2012-03-09;109.75
15411;2012-03-12;109.06
15412;2012-03-13;111.26
15413;2012-03-14;112.47
15414;2012-03-15;112.97
15415;2012-03-16;112.66
15418;2012-03-19;112.59
15419;2012-03-20;112.05
15420;2012-03-21;111.5
15421;2012-03-22;110.56
15422;2012-03-23;110.15
15424;2012-03-25;110.6
15425;2012-03-26;110.31
15426;2012-03-27;109.58
15427;2012-03-28;108.63
15428;2012-03-29;108.52
15431;2012-04-01;109.14
15432;2012-04-02;107.42
15433;2012-04-03;106.62
15434;2012-04-04;107.04
15439;2012-04-09;103.22
15440;2012-04-10;103.51
15441;2012-04-11;104.37
15442;2012-04-12;102.91
15445;2012-04-15;102.26
15446;2012-04-16;104.36
15447;2012-04-17;103.5
15448;2012-04-18;101.57
15449;2012-04-19;101.98
15452;2012-04-22;100.88
15453;2012-04-23;101.56
15454;2012-04-24;103.32
15455;2012-04-25;103.12
15456;2012-04-26;103.39
15459;2012-04-29;102.96
15461;2012-05-01;102.76
15462;2012-05-02;101.74
15463;2012-05-03;100.91
15466;2012-05-06;101.5
15468;2012-05-08;100.14
15469;2012-05-09;101.26
15470;2012-05-10;100.69
15473;2012-05-13;99.33
15474;2012-05-14;98.32
15475;2012-05-15;97.97
15477;2012-05-17;96.55
15480;2012-05-20;97.08
15481;2012-05-21;98.88
15482;2012-05-22;98.06
15483;2012-05-23;98.78
15484;2012-05-24;98.9
15488;2012-05-28;99
15489;2012-05-29;98.3
15490;2012-05-30;98.27
15491;2012-05-31;96.66
15494;2012-06-03;96.32
15495;2012-06-04;97.55
15496;2012-06-05;99.91
15497;2012-06-06;100.35
15498;2012-06-07;100.97
15501;2012-06-10;100
15502;2012-06-11;100.71
15503;2012-06-12;99.52
15504;2012-06-13;100.15
15505;2012-06-14;101.66
15508;2012-06-17;101.13
15509;2012-06-18;102.33
15510;2012-06-19;103.25
15511;2012-06-20;102.35
15512;2012-06-21;102.97
15515;2012-06-24;100.56
15516;2012-06-25;100.18
15517;2012-06-26;102.13
15518;2012-06-27;102.34
15522;2012-07-01;106.27
15523;2012-07-02;107.14
15524;2012-07-03;107.76
15525;2012-07-04;107.82
15526;2012-07-05;105.84
15529;2012-07-08;105.47
15530;2012-07-09;105.21
15531;2012-07-10;105.42
15532;2012-07-11;104.7
15536;2012-07-15;105.44
15537;2012-07-16;105.74
15538;2012-07-17;106.29
15539;2012-07-18;106.85
15540;2012-07-19;104.9
15543;2012-07-22;103.74
15544;2012-07-23;101.83
15545;2012-07-24;101.82
15546;2012-07-25;103.6
15547;2012-07-26;106.05
15550;2012-07-29;108.93
15552;2012-07-31;108.4
15553;2012-08-01;107.31
15554;2012-08-02;109.54
15557;2012-08-05;111.09
15558;2012-08-06;113.15
15559;2012-08-07;114.08
15560;2012-08-08;114.51
15561;2012-08-09;114.19
15564;2012-08-12;113.8
15565;2012-08-13;114.48
15567;2012-08-15;116.09
15568;2012-08-16;117.61
15571;2012-08-19;116.55
15572;2012-08-20;116.15
15573;2012-08-21;116.07
15574;2012-08-22;114.07
15575;2012-08-23;114.51
15578;2012-08-26;114.68
15579;2012-08-27;114.26
15580;2012-08-28;114.57
15581;2012-08-29;113.76
15582;2012-08-30;113.21
15585;2012-09-02;113.47
15586;2012-09-03;113.38
15587;2012-09-04;112.3
15588;2012-09-05;114.84
15589;2012-09-06;115.72
15592;2012-09-09;115.64
15593;2012-09-10;115.56
15594;2012-09-11;116.23
15595;2012-09-12;116.58
15596;2012-09-13;116.28
15599;2012-09-16;115.31
15600;2012-09-17;114.84
15601;2012-09-18;115.08
15602;2012-09-19;114.79
15603;2012-09-20;114.85
15606;2012-09-23;114.96
15607;2012-09-24;114.57
15608;2012-09-25;113.64
15609;2012-09-26;114.06
15610;2012-09-27;112.33
15614;2012-10-01;112.38
15615;2012-10-02;112.84
15616;2012-10-03;112.82
15617;2012-10-04;113.32
15620;2012-10-07;112.96
15621;2012-10-08;112.05
15622;2012-10-09;111.03
15623;2012-10-10;111.78
15624;2012-10-11;110.92
15627;2012-10-14;111.95
15628;2012-10-15;113.42
15629;2012-10-16;113.83
15630;2012-10-17;114.6
15631;2012-10-18;113.34
15634;2012-10-21;113.05
15635;2012-10-22;112.38
15636;2012-10-23;111.8
15637;2012-10-24;111.47
15638;2012-10-25;111.31
15642;2012-10-29;110.52
15643;2012-10-30;110.58
15646;2012-11-02;112.77
15649;2012-11-05;112.69
15650;2012-11-06;113.37
15651;2012-11-07;110.87
15652;2012-11-08;109.5
15653;2012-11-09;109.29
15656;2012-11-12;108.84
15657;2012-11-13;108.1
15658;2012-11-14;107.51
15659;2012-11-15;107.65
15660;2012-11-16;107.74
15663;2012-11-19;109.76
15664;2012-11-20;109.72
15665;2012-11-21;110.7
15666;2012-11-22;110.78
15667;2012-11-23;111.54
15670;2012-11-26;111.31
15671;2012-11-27;110.53
15672;2012-11-28;110.97
15673;2012-11-29;112.39
15674;2012-11-30;111.81
15677;2012-12-03;111.06
15678;2012-12-04;111.15
15679;2012-12-05;111.89
15680;2012-12-06;112.88
15681;2012-12-07;112.78
15684;2012-12-10;112.38
15685;2012-12-11;113.44
15686;2012-12-12;113.83
15687;2012-12-13;113.37
15688;2012-12-14;112.9
15691;2012-12-17;112.79
15692;2012-12-18;114.01
15693;2012-12-19;114.27
15694;2012-12-20;114.59
15695;2012-12-21;114.47
15698;2012-12-24;113.92
15701;2012-12-27;114.09
15702;2012-12-28;112.73
15705;2012-12-31;114.24
15707;2013-01-02;117.22
15708;2013-01-03;118.03
15709;2013-01-04;119.29
15712;2013-01-07;118.76
15713;2013-01-08;118.48
15714;2013-01-09;120.3
15715;2013-01-10;120.35
15716;2013-01-11;119.81
15719;2013-01-14;119.79
15721;2013-01-16;119.25
15722;2013-01-17;119.77
15723;2013-01-18;120.81
15726;2013-01-21;120.96
15727;2013-01-22;120.99
15728;2013-01-23;120.12
15729;2013-01-24;119.91
15730;2013-01-25;119.81
15733;2013-01-28;120.22
15734;2013-01-29;120.86
15735;2013-01-30;120.33
15736;2013-01-31;119.45
15737;2013-02-01;119.25
15740;2013-02-04;117.85
15741;2013-02-05;118.44
15742;2013-02-06;118.07
15743;2013-02-07;118.83
15744;2013-02-08;119.84
15747;2013-02-11;119.62
15748;2013-02-12;119.48
15749;2013-02-13;119.6
15750;2013-02-14;119.23
15751;2013-02-15;118.15
15754;2013-02-18;118.99
15755;2013-02-19;119.77
15756;2013-02-20;117.71
15757;2013-02-21;116.61
15758;2013-02-22;118.31
15761;2013-02-25;118.47
15762;2013-02-26;117
15763;2013-02-27;118.68
15764;2013-02-28;119.34
15765;2013-03-01;118.7
15768;2013-03-04;119.54
15769;2013-03-05;122
15770;2013-03-06;121.98
15771;2013-03-07;121.03
15772;2013-03-08;123.76
15775;2013-03-11;123.64
15776;2013-03-12;123.15
15777;2013-03-13;123.23
15778;2013-03-14;125.02
15779;2013-03-15;123.77
15782;2013-03-18;123.45
15783;2013-03-19;122.53
15784;2013-03-20;123.54
15785;2013-03-21;122.43
15786;2013-03-22;122.37
15789;2013-03-25;120.3
15790;2013-03-26;119.5
15791;2013-03-27;118.91
15792;2013-03-28;118.15
15796;2013-04-01;119.76
15797;2013-04-02;117.76
15798;2013-04-03;118.17
15799;2013-04-04;116.84
15802;2013-04-07;116.53
15803;2013-04-08;118.23
15804;2013-04-09;121.81
15805;2013-04-10;122.61
15806;2013-04-11;121.37
15809;2013-04-14;120.25
15810;2013-04-15;120.2
15811;2013-04-16;119.06
15812;2013-04-17;117.28
15813;2013-04-18;117.93
15816;2013-04-21;119.26
15817;2013-04-22;122.49
15818;2013-04-23;124.33
15819;2013-04-24;125.4
15820;2013-04-25;124.71
15823;2013-04-28;125.89
15824;2013-04-29;125.64
15826;2013-05-01;127.33
15827;2013-05-02;128.84
15830;2013-05-05;128.86
15831;2013-05-06;129.98
15834;2013-05-09;132.36
15837;2013-05-12;132.41
15838;2013-05-13;133.85
15839;2013-05-14;135.44
15840;2013-05-15;135.06
15841;2013-05-16;137.35
15845;2013-05-20;137.66
15846;2013-05-21;138.39
15847;2013-05-22;135.7
15848;2013-05-23;134.63
15851;2013-05-26;134.88
15852;2013-05-27;137.36
15853;2013-05-28;135.6
15854;2013-05-29;135.29
15855;2013-05-30;134.47
15858;2013-06-02;132.89
15859;2013-06-03;133.15
15860;2013-06-04;130.89
15861;2013-06-05;128.98
15862;2013-06-06;131.37
15865;2013-06-09;131.48
15866;2013-06-10;129.44
15867;2013-06-11;127.57
15868;2013-06-12;128.59
15869;2013-06-13;127.98
15872;2013-06-16;129.6
15873;2013-06-17;130.2
15874;2013-06-18;128.8
15875;2013-06-19;127.37
15876;2013-06-20;126.03
15879;2013-06-23;124.18
15880;2013-06-24;125.37
15881;2013-06-25;127.41
15882;2013-06-26;129.04
15883;2013-06-27;128.5
15886;2013-06-30;129.23
15887;2013-07-01;129.36
15888;2013-07-02;129.05
15889;2013-07-03;131.84
15890;2013-07-04;131.91
15893;2013-07-07;132.57
15894;2013-07-08;134.71
15895;2013-07-09;133.71
15896;2013-07-10;134.16
15897;2013-07-11;133.8
15900;2013-07-14;134.01
15901;2013-07-15;133.16
15902;2013-07-16;133.59
15903;2013-07-17;135.72
15904;2013-07-18;134.72
15907;2013-07-21;135.23
15908;2013-07-22;135.72
15909;2013-07-23;137.01
15910;2013-07-24;136.38
15911;2013-07-25;136.46
15914;2013-07-28;136.24
15915;2013-07-29;137.22
15916;2013-07-30;136.45
15917;2013-07-31;139.05
15918;2013-08-01;138.54
15921;2013-08-04;138.21
15922;2013-08-05;136.97
15923;2013-08-06;136.75
15924;2013-08-07;137.21
15925;2013-08-08;138.72
15928;2013-08-11;139.06
15929;2013-08-12;140.55
15930;2013-08-13;139.53
15932;2013-08-15;138.28
15935;2013-08-18;137.5
15936;2013-08-19;136.21
15937;2013-08-20;136.81
15938;2013-08-21;137.43
15939;2013-08-22;137.79
15942;2013-08-25;137.57
15943;2013-08-26;136.43
15944;2013-08-27;136.87
15945;2013-08-28;138.26
15946;2013-08-29;137.62
15949;2013-09-01;138.5
15950;2013-09-02;139.74
15951;2013-09-03;139.69
15952;2013-09-04;141.08
15953;2013-09-05;140.68
15956;2013-09-08;140.24
15957;2013-09-09;141.22
15958;2013-09-10;141.64
15959;2013-09-11;142.12
15960;2013-09-12;142.21
15963;2013-09-15;142.17
15964;2013-09-16;141.94
15965;2013-09-17;142.24
15966;2013-09-18;140.85
15967;2013-09-19;140.97
15970;2013-09-22;140.01
15971;2013-09-23;140.79
15972;2013-09-24;140.88
15973;2013-09-25;141.61
15974;2013-09-26;141.02
15977;2013-09-29;139.61
15978;2013-09-30;140.36
15979;2013-10-01;139.91
15980;2013-10-02;139.38
15981;2013-10-03;140.02
15984;2013-10-06;139.84
15985;2013-10-07;138.97
15986;2013-10-08;140
15987;2013-10-09;142.15
15988;2013-10-10;142.61
15991;2013-10-13;142.94
15992;2013-10-14;144.54
15993;2013-10-15;145.69
15994;2013-10-16;143.91
15995;2013-10-17;144.31
15998;2013-10-20;144.82
15999;2013-10-21;144.35
16000;2013-10-22;143.05
16001;2013-10-23;144.09
16002;2013-10-24;143.72
16006;2013-10-28;144.01
16007;2013-10-29;145.96
16008;2013-10-30;146.5
16009;2013-10-31;147.54
16013;2013-11-04;148.02
16014;2013-11-05;147.76
16015;2013-11-06;148.54
16016;2013-11-07;148.86
16017;2013-11-08;149.77
16021;2013-11-12;149.87
16022;2013-11-13;150.24
16023;2013-11-14;150.4
16024;2013-11-15;150.9
16027;2013-11-18;150.86
16028;2013-11-19;150.21
16029;2013-11-20;150.37
16030;2013-11-21;151.86
16031;2013-11-22;151.67
16034;2013-11-25;152.11
16035;2013-11-26;150.98
16036;2013-11-27;151.35
16037;2013-11-28;151.94
16038;2013-11-29;151.99
16041;2013-12-02;152.04
16042;2013-12-03;150.48
16043;2013-12-04;150.2
16044;2013-12-05;147.72
16045;2013-12-06;148.44
16048;2013-12-09;149.18
16049;2013-12-10;148.26
16050;2013-12-11;147.62
16051;2013-12-12;147.05
16052;2013-12-13;146.78
16055;2013-12-16;147.85
16056;2013-12-17;147.39
16057;2013-12-18;148.99
16058;2013-12-19;151.51
16059;2013-12-20;152.35
16062;2013-12-23;153.05
16063;2013-12-24;153.34
16066;2013-12-27;154.7
16069;2013-12-30;154.31
16070;2013-12-31;154.88
16072;2014-01-02;154.83
16073;2014-01-03;155.03
16076;2014-01-06;154.76
16077;2014-01-07;156.93
16078;2014-01-08;157.86
16079;2014-01-09;157.96
16080;2014-01-10;157.83
16083;2014-01-13;157.48
16084;2014-01-14;157.96
16085;2014-01-15;161.61
16086;2014-01-16;160.79
16087;2014-01-17;161.55
16090;2014-01-20;161.1
16091;2014-01-21;161.14
16092;2014-01-22;160.78
16093;2014-01-23;158.57
16094;2014-01-24;155.82
16097;2014-01-27;154.64
16098;2014-01-28;155.44
16099;2014-01-29;155.3
16100;2014-01-30;156.71
16101;2014-01-31;156.33
16104;2014-02-03;152.79
16105;2014-02-04;152.48
16106;2014-02-05;153.03
16107;2014-02-06;154.98
16108;2014-02-07;156.69
16111;2014-02-10;156.66
16112;2014-02-11;158.13
16113;2014-02-12;159.55
16114;2014-02-13;158.53
16115;2014-02-14;158.35
16118;2014-02-17;158.8
16119;2014-02-18;160.03
16120;2014-02-19;159.51
16121;2014-02-20;159.58
16122;2014-02-21;160.39
16125;2014-02-24;161.3
16126;2014-02-25;161.31
16127;2014-02-26;161.32
16128;2014-02-27;161.01
16129;2014-02-28;160.21
16132;2014-03-03;157.73
16133;2014-03-04;161.05
16134;2014-03-05;161.36
16135;2014-03-06;161.51
16136;2014-03-07;160.73
16139;2014-03-10;160.11
16140;2014-03-11;160.13
16141;2014-03-12;158.63
16142;2014-03-13;156.5
16143;2014-03-14;154.6
16146;2014-03-17;156.38
16147;2014-03-18;157.17
16148;2014-03-19;157.37
16149;2014-03-20;158.58
16150;2014-03-21;158.19
16153;2014-03-24;157.18
16154;2014-03-25;158.19
16155;2014-03-26;158.71
16156;2014-03-27;159.1
16157;2014-03-28;160.8
16159;2014-03-30;160.77
16160;2014-03-31;162.28
16161;2014-04-01;163.28
16162;2014-04-02;164.17
16163;2014-04-03;164.18
16166;2014-04-06;161.79
16167;2014-04-07;159.79
16168;2014-04-08;160.42
16169;2014-04-09;157.76
16170;2014-04-10;156
16173;2014-04-13;156.96
16174;2014-04-14;156.56
16175;2014-04-15;159.52
16176;2014-04-16;159.73
16181;2014-04-21;161.84
16182;2014-04-22;161.19
16183;2014-04-23;162.11
16184;2014-04-24;160.56
16187;2014-04-27;160.78
16188;2014-04-28;162.87
16189;2014-04-29;162.37
16191;2014-05-01;163.17
16194;2014-05-04;162.99
16195;2014-05-05;161.24
16196;2014-05-06;160.71
16198;2014-05-08;162.88
16201;2014-05-11;164.03
16202;2014-05-12;164.95
16203;2014-05-13;164.3
16204;2014-05-14;161.85
16205;2014-05-15;161.51
16208;2014-05-18;161.47
16209;2014-05-19;161.75
16210;2014-05-20;163.33
16211;2014-05-21;164.23
16212;2014-05-22;165.8
16215;2014-05-25;166.98
16216;2014-05-26;167.92
16217;2014-05-27;168.46
16219;2014-05-29;168.41
16222;2014-06-01;170.18
16223;2014-06-02;169.76
16224;2014-06-03;170.22
16225;2014-06-04;170.97
16226;2014-06-05;171.95
16230;2014-06-09;172.58
16231;2014-06-10;171.82
16232;2014-06-11;170.77
16233;2014-06-12;171.29
16236;2014-06-15;170
16237;2014-06-16;170.68
16238;2014-06-17;171.13
16239;2014-06-18;171.2
16240;2014-06-19;171.37
16243;2014-06-22;171.08
16244;2014-06-23;170.79
16245;2014-06-24;169.41
16246;2014-06-25;169.13
16247;2014-06-26;168.14
16250;2014-06-29;166.8
16251;2014-06-30;168.11
16252;2014-07-01;168.49
16253;2014-07-02;170.32
16254;2014-07-03;170.4
16257;2014-07-06;169.13
16258;2014-07-07;166.92
16259;2014-07-08;166.94
16260;2014-07-09;165.7
16261;2014-07-10;166.23
16265;2014-07-14;168.19
16266;2014-07-15;171.41
16267;2014-07-16;170.21
16268;2014-07-17;170.28
16271;2014-07-20;169.26
16272;2014-07-21;171.74
16273;2014-07-22;171.87
16274;2014-07-23;172.95
16275;2014-07-24;173.29
16278;2014-07-27;173.03
16279;2014-07-28;174.04
16280;2014-07-29;174.15
16281;2014-07-30;172.58
16282;2014-07-31;170.2
16285;2014-08-03;170.57
16286;2014-08-04;169.76
16287;2014-08-05;168.26
16288;2014-08-06;166.79
16289;2014-08-07;165.18
16292;2014-08-10;167.26
16293;2014-08-11;166.51
16294;2014-08-12;167.95
16295;2014-08-13;167.49
16299;2014-08-17;168.11
16300;2014-08-18;169.98
16301;2014-08-19;170.54
16302;2014-08-20;172.53
16303;2014-08-21;172.01
16306;2014-08-24;174.29
16307;2014-08-25;175.05
16308;2014-08-26;174.85
16309;2014-08-27;173.76
16310;2014-08-28;173.54
16313;2014-08-31;173.74
16314;2014-09-01;175
16315;2014-09-02;176.38
16316;2014-09-03;179.7
16317;2014-09-04;179.94
16320;2014-09-07;179.89
16321;2014-09-08;179.81
16322;2014-09-09;180.68
16323;2014-09-10;180.19
16324;2014-09-11;180.31
16327;2014-09-14;179.67
16328;2014-09-15;179.68
16329;2014-09-16;180.13
16330;2014-09-17;182.24
16331;2014-09-18;184.1
16334;2014-09-21;182.82
16335;2014-09-22;181.14
16336;2014-09-23;183.15
16337;2014-09-24;182.66
16338;2014-09-25;184.62
16341;2014-09-28;184.21
16342;2014-09-29;185.15
16343;2014-09-30;183.7
16344;2014-10-01;177.79
16345;2014-10-02;182.32
16348;2014-10-05;180.61
16349;2014-10-06;178.27
16350;2014-10-07;176.93
16351;2014-10-08;174.44
16352;2014-10-09;172.63
16355;2014-10-12;171.58
16356;2014-10-13;171.13
16357;2014-10-14;164.75
16358;2014-10-15;163.67
16359;2014-10-16;167.04
16362;2014-10-19;167.47
16363;2014-10-20;171.22
16364;2014-10-21;173.3
16365;2014-10-22;176.03
16366;2014-10-23;175.93
16370;2014-10-27;173.43
16371;2014-10-28;173.85
16372;2014-10-29;173.61
16373;2014-10-30;175.47
16374;2014-10-31;182.85
16377;2014-11-03;183.98
16378;2014-11-04;179.99
16379;2014-11-05;184.83
16380;2014-11-06;185.54
16381;2014-11-07;185.49
16384;2014-11-10;184.98
16386;2014-11-12;182.64
16387;2014-11-13;184.19
16388;2014-11-14;185.09
16391;2014-11-17;185.78
16392;2014-11-18;187.08
16393;2014-11-19;187.38
16394;2014-11-20;185.65
16395;2014-11-21;191.73
16398;2014-11-24;191.81
16399;2014-11-25;191.65
16400;2014-11-26;190.53
16401;2014-11-27;189.85
16402;2014-11-28;191.59
16405;2014-12-01;190.91
16406;2014-12-02;193.81
16407;2014-12-03;195.95
16408;2014-12-04;191.55
16409;2014-12-05;195.69
16412;2014-12-08;195.13
16413;2014-12-09;190.38
16414;2014-12-10;187.9
16415;2014-12-11;187.21
16416;2014-12-12;182.51
16419;2014-12-15;178.89
16420;2014-12-16;178.08
16421;2014-12-17;181.34
16422;2014-12-18;189.04
16423;2014-12-19;191.14
16426;2014-12-22;190.79
16427;2014-12-23;193.82
16428;2014-12-24;193.85
16433;2014-12-29;193.25
16434;2014-12-30;190.78
16435;2014-12-31;191.34
16437;2015-01-02;192.81
16440;2015-01-05;187.67
16441;2015-01-06;185.07
16442;2015-01-07;187.98
16443;2015-01-08;193.18
16444;2015-01-09;188.54
16447;2015-01-12;188.84
16448;2015-01-13;191.12
16449;2015-01-14;187.07
16450;2015-01-15;196.21
16451;2015-01-16;200.19
16454;2015-01-19;198.92
16455;2015-01-20;203.31
16456;2015-01-21;204.3
16457;2015-01-22;209.63
16458;2015-01-23;212.22
16461;2015-01-26;213.58
16462;2015-01-27;209.4
16463;2015-01-28;208.31
16464;2015-01-29;210.35
16465;2015-01-30;210.17
16468;2015-02-02;211.35
16469;2015-02-03;212.68
16470;2015-02-04;212.62
16471;2015-02-05;213.57
16472;2015-02-06;215.32
16475;2015-02-09;214.2
16476;2015-02-10;216.53
16477;2015-02-11;216.83
16478;2015-02-12;217.96
16479;2015-02-13;220.11
16482;2015-02-16;219.8
16483;2015-02-17;220.47
16484;2015-02-18;222.87
16485;2015-02-19;222.75
16486;2015-02-20;224.48
16489;2015-02-23;224.22
16490;2015-02-24;226.16
16491;2015-02-25;225.14
16492;2015-02-26;227.97
16493;2015-02-27;228.18
16496;2015-03-02;228.98
16497;2015-03-03;227.64
16498;2015-03-04;228.85
16499;2015-03-05;231.46
16500;2015-03-06;233.44
16503;2015-03-09;233.63
16504;2015-03-10;232.92
16505;2015-03-11;235.94
16506;2015-03-12;236.51
16507;2015-03-13;237.56
16510;2015-03-16;238.51
16511;2015-03-17;238.19
16512;2015-03-18;238.57
16513;2015-03-19;239.8
16514;2015-03-20;238.59
16517;2015-03-23;235.99
16518;2015-03-24;235.8
16519;2015-03-25;233.07
16520;2015-03-26;232.93
16521;2015-03-27;233.07
16523;2015-03-29;236.12
16524;2015-03-30;235.63
16525;2015-03-31;234.92
16526;2015-04-01;233.12
16531;2015-04-06;236.81
16532;2015-04-07;238.07
16533;2015-04-08;241.63
16534;2015-04-09;243.6
16537;2015-04-12;244.68
16538;2015-04-13;242.23
16539;2015-04-14;245.32
16540;2015-04-15;242.57
16541;2015-04-16;238.48
16544;2015-04-19;240.47
16545;2015-04-20;241.03
16546;2015-04-21;242.52
16547;2015-04-22;241.84
16548;2015-04-23;242.46
16551;2015-04-26;243.14
16552;2015-04-27;240.67
16553;2015-04-28;236.44
16554;2015-04-29;234.05
16558;2015-05-03;236.81
16559;2015-05-04;233.47
16560;2015-05-05;230.45
16561;2015-05-06;232.59
16565;2015-05-10;238.74
16566;2015-05-11;235.64
16567;2015-05-12;232.88
16569;2015-05-14;233.35
16572;2015-05-17;234.98
16573;2015-05-18;241.18
16574;2015-05-19;242.43
16575;2015-05-20;242.51
16576;2015-05-21;244.18
16580;2015-05-25;244.32
16581;2015-05-26;247.44
16582;2015-05-27;246.18
16583;2015-05-28;243.34
16586;2015-05-31;244.17
16587;2015-06-01;239.86
16588;2015-06-02;238.87
16589;2015-06-03;237.53
16590;2015-06-04;239.07
16593;2015-06-07;235.01
16594;2015-06-08;233.27
16595;2015-06-09;235.71
16596;2015-06-10;238.83
16597;2015-06-11;236.22
16600;2015-06-14;234.44
16601;2015-06-15;234.72
16603;2015-06-17;230.92
16604;2015-06-18;232.83
16607;2015-06-21;236.8
16608;2015-06-22;241.83
16609;2015-06-23;242.08
16610;2015-06-24;241.53
16611;2015-06-25;242.47
16614;2015-06-28;236.65
16615;2015-06-29;235.62
16616;2015-06-30;238.91
16617;2015-07-01;239.4
16618;2015-07-02;238.65
16621;2015-07-05;235.53
16622;2015-07-06;235.82
16623;2015-07-07;233.48
16624;2015-07-08;237.73
16625;2015-07-09;239.25
16628;2015-07-12;244.06
16630;2015-07-14;246.84
16631;2015-07-15;249.75
16632;2015-07-16;250.95
16635;2015-07-19;251.12
16636;2015-07-20;249.45
16637;2015-07-21;248.4
16638;2015-07-22;245.96
16639;2015-07-23;244.41
16642;2015-07-26;240.46
16643;2015-07-27;242.63
16644;2015-07-28;243.72
16645;2015-07-29;247.43
16646;2015-07-30;245.05
16649;2015-08-02;246.02
16650;2015-08-03;245.32
16651;2015-08-04;249.9
16652;2015-08-05;248.85
16653;2015-08-06;248.24
16656;2015-08-09;248.88
16657;2015-08-10;244.88
16658;2015-08-11;240.35
16659;2015-08-12;241.12
16660;2015-08-13;240.65
16663;2015-08-16;241.49
16664;2015-08-17;241.24
16665;2015-08-18;237.05
16666;2015-08-19;230.99
16667;2015-08-20;223.62
16670;2015-08-23;211.04
16671;2015-08-24;218.81
16672;2015-08-25;221.5
16673;2015-08-26;232.18
16674;2015-08-27;233.18
16677;2015-08-30;231.41
16678;2015-08-31;224.09
16679;2015-09-01;226.83
16680;2015-09-02;232.9
16681;2015-09-03;226.83
16684;2015-09-06;226.44
16685;2015-09-07;229
16686;2015-09-08;231.14
16687;2015-09-09;228.4
16688;2015-09-10;225.77
16691;2015-09-13;224.65
16692;2015-09-14;226.57
16693;2015-09-15;227.74
16694;2015-09-16;226.91
16695;2015-09-17;219.55
16698;2015-09-20;222.82
16699;2015-09-21;217.92
16700;2015-09-22;219.44
16701;2015-09-23;212.58
16702;2015-09-24;219.8
16705;2015-09-27;213.87
16706;2015-09-28;213.12
16707;2015-09-29;218.86
16708;2015-09-30;218.22
16709;2015-10-01;219.59
16712;2015-10-04;227.27
16713;2015-10-05;228.29
16714;2015-10-06;230.89
16715;2015-10-07;230.87
16716;2015-10-08;231.26
16719;2015-10-11;230.76
16720;2015-10-12;227.88
16721;2015-10-13;224.33
16722;2015-10-14;227.65
16723;2015-10-15;230.25
16726;2015-10-18;230.65
16727;2015-10-19;229.48
16728;2015-10-20;231.21
16729;2015-10-21;238.88
16730;2015-10-22;245.06
16734;2015-10-26;244.88
16735;2015-10-27;242.28
16736;2015-10-28;245.69
16737;2015-10-29;244.87
16738;2015-10-30;242.61
16741;2015-11-02;244.25
16742;2015-11-03;246.4
16743;2015-11-04;248.75
16744;2015-11-05;247.92
16745;2015-11-06;252.42
16748;2015-11-09;249.9
16749;2015-11-10;251.34
16751;2015-11-12;244.83
16752;2015-11-13;243.57
16755;2015-11-16;245.01
16756;2015-11-17;250.92
16757;2015-11-18;253.19
16758;2015-11-19;253.05
16759;2015-11-20;253.56
16762;2015-11-23;253.24
16763;2015-11-24;252.28
16764;2015-11-25;253.95
16765;2015-11-26;256.35
16766;2015-11-27;256.16
16769;2015-11-30;255.97
16770;2015-12-01;257.97
16771;2015-12-02;256.83
16772;2015-12-03;245.63
16773;2015-12-04;244.15
16776;2015-12-07;244.08
16777;2015-12-08;239.1
16778;2015-12-09;237.2
16779;2015-12-10;236.95
16780;2015-12-11;233.07
16783;2015-12-14;226.86
16784;2015-12-15;233.14
16785;2015-12-16;234.6
16786;2015-12-17;240.68
16787;2015-12-18;235.57
16790;2015-12-21;232.98
16791;2015-12-22;232.68
16792;2015-12-23;240.49
16793;2015-12-24;238.5
16797;2015-12-28;236.63
16798;2015-12-29;241.11
16799;2015-12-30;239.13
16800;2015-12-31;239.35
16804;2016-01-04;232.46
16805;2016-01-05;235.16
16806;2016-01-06;230.46
16807;2016-01-07;221.13
16808;2016-01-08;215.8
16811;2016-01-11;216.47
16812;2016-01-12;216.75
16813;2016-01-13;217.8
16814;2016-01-14;217.72
16815;2016-01-15;206.73
16818;2016-01-18;205.86
16819;2016-01-19;207.91
16820;2016-01-20;197.56
16821;2016-01-21;202.82
16822;2016-01-22;213.82
16825;2016-01-25;211.06
16826;2016-01-26;212.77
16827;2016-01-27;213.07
16828;2016-01-28;209.79
16829;2016-01-29;218.77
16832;2016-02-01;217.6
16833;2016-02-02;210.82
16834;2016-02-03;202.78
16835;2016-02-04;203.51
16836;2016-02-05;198.54
16839;2016-02-08;190.82
16840;2016-02-09;181.81
16841;2016-02-10;183.95
16842;2016-02-11;172.43
16843;2016-02-12;176.97
16846;2016-02-15;191.5
16847;2016-02-16;191.29
16848;2016-02-17;197.66
16849;2016-02-18;199.84
16850;2016-02-19;195.84
16853;2016-02-22;204
16854;2016-02-23;199.15
16855;2016-02-24;192.84
16856;2016-02-25;198.76
16857;2016-02-26;206.71
16860;2016-02-29;206.31
16861;2016-03-01;213.25
16862;2016-03-02;220.17
16863;2016-03-03;219.24
16864;2016-03-04;219.31
16867;2016-03-07;218.1
16868;2016-03-08;213.56
16869;2016-03-09;215.06
16870;2016-03-10;210.95
16871;2016-03-11;220.73
16874;2016-03-14;223.99
16875;2016-03-15;219.64
16876;2016-03-16;219.64
16877;2016-03-17;214.36
16878;2016-03-18;215.29
16881;2016-03-21;214.78
16882;2016-03-22;217.39
16883;2016-03-23;215.68
16884;2016-03-24;212.58
16888;2016-03-28;214.61
16889;2016-03-29;213.52
16890;2016-03-30;209.6
16891;2016-03-31;203.93
16894;2016-04-03;201.32
16895;2016-04-04;193.67
16896;2016-04-05;194.36
16897;2016-04-06;190.27
16898;2016-04-07;194.65
16901;2016-04-10;195.46
16902;2016-04-11;199.9
16903;2016-04-12;212.41
16904;2016-04-13;217.55
16905;2016-04-14;214.2
16908;2016-04-17;213.12
16909;2016-04-18;218.04
16910;2016-04-19;223.47
16911;2016-04-20;229.1
16912;2016-04-21;231.28
16915;2016-04-24;227.03
16916;2016-04-25;227.39
16917;2016-04-26;226.73
16918;2016-04-27;220.61
16919;2016-04-28;211.48
16922;2016-05-01;209.84
16923;2016-05-02;204.6
16924;2016-05-03;202.66
16926;2016-05-05;204.46
16929;2016-05-08;206.08
16930;2016-05-09;211.79
16931;2016-05-10;208.87
16932;2016-05-11;209.41
16933;2016-05-12;210.47
16937;2016-05-16;211.26
16938;2016-05-17;214.45
16939;2016-05-18;214.88
16940;2016-05-19;217.75
16943;2016-05-22;215.81
16944;2016-05-23;221.34
16945;2016-05-24;227.4
16946;2016-05-25;226.81
16947;2016-05-26;228.3
16950;2016-05-29;230.07
16951;2016-05-30;230.07
16952;2016-05-31;224.84
16953;2016-06-01;222.53
16954;2016-06-02;214.42
16957;2016-06-05;214.29
16958;2016-06-06;217.84
16959;2016-06-07;216.28
16960;2016-06-08;214.53
16961;2016-06-09;209.66
16964;2016-06-12;202.03
16965;2016-06-13;197.77
16966;2016-06-14;200.61
16967;2016-06-15;195.01
16968;2016-06-16;197.82
16971;2016-06-19;204.99
16972;2016-06-20;209.39
16973;2016-06-21;209.73
16974;2016-06-22;211.88
16975;2016-06-23;192.81
16978;2016-06-26;193.71
16979;2016-06-27;191.55
16980;2016-06-28;194.37
16981;2016-06-29;193.62
16982;2016-06-30;195.17
16985;2016-07-03;195.14
16986;2016-07-04;189.17
16987;2016-07-05;184.49
16988;2016-07-06;184.51
16989;2016-07-07;188.86
16992;2016-07-10;194.28
16993;2016-07-11;205.27
16994;2016-07-12;203.5
16996;2016-07-14;209.74
16999;2016-07-17;210.41
17000;2016-07-18;210.2
17001;2016-07-19;213.28
17002;2016-07-20;217.15
17003;2016-07-21;213.76
17006;2016-07-24;212.8
17007;2016-07-25;210.78
17008;2016-07-26;216.19
17009;2016-07-27;207.87
17010;2016-07-28;210.32
17013;2016-07-31;207.81
17014;2016-08-01;199.51
17015;2016-08-02;199.31
17016;2016-08-03;201.22
17017;2016-08-04;205.69
17020;2016-08-07;211.12
17021;2016-08-08;215.09
17022;2016-08-09;214.13
17023;2016-08-10;213.97
17024;2016-08-11;215.38
17028;2016-08-15;210.05
17029;2016-08-16;207.63
17030;2016-08-17;204.62
17031;2016-08-18;202.24
17034;2016-08-21;202.86
17035;2016-08-22;205.8
17036;2016-08-23;209.33
17037;2016-08-24;207.48
17038;2016-08-25;208.64
17041;2016-08-28;211.13
17042;2016-08-29;214.21
17043;2016-08-30;217.27
17044;2016-08-31;215.93
17045;2016-09-01;217.67
17048;2016-09-04;218.96
17049;2016-09-05;217.21
17050;2016-09-06;217.53
17051;2016-09-07;216.79
17052;2016-09-08;219.44
17055;2016-09-11;213.59
17056;2016-09-12;213.25
17057;2016-09-13;212.08
17058;2016-09-14;210.16
17059;2016-09-15;207.24
17062;2016-09-18;207.48
17063;2016-09-19;207.64
17064;2016-09-20;212.62
17065;2016-09-21;212.27
17066;2016-09-22;211.19
17069;2016-09-25;205.6
17070;2016-09-26;207.16
17071;2016-09-27;208.26
17072;2016-09-28;209.23
17073;2016-09-29;208.94
17076;2016-10-02;209.33
17077;2016-10-03;214.35
17078;2016-10-04;216.13
17079;2016-10-05;219
17080;2016-10-06;217.77
17083;2016-10-09;220.14
17084;2016-10-10;221.34
17085;2016-10-11;221.32
17086;2016-10-12;217.87
17087;2016-10-13;221.89
17090;2016-10-16;222.39
17091;2016-10-17;225.9
17092;2016-10-18;227.25
17093;2016-10-19;230.2
17094;2016-10-20;231.76
17097;2016-10-23;234.49
17098;2016-10-24;234.91
17099;2016-10-25;233.88
17100;2016-10-26;234.24
17101;2016-10-27;234.64
17105;2016-10-31;232.96
17107;2016-11-02;221.75
17108;2016-11-03;221.88
17109;2016-11-04;219.41
17112;2016-11-07;227.56
17113;2016-11-08;228.24
17114;2016-11-09;228.22
17115;2016-11-10;234.08
17119;2016-11-14;237.94
17120;2016-11-15;241.08
17121;2016-11-16;240.92
17122;2016-11-17;243.06
17123;2016-11-18;243.02
17126;2016-11-21;242.88
17127;2016-11-22;245.15
17128;2016-11-23;245.25
17129;2016-11-24;245.03
17130;2016-11-25;244.64
17133;2016-11-28;243.33
17134;2016-11-29;244.36
17135;2016-11-30;246.16
17136;2016-12-01;243.57
17137;2016-12-02;241.85
17140;2016-12-05;242.03
17141;2016-12-06;246.57
17142;2016-12-07;250.98
17143;2016-12-08;259.01
17144;2016-12-09;261.79
17147;2016-12-12;260.57
17148;2016-12-13;263.79
17149;2016-12-14;261.65
17150;2016-12-15;269.53
17151;2016-12-16;269.72
17154;2016-12-19;269.11
17155;2016-12-20;271.81
17156;2016-12-21;270
17157;2016-12-22;268.21
17158;2016-12-23;268.29
17162;2016-12-27;268.49
17163;2016-12-28;269.38
17164;2016-12-29;264.89
17165;2016-12-30;263.42
17168;2017-01-02;264.34
17169;2017-01-03;270.83
17170;2017-01-04;270.3
17171;2017-01-05;267.63
17172;2017-01-06;269.05
17175;2017-01-09;269.79
17176;2017-01-10;267.3
17177;2017-01-11;270.19
17178;2017-01-12;264.14
17179;2017-01-13;267.35
17182;2017-01-16;265.79
17183;2017-01-17;261.7
17184;2017-01-18;261.74
17185;2017-01-19;264.24
17186;2017-01-20;264.14
17189;2017-01-23;260.31
17190;2017-01-24;261.13
17191;2017-01-25;266.46
17192;2017-01-26;269.72
17193;2017-01-27;268.23
17196;2017-01-30;266
17197;2017-01-31;260.24
17198;2017-02-01;263.62
17199;2017-02-02;261.43
17200;2017-02-03;263.38
17203;2017-02-06;261.67
17204;2017-02-07;261.61
17205;2017-02-08;261.28
17206;2017-02-09;264.79
17207;2017-02-10;267.54
17210;2017-02-13;270.94
17211;2017-02-14;271.62
17212;2017-02-15;273.26
17213;2017-02-16;269.56
17214;2017-02-17;268.8
17217;2017-02-20;270.02
17218;2017-02-21;274.13
17219;2017-02-22;275.08
17220;2017-02-23;273.27
17221;2017-02-24;271.92
17224;2017-02-27;271.21
17225;2017-02-28;271.02
17226;2017-03-01;279.08
17227;2017-03-02;281.4
17228;2017-03-03;282.33
17231;2017-03-06;280.31
17232;2017-03-07;280.54
17233;2017-03-08;281.88
17234;2017-03-09;281.76
17235;2017-03-10;281.75
17238;2017-03-13;281.52
17239;2017-03-14;280.76
17240;2017-03-15;281.42
17241;2017-03-16;279.77
17242;2017-03-17;278.77
17245;2017-03-20;277.96
17246;2017-03-21;274.79
17247;2017-03-22;272.58
17248;2017-03-23;274.55
17249;2017-03-24;276.16
17251;2017-03-26;271.59
17252;2017-03-27;275.6
17253;2017-03-28;279.85
17254;2017-03-29;279.94
17255;2017-03-30;279.87
17258;2017-04-02;281.46
17259;2017-04-03;279.11
17260;2017-04-04;279.76
17261;2017-04-05;278.53
17262;2017-04-06;279.89
17265;2017-04-09;281.27
17266;2017-04-10;279.1
17267;2017-04-11;277.89
17268;2017-04-12;275.54
17273;2017-04-17;274.01
17274;2017-04-18;273.08
17275;2017-04-19;272.58
17276;2017-04-20;275.48
17279;2017-04-23;278.91
17280;2017-04-24;278.9
17281;2017-04-25;281.27
17282;2017-04-26;280.87
17283;2017-04-27;280.34
17287;2017-05-01;282.38
17288;2017-05-02;281.78
17289;2017-05-03;282.55
17290;2017-05-04;282.72
17294;2017-05-08;288.43
17295;2017-05-09;289.81
17296;2017-05-10;289.62
17297;2017-05-11;288.49
17300;2017-05-14;287.85
17301;2017-05-15;285.65
17302;2017-05-16;280.29
17303;2017-05-17;279.35
17304;2017-05-18;279.33
17307;2017-05-21;279.22
17308;2017-05-22;279.87
17309;2017-05-23;281.1
17311;2017-05-25;280.5
17314;2017-05-28;280.3
17315;2017-05-29;279.13
17316;2017-05-30;277.23
17317;2017-05-31;279.97
17318;2017-06-01;281.15
17322;2017-06-05;278.61
17323;2017-06-06;278.77
17324;2017-06-07;281.16
17325;2017-06-08;283.24
17328;2017-06-11;282.17
17329;2017-06-12;283.11
17330;2017-06-13;281.42
17331;2017-06-14;282.31
17332;2017-06-15;282.3
17335;2017-06-18;286.31
17336;2017-06-19;286.55
17337;2017-06-20;285.99
17338;2017-06-21;286.23
17339;2017-06-22;284.9
17342;2017-06-25;285.92
17343;2017-06-26;283.67
17344;2017-06-27;283.54
17345;2017-06-28;280.28
17346;2017-06-29;277.85
17349;2017-07-02;282.24
17350;2017-07-03;282.69
17351;2017-07-04;282.63
17352;2017-07-05;280.8
17356;2017-07-09;283.78
17357;2017-07-10;283.52
17358;2017-07-11;284.9
17359;2017-07-12;285.57
17363;2017-07-16;283.05
17364;2017-07-17;278.02
17365;2017-07-18;279.53
17366;2017-07-19;277.68
17367;2017-07-20;274.03
17370;2017-07-23;273.03
17371;2017-07-24;274.54
17372;2017-07-25;276.3
17373;2017-07-26;274.98
17374;2017-07-27;272.2
17377;2017-07-30;270.12
17378;2017-07-31;272.48
17379;2017-08-01;271.72
17380;2017-08-02;271.92
17381;2017-08-03;276.87
17384;2017-08-06;275.54
17385;2017-08-07;277.74
17386;2017-08-08;273.43
17387;2017-08-09;271.25
17388;2017-08-10;268.78
17391;2017-08-13;272.3
17393;2017-08-15;277.05
17394;2017-08-16;272.38
17395;2017-08-17;270
17398;2017-08-20;266.78
17399;2017-08-21;269.94
17400;2017-08-22;267.92
17401;2017-08-23;268.11
17402;2017-08-24;266.69
17405;2017-08-27;263.44
17406;2017-08-28;258.74
17407;2017-08-29;264.32
17408;2017-08-30;266.58
17409;2017-08-31;267.16
17412;2017-09-03;264.24
17413;2017-09-04;262.07
17414;2017-09-05;262.25
17415;2017-09-06;260.77
17416;2017-09-07;259.52
17419;2017-09-10;264.6
17420;2017-09-11;268.77
17421;2017-09-12;271.46
17422;2017-09-13;272.4
17423;2017-09-14;269.81
17426;2017-09-17;271.44
17427;2017-09-18;272.96
17428;2017-09-19;272.05
17429;2017-09-20;276.85
17430;2017-09-21;275.72
17433;2017-09-24;278.01
17434;2017-09-25;279.21
17435;2017-09-26;283.29
17436;2017-09-27;282.02
17437;2017-09-28;281.98
17440;2017-10-01;284.07
17441;2017-10-02;286.09
17442;2017-10-03;284.62
17443;2017-10-04;287.6
17444;2017-10-05;287.46
17447;2017-10-08;287.37
17448;2017-10-09;284.59
17449;2017-10-10;284.73
17450;2017-10-11;284.35
17451;2017-10-12;283.9
17454;2017-10-15;286.02
17455;2017-10-16;288.63
17456;2017-10-17;288.84
17457;2017-10-18;287.29
17458;2017-10-19;289.13
17461;2017-10-22;290.6
17462;2017-10-23;291.58
17463;2017-10-24;289.44
17464;2017-10-25;294.01
17465;2017-10-26;298.64
17469;2017-10-30;298.07
17470;2017-10-31;297.81
17472;2017-11-02;299.26
17473;2017-11-03;299.35
17476;2017-11-06;300.54
17477;2017-11-07;301.39
17478;2017-11-08;300.64
17479;2017-11-09;298.19
17480;2017-11-10;295.66
17483;2017-11-13;293.63
17484;2017-11-14;289.24
17485;2017-11-15;285.91
17486;2017-11-16;287.57
17487;2017-11-17;286.29
17490;2017-11-20;287.78
17491;2017-11-21;290.09
17492;2017-11-22;288.37
17493;2017-11-23;288.43
17494;2017-11-24;287.11
17497;2017-11-27;286.11
17498;2017-11-28;287.62
17499;2017-11-29;290.65
17500;2017-11-30;288
17501;2017-12-01;285.13
17504;2017-12-04;288.33
17505;2017-12-05;288.85
17506;2017-12-06;287.92
17507;2017-12-07;291.31
17508;2017-12-08;295.13
17511;2017-12-11;292.8
17512;2017-12-12;294.95
17513;2017-12-13;291.91
17514;2017-12-14;289.97
17515;2017-12-15;287.45
17518;2017-12-18;291.01
17519;2017-12-19;289.13
17520;2017-12-20;285.59
17521;2017-12-21;287.78
17522;2017-12-22;286.64
17527;2017-12-27;283.1
17528;2017-12-28;278.23
17529;2017-12-29;276.06
17533;2018-01-02;275.17
17534;2018-01-03;278.83
17535;2018-01-04;284.35
17536;2018-01-05;288.39
17539;2018-01-08;291
17540;2018-01-09;293.72
17541;2018-01-10;292.98
17542;2018-01-11;290.5
17543;2018-01-12;288.41
17546;2018-01-15;286.27
17547;2018-01-16;287.25
17548;2018-01-17;285.48
17549;2018-01-18;284.62
17550;2018-01-19;287.93
17553;2018-01-22;288.58
17554;2018-01-23;288.87
17555;2018-01-24;283.68
17556;2018-01-25;277
17557;2018-01-26;279.34
17560;2018-01-29;280.79
17561;2018-01-30;275.8
17562;2018-01-31;271.66
17563;2018-02-01;271.36
17564;2018-02-02;271.86
17567;2018-02-05;272.37
17568;2018-02-06;261.7
17569;2018-02-07;269.54
17570;2018-02-08;265.8
17571;2018-02-09;258.81
17574;2018-02-12;262.16
17575;2018-02-13;254.85
17576;2018-02-14;255.51
17577;2018-02-15;251.36
17578;2018-02-16;256.14
17581;2018-02-19;259.08
17582;2018-02-20;262.35
17583;2018-02-21;263.58
17584;2018-02-22;261.61
17585;2018-02-23;261.83
17588;2018-02-26;264.67
17589;2018-02-27;268.01
17590;2018-02-28;267.72
17591;2018-03-01;263.02
17592;2018-03-02;253.11
17595;2018-03-05;250.85
17596;2018-03-06;251.61
17597;2018-03-07;251.69
17598;2018-03-08;255.45
17599;2018-03-09;253.47
17602;2018-03-12;257.91
17603;2018-03-13;254.4
17604;2018-03-14;254.31
17605;2018-03-15;257.32
17606;2018-03-16;260.14
17609;2018-03-19;255.2
17610;2018-03-20;257.29
17611;2018-03-21;255.45
17612;2018-03-22;253.35
17613;2018-03-23;245.36
17615;2018-03-25;241.81
17616;2018-03-26;249.66
17617;2018-03-27;251.58
17618;2018-03-28;256.88
17623;2018-04-02;255.87
17624;2018-04-03;254.23
17625;2018-04-04;263.16
17626;2018-04-05;260.6
17629;2018-04-08;260.61
17630;2018-04-09;261.36
17631;2018-04-10;258.73
17632;2018-04-11;261.8
17633;2018-04-12;262.94
17636;2018-04-15;262.37
17637;2018-04-16;264.78
17638;2018-04-17;265.45
17639;2018-04-18;267.53
17640;2018-04-19;270.09
17643;2018-04-22;273.19
17644;2018-04-23;274.76
17645;2018-04-24;274.66
17646;2018-04-25;277.68
17647;2018-04-26;277.86
17650;2018-04-29;278.85
17652;2018-05-01;283.54
17653;2018-05-02;281.31
17654;2018-05-03;282.57
17657;2018-05-06;282.8
17659;2018-05-08;283.93
17661;2018-05-10;283.12
17664;2018-05-13;282.24
17665;2018-05-14;284.92
17666;2018-05-15;282.66
17667;2018-05-16;284.2
17668;2018-05-17;282.59
17672;2018-05-21;283.8
17673;2018-05-22;281.34
17674;2018-05-23;276.15
17675;2018-05-24;275.39
17678;2018-05-27;273.74
17679;2018-05-28;266.42
17680;2018-05-29;263.72
17681;2018-05-30;259.83
17682;2018-05-31;264.3
17685;2018-06-03;264.58
17686;2018-06-04;259.8
17687;2018-06-05;257.79
17688;2018-06-06;259.92
17689;2018-06-07;258.04
17692;2018-06-10;261.57
17693;2018-06-11;261.89
17694;2018-06-12;263.69
17695;2018-06-13;267.51
17696;2018-06-14;266.22
17699;2018-06-17;263.68
17700;2018-06-18;265.29
17701;2018-06-19;266.13
17702;2018-06-20;261.24
17703;2018-06-21;263.06
17706;2018-06-24;258.69
17707;2018-06-25;258.95
17708;2018-06-26;260.87
17709;2018-06-27;260.03
17710;2018-06-28;261.14
17713;2018-07-01;257.96
17714;2018-07-02;258.22
17715;2018-07-03;262.07
17716;2018-07-04;264.02
17717;2018-07-05;262.62
17720;2018-07-08;265.13
17721;2018-07-09;264.36
17722;2018-07-10;260.31
17723;2018-07-11;261.65
17724;2018-07-12;261.82
17727;2018-07-15;261.57
17728;2018-07-16;263.11
17729;2018-07-17;263.82
17730;2018-07-18;262.08
17731;2018-07-19;257.81
17734;2018-07-22;259.47
17735;2018-07-23;267.48
17736;2018-07-24;264.04
17737;2018-07-25;269.2
17738;2018-07-26;274.55
17741;2018-07-29;273.57
17742;2018-07-30;273.62
17743;2018-07-31;272.81
17744;2018-08-01;267.1
17745;2018-08-02;268.11
17749;2018-08-06;268.87
17750;2018-08-07;267.92
17751;2018-08-08;267.07
17752;2018-08-09;259.1
17755;2018-08-12;253.35
17756;2018-08-13;253
17758;2018-08-15;248.97
17759;2018-08-16;245.13
17762;2018-08-19;244.62
17763;2018-08-20;244.66
17764;2018-08-21;243.61
17765;2018-08-22;242.41
17766;2018-08-23;242.26
17769;2018-08-26;245.83
17770;2018-08-27;243.29
17771;2018-08-28;243.12
17772;2018-08-29;239.71
17773;2018-08-30;235.74
17776;2018-09-02;235.84
17777;2018-09-03;240.62
17778;2018-09-04;239.22
17779;2018-09-05;235.75
17780;2018-09-06;233.97
17783;2018-09-09;236.7
17784;2018-09-10;236.11
17785;2018-09-11;236.05
17786;2018-09-12;238.46
17787;2018-09-13;240.39
17790;2018-09-16;242.75
17791;2018-09-17;246.68
17792;2018-09-18;254
17793;2018-09-19;255.73
17794;2018-09-20;257.09
17797;2018-09-23;255.96
17798;2018-09-24;257.36
17799;2018-09-25;259.87
17800;2018-09-26;260.48
17801;2018-09-27;250.62
17804;2018-09-30;248.37
17805;2018-10-01;248.87
17806;2018-10-02;249.57
17807;2018-10-03;254.01
17808;2018-10-04;252.48
17811;2018-10-07;249.42
17812;2018-10-08;248.26
17813;2018-10-09;254
17814;2018-10-10;246.94
17815;2018-10-11;246.51
17818;2018-10-14;249.66
17819;2018-10-15;250.52
17820;2018-10-16;251.13
17821;2018-10-17;250.63
17822;2018-10-18;247.08
17825;2018-10-21;244.92
17826;2018-10-22;241.96
17827;2018-10-23;239.25
17828;2018-10-24;243.89
17829;2018-10-25;239.76
17833;2018-10-29;247.55
17834;2018-10-30;247.57
17835;2018-10-31;252.92
17837;2018-11-02;256.31
17840;2018-11-05;254.54
17841;2018-11-06;255.56
17842;2018-11-07;256
17843;2018-11-08;254.63
17844;2018-11-09;253.44
17847;2018-11-12;253.48
17848;2018-11-13;255.85
17849;2018-11-14;254.69
17850;2018-11-15;248.58
17851;2018-11-16;244.97
17854;2018-11-19;244.11
17855;2018-11-20;241.14
17856;2018-11-21;244.14
17857;2018-11-22;241.49
17858;2018-11-23;244.62
17861;2018-11-26;252.28
17862;2018-11-27;252.76
17863;2018-11-28;251.02
17864;2018-11-29;249.05
17865;2018-11-30;247.68
17868;2018-12-03;253.07
17869;2018-12-04;245.69
17870;2018-12-05;246.01
17871;2018-12-06;233.1
17872;2018-12-07;235.31
17875;2018-12-10;226.18
17876;2018-12-11;229.4
17877;2018-12-12;236.72
17878;2018-12-13;239.45
17879;2018-12-14;237.31
17882;2018-12-17;236.79
17883;2018-12-18;234.23
17884;2018-12-19;234.6
17885;2018-12-20;226.73
17886;2018-12-21;220.4
17889;2018-12-24;222.63
17892;2018-12-27;221.84
17893;2018-12-28;225.29
17896;2018-12-31;229.75
17898;2019-01-02;234.85
17899;2019-01-03;234.2
17900;2019-01-04;240.11
17903;2019-01-07;242.1
17904;2019-01-08;244.68
17905;2019-01-09;243.55
17906;2019-01-10;242.5
17907;2019-01-11;242.46
17910;2019-01-14;245.67
17911;2019-01-15;246.62
17912;2019-01-16;252.59
17913;2019-01-17;248.9
17914;2019-01-18;257.38
17917;2019-01-21;255.56
17918;2019-01-22;254.44
17919;2019-01-23;255.21
17920;2019-01-24;254.98
17921;2019-01-25;258.88
17924;2019-01-28;253.31
17925;2019-01-29;253.53
17926;2019-01-30;253.05
17927;2019-01-31;246.39
17928;2019-02-01;244.87
17931;2019-02-04;242.52
17932;2019-02-05;249.54
17933;2019-02-06;252.07
17934;2019-02-07;244.44
17935;2019-02-08;239.09
17938;2019-02-11;240.84
17939;2019-02-12;244.91
17940;2019-02-13;243.55
17941;2019-02-14;238.39
17942;2019-02-15;245.35
17945;2019-02-18;248
17946;2019-02-19;249.63
17947;2019-02-20;252.07
17948;2019-02-21;250.48
17949;2019-02-22;249.83
17952;2019-02-25;254.89
17953;2019-02-26;257.25
17954;2019-02-27;260.62
17955;2019-02-28;267.51
17956;2019-03-01;269.35
17959;2019-03-04;271.66
17960;2019-03-05;272.16
17961;2019-03-06;276.27
17962;2019-03-07;270
17963;2019-03-08;263.5
17966;2019-03-11;269.1
17967;2019-03-12;268.21
17968;2019-03-13;270.44
17969;2019-03-14;274.26
17970;2019-03-15;275.29
17973;2019-03-18;279.27
17974;2019-03-19;282.28
17975;2019-03-20;277.21
17976;2019-03-21;272.1
17977;2019-03-22;267.32
17980;2019-03-25;264.78
17981;2019-03-26;264.77
17982;2019-03-27;272.42
17983;2019-03-28;267.21
17984;2019-03-29;268.53
17986;2019-03-31;280.67
17987;2019-04-01;283.6
17988;2019-04-02;285.87
17989;2019-04-03;289.63
17990;2019-04-04;288.49
17993;2019-04-07;285.73
17996;2019-04-10;287.31
17997;2019-04-11;293.57
18000;2019-04-14;294.47
18001;2019-04-15;296.62
18002;2019-04-16;301.22
18003;2019-04-17;303.54
18008;2019-04-22;301.8
18009;2019-04-23;295.89
18010;2019-04-24;297.61
18011;2019-04-25;298.11
18014;2019-04-28;300.58
18015;2019-04-29;300.33
18017;2019-05-01;299.61
18018;2019-05-02;297.08
18021;2019-05-05;293.1
18022;2019-05-06;284
18024;2019-05-08;272.74
18025;2019-05-09;275.49
18028;2019-05-12;272.14
18029;2019-05-13;273.42
18030;2019-05-14;274.34
18031;2019-05-15;280.24
18032;2019-05-16;281.85
18035;2019-05-19;277.6
18036;2019-05-20;280.2
18037;2019-05-21;274.58
18038;2019-05-22;270.67
18039;2019-05-23;269.86
18042;2019-05-26;269.85
18043;2019-05-27;269.91
18044;2019-05-28;268.23
18046;2019-05-30;258.98
18049;2019-06-02;252.05
18050;2019-06-03;263.8
18051;2019-06-04;262.79
18052;2019-06-05;259.61
18053;2019-06-06;259.36
18058;2019-06-11;267.08
18059;2019-06-12;267.07
18060;2019-06-13;268.35
18063;2019-06-16;268.15
18064;2019-06-17;272.4
18065;2019-06-18;274.91
18066;2019-06-19;266.48
18067;2019-06-20;260.9
18070;2019-06-23;255.62
18071;2019-06-24;251.79
18072;2019-06-25;259.86
18073;2019-06-26;263.52
18074;2019-06-27;264.68
18078;2019-07-01;272.91
18079;2019-07-02;277.29
18081;2019-07-04;287.31
18084;2019-07-07;283.4
18085;2019-07-08;281.89
18086;2019-07-09;279.37
18087;2019-07-10;282.48
18088;2019-07-11;283.71
18091;2019-07-14;284.54
18092;2019-07-15;286.88
18093;2019-07-16;279.85
18094;2019-07-17;274.59
18095;2019-07-18;269.03
18098;2019-07-21;267.01
18099;2019-07-22;279.87
18100;2019-07-23;281.69
18101;2019-07-24;283.97
18102;2019-07-25;280.01
18105;2019-07-28;277.72
18106;2019-07-29;266.03
18107;2019-07-30;265.43
18108;2019-07-31;263.29
18109;2019-08-01;251.61
18112;2019-08-04;244.99
18113;2019-08-05;244.35
18114;2019-08-06;240.12
18115;2019-08-07;244.16
18116;2019-08-08;237.74
18119;2019-08-11;231.12
18120;2019-08-12;240.27
18121;2019-08-13;227.23
18123;2019-08-15;233.1
18126;2019-08-18;234.18
18127;2019-08-19;232.17
18128;2019-08-20;230.84
18129;2019-08-21;238.5
18130;2019-08-22;231.49
18133;2019-08-25;233.16
18134;2019-08-26;231.58
18135;2019-08-27;234.42
18136;2019-08-28;235.56
18137;2019-08-29;237.23
18140;2019-09-01;235.41
18141;2019-09-02;236.75
18142;2019-09-03;241.33
18143;2019-09-04;254.79
18144;2019-09-05;256.74
18147;2019-09-08;268.96
18148;2019-09-09;277.66
18149;2019-09-10;278.21
18150;2019-09-11;279.12
18151;2019-09-12;291.4
18154;2019-09-15;292.4
18155;2019-09-16;284.59
18156;2019-09-17;285.26
18157;2019-09-18;292.5
18158;2019-09-19;294.32
18161;2019-09-22;287.55
18162;2019-09-23;284.49
18163;2019-09-24;286.97
18164;2019-09-25;283.94
18165;2019-09-26;286.22
18168;2019-09-29;288.15
18169;2019-09-30;286.29
18170;2019-10-01;277.39
18171;2019-10-02;270.69
18172;2019-10-03;272.75
18175;2019-10-06;272.97
18176;2019-10-07;271.11
18177;2019-10-08;270.72
18178;2019-10-09;282.92
18179;2019-10-10;294.09
18182;2019-10-13;293.7
18183;2019-10-14;301.09
18184;2019-10-15;305.04
18185;2019-10-16;301.73
18186;2019-10-17;301.18
18189;2019-10-20;306.69
18190;2019-10-21;304.92
18191;2019-10-22;306.52
18192;2019-10-23;305.96
18193;2019-10-24;309.55
18197;2019-10-28;311.18
18198;2019-10-29;309.77
18199;2019-10-30;305.35
18200;2019-10-31;303.63
18204;2019-11-04;312.65
18205;2019-11-05;319.87
18207;2019-11-07;326.2
18208;2019-11-08;325.97
18212;2019-11-12;327.47
18213;2019-11-13;319.31
18214;2019-11-14;317.42
18215;2019-11-15;322.05
18218;2019-11-18;317.73
18219;2019-11-19;317.4
18220;2019-11-20;316.96
18221;2019-11-21;319.06
18222;2019-11-22;322.62
18225;2019-11-25;322.83
18226;2019-11-26;320.33
18227;2019-11-27;322.57
18228;2019-11-28;320.07
18229;2019-11-29;317.63
18232;2019-12-02;315.64
18233;2019-12-03;309.58
18234;2019-12-04;314.53
18235;2019-12-05;315.89
18236;2019-12-06;318.91
18239;2019-12-09;317.85
18240;2019-12-10;316.28
18241;2019-12-11;318.54
18242;2019-12-12;325.8
18243;2019-12-13;328.85
18246;2019-12-16;333.33
18247;2019-12-17;333.8
18248;2019-12-18;332.31
18249;2019-12-19;333.41
18250;2019-12-20;334.69
18253;2019-12-23;331.21
18254;2019-12-24;330.32
18257;2019-12-27;330.58
18260;2019-12-30;326.98
18261;2019-12-31;325.88
18263;2020-01-02;334.59
18264;2020-01-03;330.81
18267;2020-01-06;328.04
18268;2020-01-07;332.26
18269;2020-01-08;334.28
18270;2020-01-09;338.75
18271;2020-01-10;337.08
18274;2020-01-13;333.57
18275;2020-01-14;333.69
18276;2020-01-15;327.25
18277;2020-01-16;327.64
18278;2020-01-17;329.52
18281;2020-01-20;330.3
18282;2020-01-21;325.89
18283;2020-01-22;328.64
18284;2020-01-23;324.07
18285;2020-01-24;321.52
18288;2020-01-27;312.36
18289;2020-01-28;320.13
18290;2020-01-29;322.2
18291;2020-01-30;314.94
18292;2020-01-31;307.03
18295;2020-02-03;307.24
18296;2020-02-04;319.82
18297;2020-02-05;328.72
18298;2020-02-06;336.5
18299;2020-02-07;333.29
18302;2020-02-10;331.33
18303;2020-02-11;335.23
18304;2020-02-12;342.61
18305;2020-02-13;338.39
18306;2020-02-14;333
18309;2020-02-17;336.5
18310;2020-02-18;329.41
18311;2020-02-19;330.25
18312;2020-02-20;328.81
18313;2020-02-21;321.84
18316;2020-02-24;306.14
18317;2020-02-25;287.58
18318;2020-02-26;287.54
18319;2020-02-27;270.48
18320;2020-02-28;263.1
18323;2020-03-02;261.52
18324;2020-03-03;251.24
18325;2020-03-04;253.29
18326;2020-03-05;229.31
18327;2020-03-06;218.47
18330;2020-03-09;151.77
18331;2020-03-10;154.94
18332;2020-03-11;164.39
