11967;2002-10-07;0.71
11968;2002-10-08;0.71
11969;2002-10-09;0.67
11970;2002-10-10;0.67
11971;2002-10-11;0.67
11974;2002-10-14;0.67
11975;2002-10-15;0.67
11976;2002-10-16;0.66
11977;2002-10-17;0.66
11978;2002-10-18;0.66
11981;2002-10-21;0.66
11982;2002-10-22;0.66
11983;2002-10-23;0.66
11984;2002-10-24;0.71
11985;2002-10-25;0.73
11988;2002-10-28;0.71
11989;2002-10-29;0.71
12013;2002-11-22;0.73
12020;2002-11-29;0.74
12027;2002-12-06;0.71
12034;2002-12-13;0.68
12041;2002-12-20;0.68
12048;2002-12-27;0.66
12055;2003-01-03;0.69
12062;2003-01-10;0.69
12069;2003-01-17;0.68
12076;2003-01-24;0.65
12083;2003-01-31;0.62
12090;2003-02-07;0.62
12097;2003-02-14;0.61
12104;2003-02-21;0.61
12111;2003-02-28;0.61
12118;2003-03-07;0.58
12125;2003-03-14;0.6
12130;2003-03-19;0.6264
12131;2003-03-20;0.6322
12132;2003-03-21;0.6415
12138;2003-03-27;0.6205
12139;2003-03-28;0.62
12144;2003-04-02;0.608
12145;2003-04-03;0.6258
12158;2003-04-16;0.6397
12164;2003-04-22;0.6351
12165;2003-04-23;0.6476
12166;2003-04-24;0.646
12167;2003-04-25;0.6374
12171;2003-04-29;0.6467
12172;2003-04-30;0.6436
12173;2003-05-01;0.6405
12174;2003-05-02;0.6348
12178;2003-05-06;0.6458
12179;2003-05-07;0.6488
12181;2003-05-09;0.6328
12184;2003-05-12;0.6368
12185;2003-05-13;0.6468
12186;2003-05-14;0.6495
12188;2003-05-16;0.6533
12192;2003-05-20;0.6285
12194;2003-05-22;0.627
12198;2003-05-26;0.6323
12199;2003-05-27;0.6248
12202;2003-05-30;0.6432
12206;2003-06-03;0.6538
12208;2003-06-05;0.6661
12209;2003-06-06;0.6647
12214;2003-06-11;0.6699
12219;2003-06-16;0.6649
12220;2003-06-17;0.6796
12221;2003-06-18;0.6866
12223;2003-06-20;0.6842
12226;2003-06-23;0.6889
12228;2003-06-25;0.68
12229;2003-06-26;0.6803
12234;2003-07-01;0.6745
12236;2003-07-03;0.6907
12237;2003-07-04;0.6887
12241;2003-07-08;0.7119
12242;2003-07-09;0.7081
12244;2003-07-11;0.6982
12248;2003-07-15;0.7117
12249;2003-07-16;0.7205
12250;2003-07-17;0.7045
12251;2003-07-18;0.7034
12255;2003-07-22;0.6916
12256;2003-07-23;0.6955
12257;2003-07-24;0.6943
12258;2003-07-25;0.696
12261;2003-07-28;0.7049
12262;2003-07-29;0.704
12264;2003-07-31;0.7028
12265;2003-08-01;0.7167
12275;2003-08-11;0.7045
12277;2003-08-13;0.7162
12282;2003-08-18;0.7262
12283;2003-08-19;0.7397
12284;2003-08-20;0.7431
12285;2003-08-21;0.751
12286;2003-08-22;0.7573
12290;2003-08-26;0.7557
12291;2003-08-27;0.7526
12292;2003-08-28;0.7621
12293;2003-08-29;0.7631
12297;2003-09-02;0.7737
12299;2003-09-04;0.7848
12306;2003-09-11;0.7546
12307;2003-09-12;0.7646
12317;2003-09-22;0.7521
12319;2003-09-24;0.7539
12321;2003-09-26;0.734
12326;2003-10-01;0.7192
12327;2003-10-02;0.7344
12332;2003-10-07;0.7445
12334;2003-10-09;0.7486
12338;2003-10-13;0.7619
12348;2003-10-23;0.7424
12353;2003-10-28;0.7501
12354;2003-10-29;0.7586
12355;2003-10-30;0.7602
12359;2003-11-03;0.7675
12360;2003-11-04;0.7811
12366;2003-11-10;0.78
12368;2003-11-12;0.7638
12369;2003-11-13;0.7703
12370;2003-11-14;0.765
12373;2003-11-17;0.7529
12374;2003-11-18;0.752
12375;2003-11-19;0.7378
12377;2003-11-21;0.7415
12380;2003-11-24;0.7445
12381;2003-11-25;0.7536
12382;2003-11-26;0.7556
12383;2003-11-27;0.7536
12384;2003-11-28;0.75
12387;2003-12-01;0.7542
12388;2003-12-02;0.7632
12389;2003-12-03;0.7561
12390;2003-12-04;0.7576
12391;2003-12-05;0.7571
12394;2003-12-08;0.7451
12395;2003-12-09;0.749
12396;2003-12-10;0.7449
12397;2003-12-11;0.7509
12398;2003-12-12;0.7553
12401;2003-12-15;0.7611
12402;2003-12-16;0.7502
12403;2003-12-17;0.7489
12404;2003-12-18;0.7495
12405;2003-12-19;0.7557
12408;2003-12-22;0.758
12409;2003-12-23;0.7613
12410;2003-12-24;0.7627
12419;2004-01-02;0.7695
12422;2004-01-05;0.7744
12423;2004-01-06;0.7778
12424;2004-01-07;0.7799
12425;2004-01-08;0.7859
12426;2004-01-09;0.7842
12429;2004-01-12;0.7743
12430;2004-01-13;0.7824
12432;2004-01-15;0.7847
12436;2004-01-19;0.8031
12437;2004-01-20;0.7971
12438;2004-01-21;0.793
12439;2004-01-22;0.7907
12440;2004-01-23;0.7891
12443;2004-01-26;0.7933
12444;2004-01-27;0.8031
12445;2004-01-28;0.7934
12447;2004-01-30;0.7915
12450;2004-02-02;0.7864
12451;2004-02-03;0.7805
12452;2004-02-04;0.7803
12453;2004-02-05;0.7775
12454;2004-02-06;0.7816
12457;2004-02-09;0.7824
12458;2004-02-10;0.781
12459;2004-02-11;0.789
12460;2004-02-12;0.7877
12461;2004-02-13;0.7868
12464;2004-02-16;0.7869
12466;2004-02-18;0.7883
12467;2004-02-19;0.7968
12471;2004-02-23;0.7959
12472;2004-02-24;0.786
12473;2004-02-25;0.7799
12474;2004-02-26;0.7916
12478;2004-03-01;0.8
12479;2004-03-02;0.81
12480;2004-03-03;0.8189
12481;2004-03-04;0.8162
12482;2004-03-05;0.8196
12485;2004-03-08;0.8115
12486;2004-03-09;0.8102
12487;2004-03-10;0.808
12488;2004-03-11;0.7951
12489;2004-03-12;0.7872
12493;2004-03-16;0.7785
12495;2004-03-18;0.7981
12496;2004-03-19;0.7912
12499;2004-03-22;0.7831
12500;2004-03-23;0.7818
12501;2004-03-24;0.7845
12502;2004-03-25;0.7915
12506;2004-03-29;0.8021
12507;2004-03-30;0.8019
12508;2004-03-31;0.8087
12509;2004-04-01;0.8065
12513;2004-04-05;0.8305
12514;2004-04-06;0.8359
12516;2004-04-08;0.8331
12521;2004-04-13;0.8454
12522;2004-04-14;0.8372
12523;2004-04-15;0.8313
12524;2004-04-16;0.83
12528;2004-04-20;0.837
12529;2004-04-21;0.8381
12530;2004-04-22;0.8319
12531;2004-04-23;0.8372
12534;2004-04-26;0.8391
12535;2004-04-27;0.8371
12536;2004-04-28;0.8328
12537;2004-04-29;0.8215
12538;2004-04-30;0.8071
12542;2004-05-04;0.8049
12543;2004-05-05;0.8039
12544;2004-05-06;0.8026
12548;2004-05-10;0.7845
12549;2004-05-11;0.7786
12550;2004-05-12;0.7873
12551;2004-05-13;0.7829
12555;2004-05-17;0.7593
12556;2004-05-18;0.7595
12557;2004-05-19;0.7725
12558;2004-05-20;0.7734
12562;2004-05-24;0.7774
12564;2004-05-26;0.7792
12565;2004-05-27;0.7801
12566;2004-05-28;0.7815
12570;2004-06-01;0.7788
12572;2004-06-03;0.7745
12573;2004-06-04;0.774
12577;2004-06-08;0.7863
12578;2004-06-09;0.7924
12579;2004-06-10;0.7913
12580;2004-06-11;0.7951
12583;2004-06-14;0.7891
12584;2004-06-15;0.7824
12585;2004-06-16;0.7906
12586;2004-06-17;0.7923
12587;2004-06-18;0.7916
12590;2004-06-21;0.7934
12591;2004-06-22;0.7899
12592;2004-06-23;0.7894
12593;2004-06-24;0.7965
12594;2004-06-25;0.7962
12597;2004-06-28;0.7931
12598;2004-06-29;0.7897
12599;2004-06-30;0.7935
12600;2004-07-01;0.7967
12601;2004-07-02;0.7937
12604;2004-07-05;0.7891
12605;2004-07-06;0.7898
12606;2004-07-07;0.7843
12607;2004-07-08;0.7842
12608;2004-07-09;0.7808
12611;2004-07-12;0.786
12612;2004-07-13;0.7873
12613;2004-07-14;0.7815
12614;2004-07-15;0.7807
12615;2004-07-16;0.7818
12619;2004-07-20;0.7792
12620;2004-07-21;0.7895
12621;2004-07-22;0.7811
12622;2004-07-23;0.7809
12625;2004-07-26;0.7779
12626;2004-07-27;0.7745
12627;2004-07-28;0.7852
12628;2004-07-29;0.7834
12629;2004-07-30;0.7866
12633;2004-08-03;0.7895
12634;2004-08-04;0.7863
12635;2004-08-05;0.7863
12639;2004-08-09;0.7596
12641;2004-08-11;0.7661
12642;2004-08-12;0.7619
12643;2004-08-13;0.7546
12646;2004-08-16;0.7486
12647;2004-08-17;0.756
12649;2004-08-19;0.7631
12650;2004-08-20;0.7632
12653;2004-08-23;0.7698
12654;2004-08-24;0.7756
12655;2004-08-25;0.7783
12657;2004-08-27;0.7865
12661;2004-08-31;0.7839
12662;2004-09-01;0.7866
12663;2004-09-02;0.7897
12664;2004-09-03;0.7924
12667;2004-09-06;0.7962
12668;2004-09-07;0.7953
12669;2004-09-08;0.7995
12670;2004-09-09;0.7907
12671;2004-09-10;0.7925
12674;2004-09-13;0.7961
12675;2004-09-14;0.7988
12676;2004-09-15;0.8019
12677;2004-09-16;0.8027
12678;2004-09-17;0.8038
12681;2004-09-20;0.8077
12682;2004-09-21;0.8046
12684;2004-09-23;0.7952
12685;2004-09-24;0.7955
12688;2004-09-27;0.7961
12689;2004-09-28;0.792
12691;2004-09-30;0.7998
12692;2004-10-01;0.7992
12695;2004-10-04;0.8158
12696;2004-10-05;0.8215
12697;2004-10-06;0.8211
12699;2004-10-08;0.8183
12702;2004-10-11;0.8125
12704;2004-10-13;0.8111
12705;2004-10-14;0.8009
12706;2004-10-15;0.797
12709;2004-10-18;0.7953
12710;2004-10-19;0.8002
12711;2004-10-20;0.7874
12713;2004-10-22;0.791
12717;2004-10-26;0.777
12718;2004-10-27;0.7843
12719;2004-10-28;0.7967
12720;2004-10-29;0.7942
12725;2004-11-03;0.8062
12726;2004-11-04;0.8042
12727;2004-11-05;0.81
12730;2004-11-08;0.8076
12731;2004-11-09;0.8059
12732;2004-11-10;0.8066
12733;2004-11-11;0.8114
12734;2004-11-12;0.8171
12737;2004-11-15;0.821
12738;2004-11-16;0.8163
12739;2004-11-17;0.8138
12740;2004-11-18;0.8181
12741;2004-11-19;0.8176
12744;2004-11-22;0.81
12746;2004-11-24;0.8152
12747;2004-11-25;0.8173
12748;2004-11-26;0.8157
12751;2004-11-29;0.8194
12752;2004-11-30;0.8138
12753;2004-12-01;0.8147
12754;2004-12-02;0.8216
12755;2004-12-03;0.8199
12759;2004-12-07;0.8123
12760;2004-12-08;0.8109
12761;2004-12-09;0.8095
12762;2004-12-10;0.8104
12765;2004-12-13;0.81
12766;2004-12-14;0.8124
12767;2004-12-15;0.8143
12772;2004-12-20;0.8211
12774;2004-12-22;0.827
12775;2004-12-23;0.8241
12776;2004-12-24;0.824
12782;2004-12-30;0.8286
12787;2005-01-04;0.8377
12788;2005-01-05;0.8348
12789;2005-01-06;0.8328
12790;2005-01-07;0.8342
12793;2005-01-10;0.8377
12794;2005-01-11;0.8367
12795;2005-01-12;0.8365
12796;2005-01-13;0.8355
12797;2005-01-14;0.8402
12800;2005-01-17;0.8455
12801;2005-01-18;0.8436
12802;2005-01-19;0.8444
12803;2005-01-20;0.8438
12804;2005-01-21;0.8391
12807;2005-01-24;0.8351
12808;2005-01-25;0.837
12809;2005-01-26;0.8444
12810;2005-01-27;0.845
12811;2005-01-28;0.8473
12815;2005-02-01;0.8495
12816;2005-02-02;0.8525
12818;2005-02-04;0.8616
12821;2005-02-07;0.8723
12822;2005-02-08;0.8756
12823;2005-02-09;0.8752
12824;2005-02-10;0.8732
12828;2005-02-14;0.8722
12829;2005-02-15;0.8747
12830;2005-02-16;0.8719
12831;2005-02-17;0.8707
12832;2005-02-18;0.8714
12835;2005-02-21;0.8708
12836;2005-02-22;0.8645
12837;2005-02-23;0.8585
12838;2005-02-24;0.8599
12839;2005-02-25;0.8688
12842;2005-02-28;0.874
12843;2005-03-01;0.8759
12844;2005-03-02;0.8813
12845;2005-03-03;0.8829
12846;2005-03-04;0.8845
12849;2005-03-07;0.8881
12850;2005-03-08;0.8841
12851;2005-03-09;0.8788
12852;2005-03-10;0.8695
12853;2005-03-11;0.8683
12856;2005-03-14;0.8671
12857;2005-03-15;0.87
12858;2005-03-16;0.8684
12860;2005-03-18;0.867
12863;2005-03-21;0.8689
12864;2005-03-22;0.8645
12865;2005-03-23;0.8669
12866;2005-03-24;0.8684
12871;2005-03-29;0.867
12872;2005-03-30;0.8639
12873;2005-03-31;0.8692
12874;2005-04-01;0.872
12877;2005-04-04;0.8728
12878;2005-04-05;0.8778
12879;2005-04-06;0.8777
12880;2005-04-07;0.8812
12881;2005-04-08;0.8863
12884;2005-04-11;0.8782
12885;2005-04-12;0.8774
12886;2005-04-13;0.881
12887;2005-04-14;0.8814
12888;2005-04-15;0.8723
12891;2005-04-18;0.8517
12892;2005-04-19;0.8552
12893;2005-04-20;0.8577
12894;2005-04-21;0.8492
12895;2005-04-22;0.8575
12898;2005-04-25;0.8604
12899;2005-04-26;0.862
12900;2005-04-27;0.8603
12901;2005-04-28;0.8585
12902;2005-04-29;0.8555
12906;2005-05-03;0.8676
12907;2005-05-04;0.8658
12908;2005-05-05;0.8718
12909;2005-05-06;0.8724
12912;2005-05-09;0.878
12913;2005-05-10;0.8794
12914;2005-05-11;0.8739
12915;2005-05-12;0.8796
12916;2005-05-13;0.8796
12919;2005-05-16;0.8767
12920;2005-05-17;0.8766
12921;2005-05-18;0.8818
12922;2005-05-19;0.887
12923;2005-05-20;0.8909
12926;2005-05-23;0.8931
12927;2005-05-24;0.8919
12928;2005-05-25;0.8931
12929;2005-05-26;0.8953
12930;2005-05-27;0.8986
12933;2005-05-30;0.9039
12934;2005-05-31;0.9126
12935;2005-06-01;0.918
12936;2005-06-02;0.9222
12937;2005-06-03;0.9235
12941;2005-06-07;0.9219
12942;2005-06-08;0.9234
12943;2005-06-09;0.9258
12944;2005-06-10;0.9326
12947;2005-06-13;0.9408
12948;2005-06-14;0.9374
12949;2005-06-15;0.9427
12950;2005-06-16;0.9418
12951;2005-06-17;0.944
12954;2005-06-20;0.9439
12955;2005-06-21;0.9521
12956;2005-06-22;0.9518
12957;2005-06-23;0.9551
12958;2005-06-24;0.9477
12961;2005-06-27;0.9347
12962;2005-06-28;0.941
12963;2005-06-29;0.9455
12964;2005-06-30;0.9479
12965;2005-07-01;0.9437
12968;2005-07-04;0.9537
12969;2005-07-05;0.9525
12970;2005-07-06;0.9574
12971;2005-07-07;0.9379
12972;2005-07-08;0.9511
12975;2005-07-11;0.9566
12976;2005-07-12;0.9541
12977;2005-07-13;0.9542
12978;2005-07-14;0.9636
12979;2005-07-15;0.9599
12982;2005-07-18;0.9602
12983;2005-07-19;0.9629
12984;2005-07-20;0.964
12985;2005-07-21;0.9633
12986;2005-07-22;0.9614
12989;2005-07-25;0.9666
12990;2005-07-26;0.966
12991;2005-07-27;0.9686
12992;2005-07-28;0.9709
12993;2005-07-29;0.9787
12997;2005-08-02;0.9752
12998;2005-08-03;0.9773
12999;2005-08-04;0.9743
13000;2005-08-05;0.9695
13003;2005-08-08;0.969
13004;2005-08-09;0.968
13005;2005-08-10;0.9788
13006;2005-08-11;0.9778
13007;2005-08-12;0.9757
13010;2005-08-15;0.9779
13011;2005-08-16;0.9833
13012;2005-08-17;0.973
13013;2005-08-18;0.9758
13014;2005-08-19;0.9763
13017;2005-08-22;0.9779
13018;2005-08-23;0.977
13019;2005-08-24;0.9733
13020;2005-08-25;0.9655
13021;2005-08-26;0.9686
13024;2005-08-29;0.9595
13025;2005-08-30;0.9709
13026;2005-08-31;0.9723
13027;2005-09-01;0.974
13028;2005-09-02;0.9695
13031;2005-09-05;0.9716
13032;2005-09-06;0.977
13033;2005-09-07;0.9829
13034;2005-09-08;0.9866
13035;2005-09-09;0.9894
13038;2005-09-12;1.0012
13039;2005-09-13;0.9991
13040;2005-09-14;0.9977
13041;2005-09-15;1.0014
13042;2005-09-16;1.002
13045;2005-09-19;1.0123
13046;2005-09-20;1.0164
13047;2005-09-21;1.0086
13048;2005-09-22;1.0039
13049;2005-09-23;1.009
13052;2005-09-26;1.0198
13053;2005-09-27;1.0228
13054;2005-09-28;1.0268
13055;2005-09-29;1.0336
13056;2005-09-30;1.0362
13059;2005-10-03;1.0443
13060;2005-10-04;1.046
13061;2005-10-05;1.0337
13062;2005-10-06;1.0067
13063;2005-10-07;0.9918
13066;2005-10-10;0.9991
13067;2005-10-11;1.0078
13068;2005-10-12;1.0069
13069;2005-10-13;0.9979
13070;2005-10-14;0.988
13073;2005-10-17;0.9866
13074;2005-10-18;0.9949
13075;2005-10-19;0.9765
13076;2005-10-20;0.9876
13077;2005-10-21;0.9705
13080;2005-10-24;0.9774
13081;2005-10-25;0.9816
13082;2005-10-26;0.9836
13083;2005-10-27;0.9766
13084;2005-10-28;0.9647
13088;2005-11-01;0.9968
13089;2005-11-02;1.0013
13090;2005-11-03;1.0091
13091;2005-11-04;1.0242
13094;2005-11-07;1.0266
13095;2005-11-08;1.0317
13096;2005-11-09;1.0303
13097;2005-11-10;1.0257
13098;2005-11-11;1.0344
13101;2005-11-14;1.0323
13102;2005-11-15;1.0289
13103;2005-11-16;1.0219
13104;2005-11-17;1.0322
13105;2005-11-18;1.0411
13108;2005-11-21;1.0313
13109;2005-11-22;1.0388
13110;2005-11-23;1.0383
13111;2005-11-24;1.0329
13112;2005-11-25;1.0403
13115;2005-11-28;1.0472
13116;2005-11-29;1.0344
13117;2005-11-30;1.0343
13118;2005-12-01;1.0362
13119;2005-12-02;1.0575
13122;2005-12-05;1.0619
13123;2005-12-06;1.0627
13124;2005-12-07;1.0749
13125;2005-12-08;1.0619
13126;2005-12-09;1.0629
13129;2005-12-12;1.0609
13130;2005-12-13;1.0576
13131;2005-12-14;1.055
13132;2005-12-15;1.0549
13133;2005-12-16;1.0535
13136;2005-12-19;1.0524
13137;2005-12-20;1.0571
13138;2005-12-21;1.0674
13139;2005-12-22;1.074
13140;2005-12-23;1.0734
13146;2005-12-29;1.0769
13147;2005-12-30;1.0767
13151;2006-01-03;1.0802
13152;2006-01-04;1.0877
13153;2006-01-05;1.0961
13154;2006-01-06;1.0952
13157;2006-01-09;1.1097
13158;2006-01-10;1.1023
13159;2006-01-11;1.1017
13160;2006-01-12;1.1046
13161;2006-01-13;1.1044
13164;2006-01-16;1.1028
13165;2006-01-17;1.1007
13166;2006-01-18;1.0818
13167;2006-01-19;1.0914
13168;2006-01-20;1.1063
13171;2006-01-23;1.0822
13172;2006-01-24;1.0925
13173;2006-01-25;1.0978
13174;2006-01-26;1.1075
13175;2006-01-27;1.1263
13178;2006-01-30;1.1339
13179;2006-01-31;1.1372
13180;2006-02-01;1.1361
13181;2006-02-02;1.138
13182;2006-02-03;1.1303
13185;2006-02-06;1.1337
13186;2006-02-07;1.1394
13187;2006-02-08;1.122
13188;2006-02-09;1.1292
13189;2006-02-10;1.1305
13192;2006-02-13;1.1297
13193;2006-02-14;1.1276
13194;2006-02-15;1.13
13195;2006-02-16;1.1336
13196;2006-02-17;1.1427
13199;2006-02-20;1.1399
13200;2006-02-21;1.1499
13201;2006-02-22;1.1456
13202;2006-02-23;1.1505
13203;2006-02-24;1.1537
13206;2006-02-27;1.1624
13207;2006-02-28;1.1611
13208;2006-03-01;1.1499
13209;2006-03-02;1.1609
13210;2006-03-03;1.1537
13213;2006-03-06;1.153
13214;2006-03-07;1.1399
13215;2006-03-08;1.1216
13216;2006-03-09;1.1272
13217;2006-03-10;1.1243
13220;2006-03-13;1.1376
13221;2006-03-14;1.1415
13222;2006-03-15;1.1488
13223;2006-03-16;1.1471
13227;2006-03-20;1.1529
13228;2006-03-21;1.1488
13229;2006-03-22;1.148
13230;2006-03-23;1.1544
13231;2006-03-24;1.1625
13234;2006-03-27;1.1634
13235;2006-03-28;1.1581
13236;2006-03-29;1.1504
13237;2006-03-30;1.1588
13238;2006-03-31;1.1622
13241;2006-04-03;1.1686
13242;2006-04-04;1.1667
13243;2006-04-05;1.1639
13244;2006-04-06;1.1722
13245;2006-04-07;1.1806
13248;2006-04-10;1.1773
13249;2006-04-11;1.1777
13250;2006-04-12;1.1624
13251;2006-04-13;1.1658
13256;2006-04-18;1.1593
13257;2006-04-19;1.1738
13258;2006-04-20;1.1797
13259;2006-04-21;1.179
13262;2006-04-24;1.1769
13263;2006-04-25;1.1742
13264;2006-04-26;1.1735
13265;2006-04-27;1.1741
13266;2006-04-28;1.1615
13270;2006-05-02;1.1687
13271;2006-05-03;1.1746
13272;2006-05-04;1.1739
13273;2006-05-05;1.1768
13276;2006-05-08;1.1935
13277;2006-05-09;1.1997
13278;2006-05-10;1.1957
13279;2006-05-11;1.199
13280;2006-05-12;1.1671
13283;2006-05-15;1.1432
13284;2006-05-16;1.1212
13285;2006-05-17;1.1228
13286;2006-05-18;1.0926
13287;2006-05-19;1.0885
13290;2006-05-22;1.07
13291;2006-05-23;1.0511
13292;2006-05-24;1.0464
13293;2006-05-25;1.0424
13294;2006-05-26;1.0649
13297;2006-05-29;1.0811
13298;2006-05-30;1.0703
13299;2006-05-31;1.0522
13300;2006-06-01;1.0592
13301;2006-06-02;1.0753
13305;2006-06-06;1.0479
13306;2006-06-07;1.0384
13307;2006-06-08;1.0142
13308;2006-06-09;1.02
13311;2006-06-12;1.0216
13312;2006-06-13;0.9922
13313;2006-06-14;0.9844
13314;2006-06-15;0.9986
13315;2006-06-16;1.02
13318;2006-06-19;1.0178
13319;2006-06-20;1.0081
13320;2006-06-21;1.0049
13321;2006-06-22;1.0281
13322;2006-06-23;1.0236
13325;2006-06-26;1.024
13326;2006-06-27;1.0233
13327;2006-06-28;1.0179
13328;2006-06-29;1.033
13329;2006-06-30;1.0495
13332;2006-07-03;1.0514
13333;2006-07-04;1.0607
13334;2006-07-05;1.0586
13335;2006-07-06;1.0538
13336;2006-07-07;1.0586
13339;2006-07-10;1.0565
13340;2006-07-11;1.0569
13341;2006-07-12;1.0597
13342;2006-07-13;1.0478
13343;2006-07-14;1.0322
13346;2006-07-17;1.0295
13347;2006-07-18;1.0218
13348;2006-07-19;1.026
13349;2006-07-20;1.0441
13350;2006-07-21;1.0354
13353;2006-07-24;1.0347
13354;2006-07-25;1.0506
13355;2006-07-26;1.056
13356;2006-07-27;1.0578
13357;2006-07-28;1.0632
13360;2006-07-31;1.068
13361;2006-08-01;1.0633
13363;2006-08-03;1.0668
13364;2006-08-04;1.0655
13368;2006-08-08;1.062
13369;2006-08-09;1.06
13370;2006-08-10;1.0622
13371;2006-08-11;1.0715
13374;2006-08-14;1.0775
13375;2006-08-15;1.0735
13376;2006-08-16;1.0839
13377;2006-08-17;1.0887
13378;2006-08-18;1.0885
13381;2006-08-21;1.0839
13382;2006-08-22;1.0845
13383;2006-08-23;1.0848
13384;2006-08-24;1.0764
13385;2006-08-25;1.079
13388;2006-08-28;1.0741
13389;2006-08-29;1.0847
13390;2006-08-30;1.0857
13391;2006-08-31;1.0864
13392;2006-09-01;1.0878
13395;2006-09-04;1.0923
13396;2006-09-05;1.0932
13397;2006-09-06;1.0909
13398;2006-09-07;1.0794
13399;2006-09-08;1.0809
13402;2006-09-11;1.0755
13403;2006-09-12;1.0709
13404;2006-09-13;1.0819
13405;2006-09-14;1.0886
13406;2006-09-15;1.0882
13409;2006-09-18;1.0942
13410;2006-09-19;1.096
13411;2006-09-20;1.0898
13412;2006-09-21;1.0931
13413;2006-09-22;1.0768
13416;2006-09-25;1.0772
13417;2006-09-26;1.082
13418;2006-09-27;1.0919
13419;2006-09-28;1.0926
13420;2006-09-29;1.0952
13423;2006-10-02;1.0929
13424;2006-10-03;1.088
13425;2006-10-04;1.092
13426;2006-10-05;1.102
13427;2006-10-06;1.1058
13430;2006-10-09;1.1074
13431;2006-10-10;1.1151
13432;2006-10-11;1.1113
13433;2006-10-12;1.1124
13434;2006-10-13;1.1214
13437;2006-10-16;1.1291
13438;2006-10-17;1.1251
13439;2006-10-18;1.1224
13440;2006-10-19;1.124
13441;2006-10-20;1.1277
13444;2006-10-23;1.1261
13445;2006-10-24;1.1281
13446;2006-10-25;1.127
13447;2006-10-26;1.1333
13448;2006-10-27;1.1275
13452;2006-10-31;1.1197
13453;2006-11-01;1.1247
13454;2006-11-02;1.1227
13455;2006-11-03;1.1223
13458;2006-11-06;1.1296
13459;2006-11-07;1.1386
13460;2006-11-08;1.1322
13461;2006-11-09;1.1343
13462;2006-11-10;1.1256
13465;2006-11-13;1.1291
13466;2006-11-14;1.1312
13467;2006-11-15;1.1357
13468;2006-11-16;1.1356
13469;2006-11-17;1.1378
13472;2006-11-20;1.1279
13473;2006-11-21;1.1371
13474;2006-11-22;1.1404
13475;2006-11-23;1.1332
13476;2006-11-24;1.1241
13479;2006-11-27;1.1222
13480;2006-11-28;1.1033
13481;2006-11-29;1.1107
13482;2006-11-30;1.1186
13483;2006-12-01;1.1146
13487;2006-12-05;1.1137
13488;2006-12-06;1.1225
13489;2006-12-07;1.1248
13490;2006-12-08;1.1188
13493;2006-12-11;1.1273
13494;2006-12-12;1.1282
13495;2006-12-13;1.1283
13496;2006-12-14;1.1397
13497;2006-12-15;1.1527
13500;2006-12-18;1.1571
13501;2006-12-19;1.1347
13502;2006-12-20;1.1381
13503;2006-12-21;1.1393
13504;2006-12-22;1.1347
13510;2006-12-28;1.1469
13511;2006-12-29;1.1486
13515;2007-01-02;1.148
13516;2007-01-03;1.1516
13517;2007-01-04;1.1561
13518;2007-01-05;1.1562
13521;2007-01-08;1.1468
13522;2007-01-09;1.1496
13523;2007-01-10;1.1393
13524;2007-01-11;1.1463
13525;2007-01-12;1.1625
13528;2007-01-15;1.1692
13529;2007-01-16;1.171
13530;2007-01-17;1.173
13531;2007-01-18;1.1729
13532;2007-01-19;1.1656
13535;2007-01-22;1.1765
13536;2007-01-23;1.1643
13537;2007-01-24;1.1712
13538;2007-01-25;1.1765
13539;2007-01-26;1.1671
13542;2007-01-29;1.1635
13543;2007-01-30;1.1624
13544;2007-01-31;1.1606
13545;2007-02-01;1.1638
13546;2007-02-02;1.1716
13549;2007-02-05;1.1784
13550;2007-02-06;1.182
13551;2007-02-07;1.1775
13552;2007-02-08;1.1782
13553;2007-02-09;1.1752
13556;2007-02-12;1.1718
13557;2007-02-13;1.1668
13558;2007-02-14;1.1701
13559;2007-02-15;1.1779
13560;2007-02-16;1.1813
13563;2007-02-19;1.1803
13564;2007-02-20;1.1786
13565;2007-02-21;1.1802
13566;2007-02-22;1.1832
13567;2007-02-23;1.1828
13570;2007-02-26;1.1788
13571;2007-02-27;1.16
13572;2007-02-28;1.1251
13573;2007-03-01;1.1216
13574;2007-03-02;1.1139
13577;2007-03-05;1.0933
13578;2007-03-06;1.1008
13579;2007-03-07;1.1105
13580;2007-03-08;1.1169
13581;2007-03-09;1.1202
13584;2007-03-12;1.1291
13585;2007-03-13;1.1231
13586;2007-03-14;1.0967
13587;2007-03-15;1.1085
13588;2007-03-16;1.1006
13592;2007-03-20;1.1153
13593;2007-03-21;1.1269
13594;2007-03-22;1.1418
13595;2007-03-23;1.1455
13598;2007-03-26;1.1461
13599;2007-03-27;1.1386
13600;2007-03-28;1.1319
13601;2007-03-29;1.1318
13602;2007-03-30;1.1399
13605;2007-04-02;1.1389
13606;2007-04-03;1.1485
13607;2007-04-04;1.1583
13608;2007-04-05;1.158
13613;2007-04-10;1.1654
13614;2007-04-11;1.1684
13615;2007-04-12;1.1613
13616;2007-04-13;1.1622
13619;2007-04-16;1.1714
13620;2007-04-17;1.1738
13621;2007-04-18;1.1728
13622;2007-04-19;1.1614
13623;2007-04-20;1.1697
13626;2007-04-23;1.1761
13627;2007-04-24;1.1699
13628;2007-04-25;1.1655
13629;2007-04-26;1.1766
13630;2007-04-27;1.1722
13633;2007-04-30;1.1726
13634;2007-05-01;1.1648
13635;2007-05-02;1.1707
13636;2007-05-03;1.1726
13637;2007-05-04;1.1832
13641;2007-05-08;1.1823
13642;2007-05-09;1.1836
13643;2007-05-10;1.1822
13644;2007-05-11;1.1705
13647;2007-05-14;1.177
13648;2007-05-15;1.172
13649;2007-05-16;1.1752
13650;2007-05-17;1.1852
13651;2007-05-18;1.1878
13654;2007-05-21;1.1947
13655;2007-05-22;1.1995
13656;2007-05-23;1.2042
13657;2007-05-24;1.2056
13658;2007-05-25;1.1912
13662;2007-05-29;1.1996
13663;2007-05-30;1.1938
13664;2007-05-31;1.21
13665;2007-06-01;1.2163
13671;2007-06-07;1.1991
13672;2007-06-08;1.1806
13675;2007-06-11;1.1945
13676;2007-06-12;1.1989
13677;2007-06-13;1.1928
13678;2007-06-14;1.2109
13679;2007-06-15;1.2249
13682;2007-06-18;1.2342
13683;2007-06-19;1.2316
13684;2007-06-20;1.2354
13685;2007-06-21;1.2259
13686;2007-06-22;1.2221
13689;2007-06-25;1.2113
13690;2007-06-26;1.2059
13691;2007-06-27;1.1984
13692;2007-06-28;1.2105
13693;2007-06-29;1.2111
13696;2007-07-02;1.218
13697;2007-07-03;1.2333
13698;2007-07-04;1.2391
13699;2007-07-05;1.2379
13700;2007-07-06;1.2399
13703;2007-07-09;1.2501
13704;2007-07-10;1.253
13705;2007-07-11;1.2316
13706;2007-07-12;1.2377
13707;2007-07-13;1.2597
13710;2007-07-16;1.2594
13711;2007-07-17;1.2542
13712;2007-07-18;1.2491
13713;2007-07-19;1.2526
13714;2007-07-20;1.262
13718;2007-07-24;1.2569
13719;2007-07-25;1.2381
13720;2007-07-26;1.2257
13721;2007-07-27;1.1901
13724;2007-07-30;1.1808
13725;2007-07-31;1.201
13726;2007-08-01;1.183
13727;2007-08-02;1.1883
13728;2007-08-03;1.1904
13732;2007-08-07;1.1694
13733;2007-08-08;1.1884
13734;2007-08-09;1.1959
13735;2007-08-10;1.1631
13738;2007-08-13;1.1625
13739;2007-08-14;1.1673
13740;2007-08-15;1.1428
13741;2007-08-16;1.1078
13742;2007-08-17;1.0875
13745;2007-08-20;1.1288
13746;2007-08-21;1.1273
13747;2007-08-22;1.1419
13748;2007-08-23;1.1607
13749;2007-08-24;1.1523
13752;2007-08-27;1.1669
13753;2007-08-28;1.1597
13754;2007-08-29;1.1428
13755;2007-08-30;1.1551
13756;2007-08-31;1.1671
13759;2007-09-03;1.1761
13760;2007-09-04;1.1779
13761;2007-09-05;1.1841
13762;2007-09-06;1.1695
13763;2007-09-07;1.1731
13766;2007-09-10;1.1493
13767;2007-09-11;1.1514
13768;2007-09-12;1.1588
13769;2007-09-13;1.1628
13770;2007-09-14;1.1651
13773;2007-09-17;1.1589
13774;2007-09-18;1.1534
13775;2007-09-19;1.1899
13776;2007-09-20;1.1915
13777;2007-09-21;1.1961
13780;2007-09-24;1.2072
13781;2007-09-25;1.1999
13782;2007-09-26;1.2046
13783;2007-09-27;1.2158
13784;2007-09-28;1.2181
13787;2007-10-01;1.2164
13788;2007-10-02;1.2376
13789;2007-10-03;1.2315
13790;2007-10-04;1.2245
13791;2007-10-05;1.2324
13794;2007-10-08;1.2471
13795;2007-10-09;1.2519
13796;2007-10-10;1.2596
13797;2007-10-11;1.2691
13798;2007-10-12;1.2595
13801;2007-10-15;1.2657
13802;2007-10-16;1.2491
13803;2007-10-17;1.2513
13804;2007-10-18;1.2537
13805;2007-10-19;1.2521
13808;2007-10-22;1.2184
13809;2007-10-23;1.2331
13810;2007-10-24;1.2442
13811;2007-10-25;1.2527
13812;2007-10-26;1.2606
13816;2007-10-30;1.283
13817;2007-10-31;1.2759
13818;2007-11-01;1.2943
13819;2007-11-02;1.263
13822;2007-11-05;1.2582
13823;2007-11-06;1.259
13824;2007-11-07;1.2582
13825;2007-11-08;1.2443
13826;2007-11-09;1.2388
13829;2007-11-12;1.2277
13830;2007-11-13;1.2026
13831;2007-11-14;1.2225
13832;2007-11-15;1.2173
13833;2007-11-16;1.2032
13836;2007-11-19;1.203
13837;2007-11-20;1.1803
13838;2007-11-21;1.1732
13839;2007-11-22;1.1594
13840;2007-11-23;1.1694
13844;2007-11-27;1.1621
13845;2007-11-28;1.1756
13846;2007-11-29;1.2054
13847;2007-11-30;1.2196
13850;2007-12-03;1.2322
13851;2007-12-04;1.2228
13852;2007-12-05;1.2292
13853;2007-12-06;1.2551
13854;2007-12-07;1.2542
13857;2007-12-10;1.2511
13858;2007-12-11;1.2575
13859;2007-12-12;1.2416
13860;2007-12-13;1.2427
13861;2007-12-14;1.2366
13864;2007-12-17;1.2244
13865;2007-12-18;1.2119
13866;2007-12-19;1.209
13867;2007-12-20;1.2168
13868;2007-12-21;1.2332
13871;2007-12-24;1.2449
13875;2007-12-28;1.2384
13878;2007-12-31;1.2392
13880;2008-01-02;1.2354
13881;2008-01-03;1.2203
13882;2008-01-04;1.2368
13885;2008-01-07;1.209
13886;2008-01-08;1.2108
13887;2008-01-09;1.2041
13888;2008-01-10;1.207
13889;2008-01-11;1.1952
13892;2008-01-14;1.1848
13893;2008-01-15;1.1906
13894;2008-01-16;1.146
13895;2008-01-17;1.1409
13896;2008-01-18;1.1217
13899;2008-01-21;1.0758
13900;2008-01-22;1.053
13901;2008-01-23;1.0668
13902;2008-01-24;1.0851
13903;2008-01-25;1.1146
13906;2008-01-28;1.0858
13907;2008-01-29;1.1058
13908;2008-01-30;1.1051
13909;2008-01-31;1.0948
13910;2008-02-01;1.1178
13913;2008-02-04;1.139
13914;2008-02-05;1.1358
13915;2008-02-06;1.1087
13916;2008-02-07;1.1024
13917;2008-02-08;1.1083
13920;2008-02-11;1.1016
13921;2008-02-12;1.1151
13922;2008-02-13;1.1182
13923;2008-02-14;1.1382
13924;2008-02-15;1.1297
13927;2008-02-18;1.1319
13928;2008-02-19;1.1335
13929;2008-02-20;1.1293
13930;2008-02-21;1.1456
13931;2008-02-22;1.1321
13934;2008-02-25;1.1385
13935;2008-02-26;1.1486
13936;2008-02-27;1.148
13937;2008-02-28;1.1416
13938;2008-02-29;1.1262
13941;2008-03-03;1.1004
13942;2008-03-04;1.0991
13943;2008-03-05;1.0951
13944;2008-03-06;1.1007
13945;2008-03-07;1.0742
13948;2008-03-10;1.0606
13949;2008-03-11;1.044
13951;2008-03-13;1.0529
13952;2008-03-14;1.0571
13956;2008-03-18;1.0106
13957;2008-03-19;1.0328
13958;2008-03-20;1.0185
13963;2008-03-25;1.0457
13964;2008-03-26;1.0409
13965;2008-03-27;1.0451
13966;2008-03-28;1.0448
13969;2008-03-31;1.0349
13970;2008-04-01;1.0435
13971;2008-04-02;1.0637
13972;2008-04-03;1.0702
13973;2008-04-04;1.0657
13976;2008-04-07;1.0805
13977;2008-04-08;1.074
13979;2008-04-10;1.0617
13980;2008-04-11;1.0683
13983;2008-04-14;1.0498
13984;2008-04-15;1.053
13985;2008-04-16;1.06
13986;2008-04-17;1.0759
13987;2008-04-18;1.0767
13990;2008-04-21;1.0801
13991;2008-04-22;1.0843
13992;2008-04-23;1.0831
13993;2008-04-24;1.0891
13994;2008-04-25;1.1046
13997;2008-04-28;1.1127
13998;2008-04-29;1.1085
13999;2008-04-30;1.0984
14000;2008-05-01;1.1126
14001;2008-05-02;1.1227
14005;2008-05-06;1.1259
14006;2008-05-07;1.1448
14007;2008-05-08;1.1436
14008;2008-05-09;1.1357
14011;2008-05-12;1.1368
14012;2008-05-13;1.1432
14013;2008-05-14;1.1502
14014;2008-05-15;1.15
14015;2008-05-16;1.1711
14018;2008-05-19;1.1691
14019;2008-05-20;1.1574
14020;2008-05-21;1.1482
14021;2008-05-22;1.1421
14022;2008-05-23;1.1414
14025;2008-05-26;1.1256
14026;2008-05-27;1.1226
14027;2008-05-28;1.1258
14028;2008-05-29;1.1461
14029;2008-05-30;1.1531
14033;2008-06-03;1.1459
14034;2008-06-04;1.1439
14035;2008-06-05;1.1421
14036;2008-06-06;1.1446
14039;2008-06-09;1.1183
14040;2008-06-10;1.1189
14041;2008-06-11;1.1093
14042;2008-06-12;1.0997
14043;2008-06-13;1.1003
14046;2008-06-16;1.1084
14047;2008-06-17;1.1143
14048;2008-06-18;1.1114
14049;2008-06-19;1.1035
14050;2008-06-20;1.0901
14053;2008-06-23;1.08
14054;2008-06-24;1.0736
14055;2008-06-25;1.0721
14056;2008-06-26;1.0681
14057;2008-06-27;1.0505
14060;2008-06-30;1.0532
14061;2008-07-01;1.0475
14062;2008-07-02;1.0448
14063;2008-07-03;1.0116
14064;2008-07-04;1.0232
14067;2008-07-07;1.0231
14068;2008-07-08;1.0137
14069;2008-07-09;1.0246
14070;2008-07-10;1.0174
14071;2008-07-11;1.0128
14074;2008-07-14;1.0065
14075;2008-07-15;0.9882
14076;2008-07-16;0.9872
14077;2008-07-17;1.005
14078;2008-07-18;0.9956
14081;2008-07-21;1.0052
14082;2008-07-22;1.0004
14083;2008-07-23;1.0088
14084;2008-07-24;1.0072
14085;2008-07-25;0.988
14088;2008-07-28;0.9964
14089;2008-07-29;0.9825
14090;2008-07-30;1.0025
14091;2008-07-31;1.016
14092;2008-08-01;1.0055
14096;2008-08-05;0.9859
14097;2008-08-06;0.9964
14098;2008-08-07;1.0011
14099;2008-08-08;1.0096
14102;2008-08-11;1.0193
14103;2008-08-12;1.0202
14104;2008-08-13;1.012
14105;2008-08-14;1.0132
14106;2008-08-15;1.0176
14110;2008-08-19;1.0018
14111;2008-08-20;1.0021
14112;2008-08-21;1.0014
14113;2008-08-22;1.0009
14116;2008-08-25;1.0117
14117;2008-08-26;1.0047
14118;2008-08-27;1.0012
14119;2008-08-28;1.0099
14120;2008-08-29;1.0237
14124;2008-09-02;1.021
14125;2008-09-03;1.009
14127;2008-09-05;0.9786
14130;2008-09-08;0.9915
14131;2008-09-09;0.9858
14132;2008-09-10;0.966
14133;2008-09-11;0.9676
14134;2008-09-12;0.9703
14137;2008-09-15;0.9584
14138;2008-09-16;0.9283
14139;2008-09-17;0.9278
14140;2008-09-18;0.8883
14145;2008-09-23;0.9219
14146;2008-09-24;0.9229
14147;2008-09-25;0.9181
14148;2008-09-26;0.924
14151;2008-09-29;0.9077
14152;2008-09-30;0.8637
14153;2008-10-01;0.8932
14154;2008-10-02;0.8989
14155;2008-10-03;0.8637
14158;2008-10-06;0.8459
14159;2008-10-07;0.8222
14160;2008-10-08;0.7743
14161;2008-10-09;0.7671
14162;2008-10-10;0.7065
14165;2008-10-13;0.7291
14166;2008-10-14;0.7878
14167;2008-10-15;0.7735
14168;2008-10-16;0.7164
14169;2008-10-17;0.7295
14172;2008-10-20;0.747
14173;2008-10-21;0.7821
14174;2008-10-22;0.7556
14175;2008-10-23;0.7301
14176;2008-10-24;0.7182
14180;2008-10-28;0.6991
14181;2008-10-29;0.7265
14182;2008-10-30;0.7435
14183;2008-10-31;0.7576
14186;2008-11-03;0.7702
14187;2008-11-04;0.7815
14188;2008-11-05;0.793
14189;2008-11-06;0.7593
14190;2008-11-07;0.7512
14193;2008-11-10;0.7661
14194;2008-11-11;0.755
14195;2008-11-12;0.7465
14196;2008-11-13;0.7139
14197;2008-11-14;0.7357
14200;2008-11-17;0.7189
14201;2008-11-18;0.705
14202;2008-11-19;0.7092
14203;2008-11-20;0.6816
14204;2008-11-21;0.6633
14207;2008-11-24;0.6858
14208;2008-11-25;0.7062
14209;2008-11-26;0.7032
14210;2008-11-27;0.7241
14211;2008-11-28;0.7288
14214;2008-12-01;0.7321
14215;2008-12-02;0.698
14216;2008-12-03;0.7089
14217;2008-12-04;0.7198
14218;2008-12-05;0.7048
14221;2008-12-08;0.7178
14222;2008-12-09;0.728
14223;2008-12-10;0.7182
14224;2008-12-11;0.7113
14225;2008-12-12;0.6907
14228;2008-12-15;0.6918
14229;2008-12-16;0.6807
14230;2008-12-17;0.6853
14232;2008-12-19;0.6815
14236;2008-12-23;0.6763
14237;2008-12-24;0.6719
14243;2008-12-30;0.6748
14244;2008-12-31;0.6916
14246;2009-01-02;0.6975
14249;2009-01-05;0.7214
14250;2009-01-06;0.7426
14251;2009-01-07;0.7326
14252;2009-01-08;0.7206
14253;2009-01-09;0.72
14256;2009-01-12;0.7213
14257;2009-01-13;0.7097
14258;2009-01-14;0.7181
14259;2009-01-15;0.7005
14260;2009-01-16;0.7072
14263;2009-01-19;0.71
14264;2009-01-20;0.7106
14265;2009-01-21;0.6956
14266;2009-01-22;0.7064
14267;2009-01-23;0.7035
14270;2009-01-26;0.7052
14271;2009-01-27;0.7022
14272;2009-01-28;0.709
14273;2009-01-29;0.7209
14274;2009-01-30;0.7232
14278;2009-02-03;0.7072
14279;2009-02-04;0.7163
14280;2009-02-05;0.714
14281;2009-02-06;0.7227
14284;2009-02-09;0.7287
14285;2009-02-10;0.7248
14288;2009-02-13;0.7241
14292;2009-02-17;0.7223
14293;2009-02-18;0.7088
14294;2009-02-19;0.7043
14295;2009-02-20;0.6969
14298;2009-02-23;0.6887
14299;2009-02-24;0.6736
14301;2009-02-26;0.6812
14302;2009-02-27;0.679
14305;2009-03-02;0.6694
14306;2009-03-03;0.6484
14307;2009-03-04;0.6525
14308;2009-03-05;0.6593
14309;2009-03-06;0.645
14312;2009-03-09;0.6404
14313;2009-03-10;0.6356
14314;2009-03-11;0.6586
14315;2009-03-12;0.656
14316;2009-03-13;0.6723
14319;2009-03-16;0.6722
14321;2009-03-18;0.6765
14322;2009-03-19;0.6675
14323;2009-03-20;0.6672
14326;2009-03-23;0.6642
14327;2009-03-24;0.6866
14328;2009-03-25;0.6809
14329;2009-03-26;0.6837
14330;2009-03-27;0.6984
14334;2009-03-31;0.6711
14335;2009-04-01;0.6794
14337;2009-04-03;0.7025
14340;2009-04-06;0.6986
14341;2009-04-07;0.7037
14342;2009-04-08;0.694
14343;2009-04-09;0.6985
14348;2009-04-14;0.712
14349;2009-04-15;0.7103
14350;2009-04-16;0.7196
14354;2009-04-20;0.7277
14355;2009-04-21;0.7152
14356;2009-04-22;0.7192
14357;2009-04-23;0.7162
14358;2009-04-24;0.7137
14361;2009-04-27;0.7248
14362;2009-04-28;0.726
14363;2009-04-29;0.7213
14364;2009-04-30;0.7347
14365;2009-05-01;0.7323
14369;2009-05-05;0.7536
14370;2009-05-06;0.7547
14372;2009-05-08;0.7546
14375;2009-05-11;0.756
14376;2009-05-12;0.7502
14377;2009-05-13;0.755
14378;2009-05-14;0.7426
14379;2009-05-15;0.7514
14382;2009-05-18;0.7515
14383;2009-05-19;0.7646
14384;2009-05-20;0.7654
14385;2009-05-21;0.7566
14386;2009-05-22;0.7439
14389;2009-05-25;0.7419
14390;2009-05-26;0.7443
14391;2009-05-27;0.7568
14392;2009-05-28;0.7492
14393;2009-05-29;0.7528
14397;2009-06-02;0.7628
14398;2009-06-03;0.7634
14399;2009-06-04;0.7556
14400;2009-06-05;0.7591
14403;2009-06-08;0.7667
14404;2009-06-09;0.7631
14405;2009-06-10;0.7658
14406;2009-06-11;0.766
14407;2009-06-12;0.772
14410;2009-06-15;0.7737
14411;2009-06-16;0.7629
14412;2009-06-17;0.7571
14413;2009-06-18;0.7503
14414;2009-06-19;0.7591
14417;2009-06-22;0.7597
14418;2009-06-23;0.7381
14419;2009-06-24;0.7362
14420;2009-06-25;0.7401
14421;2009-06-26;0.7468
14424;2009-06-29;0.7511
14425;2009-06-30;0.7522
14426;2009-07-01;0.7511
14427;2009-07-02;0.7507
14428;2009-07-03;0.7386
14431;2009-07-06;0.7384
14432;2009-07-07;0.7364
14433;2009-07-08;0.7288
14434;2009-07-09;0.7264
14435;2009-07-10;0.7284
14438;2009-07-13;0.721
14439;2009-07-14;0.733
14440;2009-07-15;0.7352
14441;2009-07-16;0.7474
14442;2009-07-17;0.7556
14445;2009-07-20;0.757
14446;2009-07-21;0.7635
14448;2009-07-23;0.7669
14449;2009-07-24;0.7749
14452;2009-07-27;0.7744
14453;2009-07-28;0.7769
14454;2009-07-29;0.7782
14455;2009-07-30;0.7789
14456;2009-07-31;0.7806
14460;2009-08-04;0.7827
14461;2009-08-05;0.7818
14462;2009-08-06;0.7826
14463;2009-08-07;0.7769
14466;2009-08-10;0.7878
14467;2009-08-11;0.7876
14468;2009-08-12;0.7808
14469;2009-08-13;0.7864
14470;2009-08-14;0.7898
14473;2009-08-17;0.7836
14474;2009-08-18;0.7774
14475;2009-08-19;0.7797
14476;2009-08-20;0.784
14477;2009-08-21;0.7842
14480;2009-08-24;0.7956
14481;2009-08-25;0.7953
14482;2009-08-26;0.7947
14483;2009-08-27;0.7942
14484;2009-08-28;0.7947
14487;2009-08-31;0.7952
14488;2009-09-01;0.7901
14489;2009-09-02;0.7823
14490;2009-09-03;0.7819
14491;2009-09-04;0.7876
14494;2009-09-07;0.7964
14495;2009-09-08;0.7953
14496;2009-09-09;0.7958
14497;2009-09-10;0.7999
14498;2009-09-11;0.8077
14501;2009-09-14;0.8053
14502;2009-09-15;0.8064
14503;2009-09-16;0.8102
14504;2009-09-17;0.8153
14505;2009-09-18;0.8134
14508;2009-09-21;0.8128
14509;2009-09-22;0.8114
14510;2009-09-23;0.8158
14511;2009-09-24;0.8081
14512;2009-09-25;0.801
14515;2009-09-28;0.7968
14516;2009-09-29;0.8119
14517;2009-09-30;0.8113
14518;2009-10-01;0.8108
14519;2009-10-02;0.794
14522;2009-10-05;0.7909
14523;2009-10-06;0.7972
14524;2009-10-07;0.8075
14525;2009-10-08;0.8068
14526;2009-10-09;0.8109
14529;2009-10-12;0.8126
14530;2009-10-13;0.8108
14531;2009-10-14;0.8098
14532;2009-10-15;0.8175
14533;2009-10-16;0.8179
14536;2009-10-19;0.81575
14537;2009-10-20;0.8193
14538;2009-10-21;0.8124
14539;2009-10-22;0.80599
14540;2009-10-23;0.8057
14544;2009-10-27;0.7987
14545;2009-10-28;0.7947
14546;2009-10-29;0.7836
14547;2009-10-30;0.793
14550;2009-11-02;0.7774
14551;2009-11-03;0.7801
14552;2009-11-04;0.7846
14553;2009-11-05;0.7818
14554;2009-11-06;0.7926
14557;2009-11-09;0.7943
14558;2009-11-10;0.80426
14559;2009-11-11;0.8051
14560;2009-11-12;0.8075
14561;2009-11-13;0.806
14564;2009-11-16;0.8074
14565;2009-11-17;0.8196
14566;2009-11-18;0.8204
14567;2009-11-19;0.8197
14568;2009-11-20;0.8116
14571;2009-11-23;0.8114
14572;2009-11-24;0.8163
14573;2009-11-25;0.8138
14574;2009-11-26;0.8113
14575;2009-11-27;0.8085
14578;2009-11-30;0.8025
14579;2009-12-01;0.8086
14580;2009-12-02;0.8187
14581;2009-12-03;0.8203
14582;2009-12-04;0.8174
14585;2009-12-07;0.8265
14586;2009-12-08;0.8294
14587;2009-12-09;0.8215
14588;2009-12-10;0.8225
14589;2009-12-11;0.8271
14592;2009-12-14;0.8327
14593;2009-12-15;0.8391
14594;2009-12-16;0.8392
14595;2009-12-17;0.8483
14596;2009-12-18;0.8377
14599;2009-12-21;0.8394
14600;2009-12-22;0.851
14601;2009-12-23;0.8565
14602;2009-12-24;0.8534
14608;2009-12-30;0.8594
14613;2010-01-04;0.8595
14614;2010-01-05;0.869
14615;2010-01-06;0.8761
14616;2010-01-07;0.8751
14617;2010-01-08;0.8796
14620;2010-01-11;0.8748
14621;2010-01-12;0.8756
14622;2010-01-13;0.8658
14624;2010-01-15;0.8772
14627;2010-01-18;0.8709
14628;2010-01-19;0.8715
14629;2010-01-20;0.8821
14630;2010-01-21;0.8766
14631;2010-01-22;0.8604
14634;2010-01-25;0.8479
14635;2010-01-26;0.8472
14636;2010-01-27;0.8471
14637;2010-01-28;0.8527
14638;2010-01-29;0.845
14641;2010-02-01;0.8382
14642;2010-02-02;0.8489
14643;2010-02-03;0.8565
14644;2010-02-04;0.8583
14645;2010-02-05;0.8371
14648;2010-02-08;0.8384
14649;2010-02-09;0.8348
14650;2010-02-10;0.8409
14651;2010-02-11;0.8434
14652;2010-02-12;0.8579
14655;2010-02-15;0.852
14656;2010-02-16;0.8517
14657;2010-02-17;0.8603
14658;2010-02-18;0.8708
14659;2010-02-19;0.8718
14662;2010-02-22;0.8765
14665;2010-02-25;0.8679
14666;2010-02-26;0.8629
14669;2010-03-01;0.8688
14670;2010-03-02;0.88
14671;2010-03-03;0.8786
14672;2010-03-04;0.8789
14673;2010-03-05;0.8852
14676;2010-03-08;0.8899
14677;2010-03-09;0.8946
14678;2010-03-10;0.8934
14679;2010-03-11;0.8954
14680;2010-03-12;0.8949
14683;2010-03-15;0.8958
14684;2010-03-16;0.8963
14686;2010-03-18;0.9088
14687;2010-03-19;0.9171
14690;2010-03-22;0.9106
14691;2010-03-23;0.9158
14692;2010-03-24;0.9253
14693;2010-03-25;0.9229
14694;2010-03-26;0.9174
14697;2010-03-29;0.9137
14698;2010-03-30;0.9201
14699;2010-03-31;0.919
14700;2010-04-01;0.9212
14701;2010-04-02;0.9212
14705;2010-04-06;0.9353
14706;2010-04-07;0.9411
14707;2010-04-08;0.9364
14708;2010-04-09;0.9369
14711;2010-04-12;0.9295
14712;2010-04-13;0.9295
14713;2010-04-14;0.9311
14714;2010-04-15;0.9386
14715;2010-04-16;0.9389
14718;2010-04-19;0.9275
14719;2010-04-20;0.9291
14720;2010-04-21;0.941
14721;2010-04-22;0.9405
14722;2010-04-23;0.9406
14725;2010-04-26;0.9483
14726;2010-04-27;0.9414
14727;2010-04-28;0.9276
14728;2010-04-29;0.931
14729;2010-04-30;0.9338
14733;2010-05-04;0.9407
14734;2010-05-05;0.9311
14735;2010-05-06;0.9327
14736;2010-05-07;0.9082
14739;2010-05-10;0.8964
14740;2010-05-11;0.9296
14741;2010-05-12;0.9345
14742;2010-05-13;0.9506
14743;2010-05-14;0.9503
14746;2010-05-17;0.9447
14747;2010-05-18;0.9394
14748;2010-05-19;0.9413
14749;2010-05-20;0.922
14750;2010-05-21;0.8842
14753;2010-05-24;0.9001
14754;2010-05-25;0.8994
14755;2010-05-26;0.9024
14756;2010-05-27;0.9066
14757;2010-05-28;0.9216
14760;2010-05-31;0.9231
14761;2010-06-01;0.9282
14762;2010-06-02;0.9142
14763;2010-06-03;0.9342
14764;2010-06-04;0.9425
14768;2010-06-08;0.9223
14769;2010-06-09;0.9241
14770;2010-06-10;0.924
14771;2010-06-11;0.9365
14774;2010-06-14;0.938
14775;2010-06-15;0.936
14776;2010-06-16;0.9484
14777;2010-06-17;0.946
14778;2010-06-18;0.9447
14781;2010-06-21;0.9533
14782;2010-06-22;0.9543
14783;2010-06-23;0.9445
14784;2010-06-24;0.9416
14785;2010-06-25;0.9288
14788;2010-06-28;0.9285
14789;2010-06-29;0.9322
14790;2010-06-30;0.9076
14791;2010-07-01;0.8969
14792;2010-07-02;0.881
14795;2010-07-05;0.8789
14796;2010-07-06;0.8811
14797;2010-07-07;0.8815
14798;2010-07-08;0.8999
14799;2010-07-09;0.9053
14802;2010-07-12;0.9141
14803;2010-07-13;0.918
14804;2010-07-14;0.9201
14805;2010-07-15;0.9168
14806;2010-07-16;0.9056
14809;2010-07-19;0.8861
14810;2010-07-20;0.885
14811;2010-07-21;0.9001
14812;2010-07-22;0.8928
14813;2010-07-23;0.9011
14816;2010-07-26;0.9048
14817;2010-07-27;0.9088
14818;2010-07-28;0.9066
14820;2010-07-30;0.8997
14824;2010-08-03;0.9026
14825;2010-08-04;0.8983
14826;2010-08-05;0.9083
14827;2010-08-06;0.9095
14830;2010-08-09;0.9035
14831;2010-08-10;0.9093
14832;2010-08-11;0.9076
14833;2010-08-12;0.904
14834;2010-08-13;0.9028
14837;2010-08-16;0.9017
14838;2010-08-17;0.9002
14839;2010-08-18;0.9131
14840;2010-08-19;0.9209
14841;2010-08-20;0.914
14844;2010-08-23;0.9153
14845;2010-08-24;0.9134
14846;2010-08-25;0.9021
14847;2010-08-26;0.9002
14848;2010-08-27;0.8981
14851;2010-08-30;0.9103
14852;2010-08-31;0.9019
14853;2010-09-01;0.9054
14854;2010-09-02;0.9185
14855;2010-09-03;0.9236
14858;2010-09-06;0.9309
14859;2010-09-07;0.936
14860;2010-09-08;0.9348
14861;2010-09-09;0.9395
14862;2010-09-10;0.9402
14865;2010-09-13;0.9441
14868;2010-09-16;0.9302
14869;2010-09-17;0.9336
14872;2010-09-20;0.9329
14873;2010-09-21;0.939
14874;2010-09-22;0.9219
14875;2010-09-23;0.9179
14876;2010-09-24;0.9117
14879;2010-09-27;0.923
14880;2010-09-28;0.9216
14881;2010-09-29;0.9177
14882;2010-09-30;0.9132
14883;2010-10-01;0.9098
14886;2010-10-04;0.9149
14887;2010-10-05;0.9073
14888;2010-10-06;0.9207
14889;2010-10-07;0.9139
14890;2010-10-08;0.9149
14893;2010-10-11;0.922
14894;2010-10-12;0.9242
14895;2010-10-13;0.925
14896;2010-10-14;0.931
14900;2010-10-18;0.9319
14901;2010-10-19;0.9318
14902;2010-10-20;0.9243
14903;2010-10-21;0.9185
14904;2010-10-22;0.9227
14908;2010-10-26;0.9239
14909;2010-10-27;0.9279
14910;2010-10-28;0.9247
14911;2010-10-29;0.9219
14914;2010-11-01;0.9224
14915;2010-11-02;0.9236
14916;2010-11-03;0.9263
14917;2010-11-04;0.9204
14918;2010-11-05;0.9397
14921;2010-11-08;0.9531
14922;2010-11-09;0.9541
14923;2010-11-10;0.9584
14924;2010-11-11;0.9627
14925;2010-11-12;0.9558
14928;2010-11-15;0.9537
14929;2010-11-16;0.9473
14930;2010-11-17;0.9425
14931;2010-11-18;0.9411
14932;2010-11-19;0.9438
14935;2010-11-22;0.9467
14936;2010-11-23;0.9465
14938;2010-11-25;0.9595
14939;2010-11-26;0.9619
14942;2010-11-29;0.964
14943;2010-11-30;0.9666
14944;2010-12-01;0.9635
14946;2010-12-03;0.9777
14949;2010-12-06;0.9789
14950;2010-12-07;0.9784
14951;2010-12-08;0.9815
14952;2010-12-09;0.9842
14953;2010-12-10;0.9846
14956;2010-12-13;0.9872
14957;2010-12-14;0.98
14958;2010-12-15;0.9867
14959;2010-12-16;0.9863
14960;2010-12-17;0.9837
14963;2010-12-20;0.9915
14964;2010-12-21;0.9948
14965;2010-12-22;1.0032
14966;2010-12-23;1.0074
14967;2010-12-24;1.0062
14973;2010-12-30;1.0044
14974;2010-12-31;0.9958
14978;2011-01-04;1.0066
14979;2011-01-05;1.01
14980;2011-01-06;1.0261
14981;2011-01-07;1.0296
14984;2011-01-10;1.0298
14985;2011-01-11;1.0274
14986;2011-01-12;1.0327
14987;2011-01-13;1.0298
14988;2011-01-14;1.0115
14991;2011-01-17;1.0184
14992;2011-01-18;1.0166
14993;2011-01-19;1.016
14994;2011-01-20;0.9967
14995;2011-01-21;0.9866
14998;2011-01-24;0.9833
14999;2011-01-25;0.9859
15000;2011-01-26;0.9864
15001;2011-01-27;0.9881
15002;2011-01-28;0.9854
15005;2011-01-31;0.9751
15006;2011-02-01;0.9798
15007;2011-02-02;0.9917
15008;2011-02-03;0.9919
15009;2011-02-04;1.0043
15012;2011-02-07;1.0086
15013;2011-02-08;1.0008
15014;2011-02-09;1.0013
15015;2011-02-10;0.9936
15016;2011-02-11;1.0005
15019;2011-02-14;1.0137
15020;2011-02-15;1.0116
15021;2011-02-16;1.0116
15022;2011-02-17;1.0172
15023;2011-02-18;1.0203
15026;2011-02-21;1.0132
15027;2011-02-22;1.0032
15028;2011-02-23;0.9886
15029;2011-02-24;0.9816
15030;2011-02-25;0.9856
15033;2011-02-28;0.9942
15034;2011-03-01;1.0021
15035;2011-03-02;0.9895
15036;2011-03-03;0.992
15037;2011-03-04;0.9935
15040;2011-03-07;0.9877
15041;2011-03-08;0.9853
15042;2011-03-09;0.9882
15044;2011-03-11;0.9734
15047;2011-03-14;0.9577
15048;2011-03-15;0.9383
15049;2011-03-16;0.9394
15051;2011-03-18;0.932
15054;2011-03-21;0.9398
15055;2011-03-22;0.9445
15056;2011-03-23;0.9506
15057;2011-03-24;0.9561
15058;2011-03-25;0.9602
15061;2011-03-28;0.9697
15062;2011-03-29;0.9634
15063;2011-03-30;0.9725
15064;2011-03-31;0.9693
15065;2011-04-01;0.9752
15068;2011-04-04;0.978
15069;2011-04-05;0.9795
15070;2011-04-06;0.9741
15071;2011-04-07;0.9767
15072;2011-04-08;0.9698
15075;2011-04-11;0.9661
15076;2011-04-12;0.957
15077;2011-04-13;0.9524
15078;2011-04-14;0.9571
15079;2011-04-15;0.9578
15082;2011-04-18;0.9667
15083;2011-04-19;0.9595
15084;2011-04-20;0.9595
15085;2011-04-21;0.9678
15090;2011-04-26;0.9656
15091;2011-04-27;0.9642
15092;2011-04-28;0.9607
15093;2011-04-29;0.962
15097;2011-05-03;0.9644
15098;2011-05-04;0.9547
15099;2011-05-05;0.9487
15100;2011-05-06;0.9599
15103;2011-05-09;0.9721
15104;2011-05-10;0.9796
15105;2011-05-11;0.9831
15106;2011-05-12;0.9777
15107;2011-05-13;0.9753
15110;2011-05-16;0.9732
15111;2011-05-17;0.9677
15112;2011-05-18;0.9669
15113;2011-05-19;0.9714
15114;2011-05-20;0.972
15117;2011-05-23;0.974
15118;2011-05-24;0.9665
15119;2011-05-25;0.97
15120;2011-05-26;0.971
15121;2011-05-27;0.976
15124;2011-05-30;0.9777
15126;2011-06-01;0.98
15127;2011-06-02;0.9603
15128;2011-06-03;0.9571
15132;2011-06-07;0.9376
15133;2011-06-08;0.9342
15134;2011-06-09;0.9326
15135;2011-06-10;0.9432
15138;2011-06-13;0.9389
15139;2011-06-14;0.9382
15140;2011-06-15;0.9483
15141;2011-06-16;0.941
15142;2011-06-17;0.9298
15145;2011-06-20;0.929
15146;2011-06-21;0.9301
15147;2011-06-22;0.9382
15148;2011-06-23;0.9363
15149;2011-06-24;0.9389
15152;2011-06-27;0.9297
15153;2011-06-28;0.9313
15154;2011-06-29;0.9373
15155;2011-06-30;0.9427
15156;2011-07-01;0.9491
15159;2011-07-04;0.9576
15160;2011-07-05;0.9599
15161;2011-07-06;0.9651
15162;2011-07-07;0.9711
15163;2011-07-08;0.9795
15166;2011-07-11;0.9796
15167;2011-07-12;0.9693
15168;2011-07-13;0.9676
15169;2011-07-14;0.9653
15170;2011-07-15;0.9608
15173;2011-07-18;0.9654
15174;2011-07-19;0.956
15175;2011-07-20;0.964
15176;2011-07-21;0.9652
15177;2011-07-22;0.9672
15180;2011-07-25;0.9722
15181;2011-07-26;0.9678
15182;2011-07-27;0.9682
15183;2011-07-28;0.9645
15184;2011-07-29;0.9571
15188;2011-08-02;0.9486
15189;2011-08-03;0.9249
15190;2011-08-04;0.9179
15191;2011-08-05;0.8808
15194;2011-08-08;0.865
15195;2011-08-09;0.8284
15196;2011-08-10;0.8479
15197;2011-08-11;0.8351
15201;2011-08-15;0.8621
15202;2011-08-16;0.8652
15203;2011-08-17;0.8626
15204;2011-08-18;0.8616
15208;2011-08-22;0.8274
15209;2011-08-23;0.8311
15210;2011-08-24;0.8404
15211;2011-08-25;0.8468
15215;2011-08-29;0.8472
15216;2011-08-30;0.8652
15217;2011-08-31;0.8755
15218;2011-09-01;0.8881
15222;2011-09-05;0.8684
15223;2011-09-06;0.8599
15224;2011-09-07;0.8708
15225;2011-09-08;0.8831
15229;2011-09-12;0.8713
15230;2011-09-13;0.8695
15231;2011-09-14;0.8702
15232;2011-09-15;0.8754
15237;2011-09-20;0.8775
15238;2011-09-21;0.8763
15239;2011-09-22;0.8527
15243;2011-09-26;0.8288
15244;2011-09-27;0.8463
15245;2011-09-28;0.8486
15246;2011-09-29;0.8391
15250;2011-10-03;0.8289
15251;2011-10-04;0.8164
15252;2011-10-05;0.8199
15253;2011-10-06;0.8411
15257;2011-10-10;0.8409
15258;2011-10-11;0.8544
15259;2011-10-12;0.8545
15260;2011-10-13;0.8624
15264;2011-10-17;0.8708
15265;2011-10-18;0.8583
15266;2011-10-19;0.86
15267;2011-10-20;0.8504
15271;2011-10-24;0.8635
15272;2011-10-25;0.8664
15273;2011-10-26;0.8588
15274;2011-10-27;0.8672
15279;2011-11-01;0.8727
15280;2011-11-02;0.8568
15281;2011-11-03;0.8642
15285;2011-11-07;0.8783
15286;2011-11-08;0.8839
15287;2011-11-09;0.8884
15288;2011-11-10;0.8684
15289;2011-11-11;0.869
15292;2011-11-14;0.8802
15293;2011-11-15;0.8772
15294;2011-11-16;0.8817
15295;2011-11-17;0.8743
15296;2011-11-18;0.8556
15299;2011-11-21;0.8492
15300;2011-11-22;0.8384
15301;2011-11-23;0.8387
15302;2011-11-24;0.8279
15303;2011-11-25;0.8304
15306;2011-11-28;0.8314
15307;2011-11-29;0.8477
15308;2011-11-30;0.8538
15309;2011-12-01;0.872
15310;2011-12-02;0.8732
15313;2011-12-05;0.8743
15314;2011-12-06;0.8788
15315;2011-12-07;0.8822
15316;2011-12-08;0.8807
15317;2011-12-09;0.8662
15320;2011-12-12;0.8802
15321;2011-12-13;0.8724
15322;2011-12-14;0.8769
15323;2011-12-15;0.8658
15324;2011-12-16;0.8673
15327;2011-12-19;0.8683
15328;2011-12-20;0.8601
15329;2011-12-21;0.8779
15330;2011-12-22;0.8804
15331;2011-12-23;0.8857
15337;2011-12-29;0.8905
15338;2011-12-30;0.8938
15342;2012-01-03;0.8964
15343;2012-01-04;0.9091
15344;2012-01-05;0.9119
15345;2012-01-06;0.9146
15348;2012-01-09;0.9148
15349;2012-01-10;0.921
15350;2012-01-11;0.9297
15351;2012-01-12;0.9297
15352;2012-01-13;0.9283
15355;2012-01-16;0.9304
15356;2012-01-17;0.9309
15357;2012-01-18;0.9309
15358;2012-01-19;0.9315
15359;2012-01-20;0.9328
15362;2012-01-23;0.9294
15363;2012-01-24;0.9308
15364;2012-01-25;0.9311
15365;2012-01-26;0.9292
15369;2012-01-30;0.9257
15370;2012-01-31;0.9233
15371;2012-02-01;0.9306
15372;2012-02-02;0.9407
15373;2012-02-03;0.9412
15376;2012-02-06;0.9534
15377;2012-02-07;0.9495
15378;2012-02-08;0.9461
15379;2012-02-09;0.9483
15380;2012-02-10;0.947
15383;2012-02-13;0.9436
15384;2012-02-14;0.9495
15385;2012-02-15;0.9548
15386;2012-02-16;0.9573
15387;2012-02-17;0.9605
15390;2012-02-20;0.9581
15391;2012-02-21;0.9595
15392;2012-02-22;0.9582
15393;2012-02-23;0.9545
15394;2012-02-24;0.9525
15397;2012-02-27;0.951
15398;2012-02-28;0.9519
15399;2012-02-29;0.9565
15400;2012-03-01;0.9565
15401;2012-03-02;0.9637
15404;2012-03-05;0.962
15405;2012-03-06;0.9553
15406;2012-03-07;0.9459
15407;2012-03-08;0.9494
15408;2012-03-09;0.9606
15411;2012-03-12;0.9673
15412;2012-03-13;0.9699
15413;2012-03-14;0.9824
15414;2012-03-15;0.9801
15415;2012-03-16;0.9817
15419;2012-03-20;0.9731
15420;2012-03-21;0.9672
15421;2012-03-22;0.9701
15422;2012-03-23;0.9621
15425;2012-03-26;0.9657
15426;2012-03-27;0.9708
15427;2012-03-28;0.9669
15428;2012-03-29;0.9621
15429;2012-03-30;0.9583
15432;2012-04-02;0.9602
15433;2012-04-03;0.9679
15434;2012-04-04;0.9678
15435;2012-04-05;0.963
15440;2012-04-10;0.9543
15441;2012-04-11;0.9404
15442;2012-04-12;0.945
15443;2012-04-13;0.9541
15446;2012-04-16;0.9553
15447;2012-04-17;0.951
15448;2012-04-18;0.9631
15449;2012-04-19;0.9604
15450;2012-04-20;0.9543
15453;2012-04-23;0.9526
15454;2012-04-24;0.9472
15455;2012-04-25;0.9467
15456;2012-04-26;0.9527
15457;2012-04-27;0.9555
15460;2012-04-30;0.9607
15461;2012-05-01;0.9569
15462;2012-05-02;0.9671
15463;2012-05-03;0.9671
15464;2012-05-04;0.9619
15468;2012-05-08;0.954
15469;2012-05-09;0.9487
15470;2012-05-10;0.9482
15471;2012-05-11;0.9492
15474;2012-05-14;0.9492
15475;2012-05-15;0.9446
15476;2012-05-16;0.9425
15477;2012-05-17;0.944
15478;2012-05-18;0.9353
15481;2012-05-21;0.9284
15482;2012-05-22;0.9374
15483;2012-05-23;0.9394
15484;2012-05-24;0.9456
15485;2012-05-25;0.9458
15488;2012-05-28;0.9506
15489;2012-05-29;0.9562
15490;2012-05-30;0.9626
15491;2012-05-31;0.9584
15492;2012-06-01;0.9535
15496;2012-06-05;0.9339
15497;2012-06-06;0.9379
15498;2012-06-07;0.9469
15499;2012-06-08;0.9521
15502;2012-06-11;0.9556
15503;2012-06-12;0.9527
15504;2012-06-13;0.9555
15505;2012-06-14;0.949
15506;2012-06-15;0.9529
15509;2012-06-18;0.9585
15510;2012-06-19;0.9629
15511;2012-06-20;0.9681
15512;2012-06-21;0.9654
15513;2012-06-22;0.96
15516;2012-06-25;0.9645
15517;2012-06-26;0.9571
15518;2012-06-27;0.9615
15519;2012-06-28;0.9695
15520;2012-06-29;0.9681
15523;2012-07-02;0.9823
15524;2012-07-03;0.9909
15525;2012-07-04;0.9986
15526;2012-07-05;1.003
15527;2012-07-06;1.0074
15530;2012-07-09;1.0018
15531;2012-07-10;1.0013
15532;2012-07-11;0.9993
15533;2012-07-12;0.9983
15534;2012-07-13;0.9981
15538;2012-07-17;1.0028
15539;2012-07-18;1.0092
15540;2012-07-19;1.0154
15541;2012-07-20;1.0211
15544;2012-07-23;1.016
15545;2012-07-24;1.0178
15546;2012-07-25;1.0095
15547;2012-07-26;1.0121
15548;2012-07-27;1.0196
15551;2012-07-30;1.034
15552;2012-07-31;1.0405
15553;2012-08-01;1.0358
15554;2012-08-02;1.0379
15555;2012-08-03;1.0319
15559;2012-08-07;1.04
15560;2012-08-08;1.0468
15561;2012-08-09;1.0534
15562;2012-08-10;1.0553
15565;2012-08-13;1.0528
15566;2012-08-14;1.0542
15567;2012-08-15;1.0567
15568;2012-08-16;1.059
15569;2012-08-17;1.0564
15572;2012-08-20;1.061
15573;2012-08-21;1.0543
15574;2012-08-22;1.0471
15575;2012-08-23;1.042
15576;2012-08-24;1.0384
15579;2012-08-27;1.0428
15580;2012-08-28;1.0401
15581;2012-08-29;1.0376
15582;2012-08-30;1.0375
15583;2012-08-31;1.0311
15586;2012-09-03;1.0362
15587;2012-09-04;1.0323
15588;2012-09-05;1.0343
15589;2012-09-06;1.0345
15590;2012-09-07;1.0407
15593;2012-09-10;1.0338
15594;2012-09-11;1.0312
15595;2012-09-12;1.0265
15596;2012-09-13;1.0254
15597;2012-09-14;1.026
15600;2012-09-17;1.0264
15601;2012-09-18;1.0283
15602;2012-09-19;1.0333
15603;2012-09-20;1.0381
15604;2012-09-21;1.0375
15607;2012-09-24;1.0455
15608;2012-09-25;1.0455
15609;2012-09-26;1.0408
15610;2012-09-27;1.0417
15611;2012-09-28;1.041
15614;2012-10-01;1.0413
15615;2012-10-02;1.0427
15616;2012-10-03;1.0415
15617;2012-10-04;1.0408
15618;2012-10-05;1.0447
15621;2012-10-08;1.0448
15622;2012-10-09;1.0432
15623;2012-10-10;1.0361
15624;2012-10-11;1.032
15625;2012-10-12;1.0327
15628;2012-10-15;1.0318
15629;2012-10-16;1.0314
15630;2012-10-17;1.0321
15631;2012-10-18;1.0325
15632;2012-10-19;1.0327
15635;2012-10-22;1.0211
15636;2012-10-23;1.0206
15637;2012-10-24;1.0164
15638;2012-10-25;1.0124
15639;2012-10-26;1.0165
15643;2012-10-30;1.015
15644;2012-10-31;1.0122
15645;2012-11-01;1.0142
15646;2012-11-02;1.0242
15649;2012-11-05;1.0248
15650;2012-11-06;1.0273
15651;2012-11-07;1.0344
15652;2012-11-08;1.0232
15653;2012-11-09;1.0186
15656;2012-11-12;1.0193
15657;2012-11-13;1.0165
15658;2012-11-14;1.0106
15659;2012-11-15;0.9973
15660;2012-11-16;1.0001
15663;2012-11-19;1.0027
15664;2012-11-20;1.0119
15665;2012-11-21;1.0128
15666;2012-11-22;1.0137
15667;2012-11-23;1.0141
15670;2012-11-26;1.0182
15671;2012-11-27;1.02
15672;2012-11-28;1.0195
15673;2012-11-29;1.0213
15674;2012-11-30;1.0237
15677;2012-12-03;1.0225
15678;2012-12-04;1.0167
15679;2012-12-05;1.0165
15680;2012-12-06;1.0225
15681;2012-12-07;1.0324
15684;2012-12-10;1.0338
15685;2012-12-11;1.034
15686;2012-12-12;1.0342
15687;2012-12-13;1.0313
15688;2012-12-14;1.0262
15691;2012-12-17;1.0203
15692;2012-12-18;1.0238
15693;2012-12-19;1.0241
15694;2012-12-20;1.0221
15695;2012-12-21;1.0254
15698;2012-12-24;1.0191
15702;2012-12-28;1.0194
15705;2012-12-31;1.0135
15707;2013-01-02;1.0197
15708;2013-01-03;1.0417
15709;2013-01-04;1.0473
15712;2013-01-07;1.0495
15713;2013-01-08;1.0432
15714;2013-01-09;1.0441
15715;2013-01-10;1.0442
15716;2013-01-11;1.0376
15719;2013-01-14;1.0296
15720;2013-01-15;1.0308
15721;2013-01-16;1.0348
15722;2013-01-17;1.0311
15723;2013-01-18;1.0389
15726;2013-01-21;1.0435
15727;2013-01-22;1.0425
15728;2013-01-23;1.0464
15729;2013-01-24;1.049
15730;2013-01-25;1.0489
15733;2013-01-28;1.0503
15734;2013-01-29;1.0501
15735;2013-01-30;1.0485
15736;2013-01-31;1.045
15737;2013-02-01;1.0402
15740;2013-02-04;1.0516
15741;2013-02-05;1.0433
15742;2013-02-06;1.0507
15743;2013-02-07;1.0462
15744;2013-02-08;1.0571
15747;2013-02-11;1.0613
15748;2013-02-12;1.0563
15749;2013-02-13;1.0577
15750;2013-02-14;1.0698
15751;2013-02-15;1.0723
15754;2013-02-18;1.0695
15755;2013-02-19;1.0738
15756;2013-02-20;1.0785
15757;2013-02-21;1.076
15758;2013-02-22;1.0749
15761;2013-02-25;1.0761
15762;2013-02-26;1.0753
15763;2013-02-27;1.0761
15764;2013-02-28;1.0871
15765;2013-03-01;1.0944
15768;2013-03-04;1.0972
15769;2013-03-05;1.1006
15770;2013-03-06;1.1083
15771;2013-03-07;1.1096
15772;2013-03-08;1.1059
15775;2013-03-11;1.1167
15776;2013-03-12;1.1169
15777;2013-03-13;1.1165
15778;2013-03-14;1.1233
15779;2013-03-15;1.1175
15783;2013-03-19;1.1183
15784;2013-03-20;1.1219
15785;2013-03-21;1.1251
15786;2013-03-22;1.1164
15789;2013-03-25;1.1207
15790;2013-03-26;1.1259
15791;2013-03-27;1.1361
15792;2013-03-28;1.1381
15797;2013-04-02;1.1384
15798;2013-04-03;1.1455
15799;2013-04-04;1.1392
15800;2013-04-05;1.1237
15803;2013-04-08;1.1176
15804;2013-04-09;1.1186
15805;2013-04-10;1.1187
15806;2013-04-11;1.1307
15807;2013-04-12;1.1342
15810;2013-04-15;1.1265
15811;2013-04-16;1.1129
15812;2013-04-17;1.1177
15813;2013-04-18;1.1134
15814;2013-04-19;1.1105
15817;2013-04-22;1.1195
15818;2013-04-23;1.1274
15819;2013-04-24;1.1337
15820;2013-04-25;1.1381
15821;2013-04-26;1.1454
15824;2013-04-29;1.1388
15825;2013-04-30;1.1441
15826;2013-05-01;1.1374
15827;2013-05-02;1.1336
15828;2013-05-03;1.1411
15832;2013-05-07;1.1541
15833;2013-05-08;1.1602
15834;2013-05-09;1.1644
15835;2013-05-10;1.1736
15838;2013-05-13;1.1732
15839;2013-05-14;1.1731
15840;2013-05-15;1.1889
15841;2013-05-16;1.1915
15842;2013-05-17;1.1878
15845;2013-05-20;1.1932
15846;2013-05-21;1.1921
15847;2013-05-22;1.1868
15848;2013-05-23;1.1761
15849;2013-05-24;1.1689
15852;2013-05-27;1.1676
15853;2013-05-28;1.1738
15854;2013-05-29;1.1728
15855;2013-05-30;1.1606
15856;2013-05-31;1.1627
15860;2013-06-04;1.149
15861;2013-06-05;1.1401
15862;2013-06-06;1.1271
15863;2013-06-07;1.1188
15866;2013-06-10;1.1344
15867;2013-06-11;1.1259
15868;2013-06-12;1.1225
15869;2013-06-13;1.1059
15870;2013-06-14;1.1163
15873;2013-06-17;1.1186
15874;2013-06-18;1.1184
15875;2013-06-19;1.1229
15876;2013-06-20;1.1138
15877;2013-06-21;1.1027
15880;2013-06-24;1.0932
15881;2013-06-25;1.0858
15882;2013-06-26;1.1054
15883;2013-06-27;1.1172
15884;2013-06-28;1.1245
15887;2013-07-01;1.1235
15888;2013-07-02;1.1283
15889;2013-07-03;1.1241
15890;2013-07-04;1.1264
15891;2013-07-05;1.1423
15894;2013-07-08;1.1461
15895;2013-07-09;1.1535
15896;2013-07-10;1.162
15897;2013-07-11;1.1556
15898;2013-07-12;1.1667
15901;2013-07-15;1.1668
15902;2013-07-16;1.1632
15903;2013-07-17;1.1577
15904;2013-07-18;1.1662
15905;2013-07-19;1.1647
15908;2013-07-22;1.1589
15909;2013-07-23;1.1652
15910;2013-07-24;1.1604
15911;2013-07-25;1.1545
15912;2013-07-26;1.1513
15915;2013-07-29;1.1501
15916;2013-07-30;1.1505
15917;2013-07-31;1.1502
15918;2013-08-01;1.1564
15919;2013-08-02;1.168
15923;2013-08-06;1.1637
15924;2013-08-07;1.1519
15925;2013-08-08;1.1466
15926;2013-08-09;1.1497
15929;2013-08-12;1.1545
15930;2013-08-13;1.1584
15931;2013-08-14;1.1664
15932;2013-08-15;1.1568
15933;2013-08-16;1.1457
15936;2013-08-19;1.1422
15937;2013-08-20;1.1325
15938;2013-08-21;1.1326
15939;2013-08-22;1.1348
15940;2013-08-23;1.1403
15943;2013-08-26;1.1452
15944;2013-08-27;1.1404
15945;2013-08-28;1.1241
15946;2013-08-29;1.1298
15947;2013-08-30;1.1333
15950;2013-09-02;1.136
15951;2013-09-03;1.1424
15952;2013-09-04;1.1419
15953;2013-09-05;1.1448
15954;2013-09-06;1.1532
15957;2013-09-09;1.1514
15958;2013-09-10;1.1587
15959;2013-09-11;1.1651
15960;2013-09-12;1.1656
15961;2013-09-13;1.1615
15964;2013-09-16;1.1669
15965;2013-09-17;1.1643
15966;2013-09-18;1.1706
15967;2013-09-19;1.1735
15968;2013-09-20;1.1716
15971;2013-09-23;1.1666
15972;2013-09-24;1.1636
15973;2013-09-25;1.1603
15974;2013-09-26;1.1634
15975;2013-09-27;1.1661
15978;2013-09-30;1.1611
15979;2013-10-01;1.1568
15980;2013-10-02;1.1597
15981;2013-10-03;1.1548
15982;2013-10-04;1.1464
15985;2013-10-07;1.1471
15986;2013-10-08;1.1434
15987;2013-10-09;1.1375
15988;2013-10-10;1.1384
15989;2013-10-11;1.1522
15992;2013-10-14;1.1565
15993;2013-10-15;1.1661
15994;2013-10-16;1.156
15995;2013-10-17;1.1624
15996;2013-10-18;1.1652
15999;2013-10-21;1.176
16000;2013-10-22;1.1771
16001;2013-10-23;1.175
16002;2013-10-24;1.1694
16003;2013-10-25;1.1716
16007;2013-10-29;1.1808
16008;2013-10-30;1.1887
16009;2013-10-31;1.1903
16010;2013-11-01;1.195
16013;2013-11-04;1.1958
16014;2013-11-05;1.1961
16015;2013-11-06;1.1966
16016;2013-11-07;1.1991
16017;2013-11-08;1.1938
16020;2013-11-11;1.2063
16021;2013-11-12;1.2065
16022;2013-11-13;1.2006
16023;2013-11-14;1.2083
16024;2013-11-15;1.2113
16027;2013-11-18;1.2122
16028;2013-11-19;1.2081
16029;2013-11-20;1.2017
16030;2013-11-21;1.2039
16031;2013-11-22;1.204
16034;2013-11-25;1.2073
16035;2013-11-26;1.2031
16036;2013-11-27;1.1989
16037;2013-11-28;1.2006
16038;2013-11-29;1.1993
16041;2013-12-02;1.2039
16042;2013-12-03;1.1979
16043;2013-12-04;1.1897
16044;2013-12-05;1.1859
16045;2013-12-06;1.1766
16048;2013-12-09;1.1799
16049;2013-12-10;1.1793
16050;2013-12-11;1.1734
16051;2013-12-12;1.1576
16052;2013-12-13;1.1572
16055;2013-12-16;1.1557
16056;2013-12-17;1.1611
16057;2013-12-18;1.1628
16058;2013-12-19;1.1782
16059;2013-12-20;1.1812
16062;2013-12-23;1.1875
16063;2013-12-24;1.1933
16069;2013-12-30;1.1986
16070;2013-12-31;1.2002
16072;2014-01-02;1.205
16073;2014-01-03;1.2018
16076;2014-01-06;1.202
16077;2014-01-07;1.1977
16078;2014-01-08;1.2071
16079;2014-01-09;1.2071
16080;2014-01-10;1.2063
16083;2014-01-13;1.2032
16084;2014-01-14;1.1905
16085;2014-01-15;1.2054
16086;2014-01-16;1.214
16087;2014-01-17;1.2159
16090;2014-01-20;1.218
16091;2014-01-21;1.2232
16092;2014-01-22;1.2243
16093;2014-01-23;1.2176
16094;2014-01-24;1.1994
16097;2014-01-27;1.1774
16098;2014-01-28;1.1736
16099;2014-01-29;1.1767
16100;2014-01-30;1.1685
16101;2014-01-31;1.1751
16104;2014-02-03;1.1781
16105;2014-02-04;1.1536
16106;2014-02-05;1.1608
16108;2014-02-07;1.1711
16111;2014-02-10;1.1761
16112;2014-02-11;1.1795
16113;2014-02-12;1.1958
16114;2014-02-13;1.19
16115;2014-02-14;1.1929
16118;2014-02-17;1.1985
16119;2014-02-18;1.1967
16120;2014-02-19;1.1971
16121;2014-02-20;1.1954
16122;2014-02-21;1.2033
16125;2014-02-24;1.2023
16126;2014-02-25;1.2075
16127;2014-02-26;1.2057
16128;2014-02-27;1.2091
16129;2014-02-28;1.2071
16132;2014-03-03;1.2052
16133;2014-03-04;1.2062
16134;2014-03-05;1.2184
16135;2014-03-06;1.2201
16136;2014-03-07;1.2106
16139;2014-03-10;1.2058
16140;2014-03-11;1.2044
16141;2014-03-12;1.1947
16142;2014-03-13;1.1884
16143;2014-03-14;1.1771
16147;2014-03-18;1.1827
16148;2014-03-19;1.1903
16149;2014-03-20;1.1894
16150;2014-03-21;1.196
16153;2014-03-24;1.1958
16154;2014-03-25;1.1916
16155;2014-03-26;1.199
16156;2014-03-27;1.1989
16157;2014-03-28;1.2026
16160;2014-03-31;1.2047
16161;2014-04-01;1.2105
16162;2014-04-02;1.2155
16163;2014-04-03;1.2186
16164;2014-04-04;1.2203
16167;2014-04-07;1.2095
16168;2014-04-08;1.1953
16169;2014-04-09;1.1962
16170;2014-04-10;1.1985
16171;2014-04-11;1.1787
16174;2014-04-14;1.1778
16175;2014-04-15;1.1855
16176;2014-04-16;1.1863
16177;2014-04-17;1.1923
16182;2014-04-22;1.2036
16183;2014-04-23;1.2065
16184;2014-04-24;1.206
16185;2014-04-25;1.202
16188;2014-04-28;1.1994
16189;2014-04-29;1.2055
16190;2014-04-30;1.2141
16191;2014-05-01;1.2106
16192;2014-05-02;1.2115
16196;2014-05-06;1.2058
16197;2014-05-07;1.2001
16198;2014-05-08;1.2021
16199;2014-05-09;1.2135
16202;2014-05-12;1.2199
16203;2014-05-13;1.2305
16204;2014-05-14;1.2336
16205;2014-05-15;1.2342
16206;2014-05-16;1.2247
16209;2014-05-19;1.2248
16210;2014-05-20;1.2278
16211;2014-05-21;1.2236
16212;2014-05-22;1.2351
16213;2014-05-23;1.2412
16216;2014-05-26;1.2438
16217;2014-05-27;1.2463
16218;2014-05-28;1.25
16219;2014-05-29;1.2495
16220;2014-05-30;1.2529
16224;2014-06-03;1.2558
16225;2014-06-04;1.2531
16226;2014-06-05;1.2555
16227;2014-06-06;1.2603
16230;2014-06-09;1.2637
16231;2014-06-10;1.2747
16232;2014-06-11;1.2762
16233;2014-06-12;1.2754
16234;2014-06-13;1.2678
16237;2014-06-16;1.2719
16238;2014-06-17;1.2698
16239;2014-06-18;1.2714
16240;2014-06-19;1.2771
16241;2014-06-20;1.2792
16244;2014-06-23;1.2787
16245;2014-06-24;1.2745
16246;2014-06-25;1.2681
16247;2014-06-26;1.2709
16248;2014-06-27;1.2701
16251;2014-06-30;1.2699
16252;2014-07-01;1.2698
16253;2014-07-02;1.2795
16254;2014-07-03;1.2795
16255;2014-07-04;1.289
16258;2014-07-07;1.2871
16259;2014-07-08;1.2807
16260;2014-07-09;1.2711
16261;2014-07-10;1.2682
16262;2014-07-11;1.2655
16265;2014-07-14;1.2693
16266;2014-07-15;1.2738
16267;2014-07-16;1.2788
16268;2014-07-17;1.2777
16269;2014-07-18;1.268
16272;2014-07-21;1.2743
16273;2014-07-22;1.2802
16274;2014-07-23;1.2865
16275;2014-07-24;1.2879
16276;2014-07-25;1.2877
16279;2014-07-28;1.2862
16280;2014-07-29;1.2862
16281;2014-07-30;1.2845
16282;2014-07-31;1.2807
16283;2014-08-01;1.2576
16287;2014-08-05;1.2621
16288;2014-08-06;1.2556
16289;2014-08-07;1.2532
16290;2014-08-08;1.2415
16293;2014-08-11;1.2551
16294;2014-08-12;1.2623
16295;2014-08-13;1.2626
16296;2014-08-14;1.2673
16297;2014-08-15;1.2735
16300;2014-08-18;1.2719
16301;2014-08-19;1.2862
16302;2014-08-20;1.2959
16303;2014-08-21;1.2986
16304;2014-08-22;1.2996
16307;2014-08-25;1.3063
16308;2014-08-26;1.3105
16309;2014-08-27;1.3153
16310;2014-08-28;1.3122
16311;2014-08-29;1.3111
16314;2014-09-01;1.3198
16315;2014-09-02;1.3223
16316;2014-09-03;1.3226
16317;2014-09-04;1.3226
16318;2014-09-05;1.3333
16321;2014-09-08;1.3354
16322;2014-09-09;1.3373
16323;2014-09-10;1.3263
16324;2014-09-11;1.3312
16325;2014-09-12;1.3318
16328;2014-09-15;1.3276
16329;2014-09-16;1.3239
16330;2014-09-17;1.3312
16331;2014-09-18;1.339
16332;2014-09-19;1.3465
16335;2014-09-22;1.3467
16336;2014-09-23;1.3298
16337;2014-09-24;1.3257
16338;2014-09-25;1.3433
16339;2014-09-26;1.3246
16342;2014-09-29;1.3329
16343;2014-09-30;1.3403
16344;2014-10-01;1.3384
16345;2014-10-02;1.3182
16346;2014-10-03;1.3145
16349;2014-10-06;1.3305
16350;2014-10-07;1.3223
16351;2014-10-08;1.2982
16352;2014-10-09;1.3053
16353;2014-10-10;1.2859
16356;2014-10-13;1.2775
16357;2014-10-14;1.2639
16358;2014-10-15;1.2675
16359;2014-10-16;1.2358
16360;2014-10-17;1.2368
16363;2014-10-20;1.2534
16364;2014-10-21;1.2648
16365;2014-10-22;1.2888
16366;2014-10-23;1.2861
16367;2014-10-24;1.2998
16371;2014-10-28;1.3051
16372;2014-10-29;1.3149
16373;2014-10-30;1.3224
16374;2014-10-31;1.3355
16377;2014-11-03;1.3453
16378;2014-11-04;1.3468
16379;2014-11-05;1.3473
16380;2014-11-06;1.3537
16381;2014-11-07;1.3656
16384;2014-11-10;1.3588
16385;2014-11-11;1.3709
16386;2014-11-12;1.3666
16387;2014-11-13;1.3686
16388;2014-11-14;1.3697
16391;2014-11-17;1.3625
16392;2014-11-18;1.3672
16393;2014-11-19;1.3694
16394;2014-11-20;1.365
16395;2014-11-21;1.3836
16398;2014-11-24;1.3903
16399;2014-11-25;1.3901
16400;2014-11-26;1.3904
16401;2014-11-27;1.3887
16402;2014-11-28;1.3857
16405;2014-12-01;1.3868
16406;2014-12-02;1.3857
16407;2014-12-03;1.3995
16408;2014-12-04;1.4062
16409;2014-12-05;1.3985
16412;2014-12-08;1.4053
16413;2014-12-09;1.3895
16414;2014-12-10;1.3846
16415;2014-12-11;1.3577
16416;2014-12-12;1.3595
16419;2014-12-15;1.3467
16420;2014-12-16;1.3209
16421;2014-12-17;1.3225
16422;2014-12-18;1.358
16423;2014-12-19;1.3874
16426;2014-12-22;1.3914
16427;2014-12-23;1.4003
16428;2014-12-24;1.4072
16433;2014-12-29;1.4074
16434;2014-12-30;1.4083
16435;2014-12-31;1.4056
16437;2015-01-02;1.4033
16440;2015-01-05;1.4128
16441;2015-01-06;1.3903
16442;2015-01-07;1.3863
16443;2015-01-08;1.4103
16444;2015-01-09;1.4249
16447;2015-01-12;1.4207
16448;2015-01-13;1.4201
16449;2015-01-14;1.4209
16450;2015-01-15;1.4239
16451;2015-01-16;1.435
16454;2015-01-19;1.4478
16455;2015-01-20;1.452
16456;2015-01-21;1.4508
16457;2015-01-22;1.448
16458;2015-01-23;1.5263
16461;2015-01-26;1.5201
16462;2015-01-27;1.5173
16463;2015-01-28;1.4947
16464;2015-01-29;1.4877
16465;2015-01-30;1.4872
16468;2015-02-02;1.4736
16469;2015-02-03;1.4865
16470;2015-02-04;1.4853
16471;2015-02-05;1.4892
16472;2015-02-06;1.4946
16475;2015-02-09;1.503
16476;2015-02-10;1.5078
16477;2015-02-11;1.5124
16478;2015-02-12;1.5153
16479;2015-02-13;1.5226
16482;2015-02-16;1.5275
16483;2015-02-17;1.5246
16484;2015-02-18;1.5379
16485;2015-02-19;1.5369
16486;2015-02-20;1.5461
16489;2015-02-23;1.5546
16490;2015-02-24;1.5552
16491;2015-02-25;1.558
16492;2015-02-26;1.5585
16493;2015-02-27;1.5746
16496;2015-03-02;1.5721
16497;2015-03-03;1.5895
16498;2015-03-04;1.5854
16499;2015-03-05;1.5962
16500;2015-03-06;1.6111
16503;2015-03-09;1.6026
16504;2015-03-10;1.6143
16505;2015-03-11;1.6166
16506;2015-03-12;1.6156
16507;2015-03-13;1.6309
16510;2015-03-16;1.6358
16512;2015-03-18;1.6345
16513;2015-03-19;1.6373
16514;2015-03-20;1.6326
16517;2015-03-23;1.617
16518;2015-03-24;1.6103
16519;2015-03-25;1.6046
16520;2015-03-26;1.586
16521;2015-03-27;1.6065
16524;2015-03-30;1.612
16525;2015-03-31;1.6307
16526;2015-04-01;1.624
16527;2015-04-02;1.6136
16532;2015-04-07;1.6288
16533;2015-04-08;1.6308
16534;2015-04-09;1.6495
16535;2015-04-10;1.682
16538;2015-04-13;1.6919
16539;2015-04-14;1.6847
16540;2015-04-15;1.6839
16541;2015-04-16;1.6671
16542;2015-04-17;1.6471
16545;2015-04-20;1.6447
16546;2015-04-21;1.6614
16547;2015-04-22;1.6506
16548;2015-04-23;1.6621
16549;2015-04-24;1.6611
16552;2015-04-27;1.6649
16553;2015-04-28;1.646
16554;2015-04-29;1.6398
16555;2015-04-30;1.5982
16556;2015-05-01;1.5794
16560;2015-05-05;1.6096
16561;2015-05-06;1.5802
16562;2015-05-07;1.5532
16563;2015-05-08;1.584
16566;2015-05-11;1.6088
16567;2015-05-12;1.5876
16568;2015-05-13;1.5942
16569;2015-05-14;1.5678
16570;2015-05-15;1.5928
16573;2015-05-18;1.5839
16574;2015-05-19;1.6167
16575;2015-05-20;1.6341
16576;2015-05-21;1.6278
16577;2015-05-22;1.6316
16580;2015-05-25;1.6468
16581;2015-05-26;1.6578
16582;2015-05-27;1.646
16583;2015-05-28;1.6486
16584;2015-05-29;1.6443
16588;2015-06-02;1.6198
16589;2015-06-03;1.6092
16590;2015-06-04;1.5809
16591;2015-06-05;1.5827
16594;2015-06-08;1.5902
16595;2015-06-09;1.5641
16596;2015-06-10;1.5671
16597;2015-06-11;1.5903
16598;2015-06-12;1.598
16601;2015-06-15;1.582
16602;2015-06-16;1.5702
16603;2015-06-17;1.5804
16605;2015-06-19;1.5969
16608;2015-06-22;1.595
16609;2015-06-23;1.6235
16610;2015-06-24;1.6249
16611;2015-06-25;1.618
16612;2015-06-26;1.6117
16615;2015-06-29;1.6069
16616;2015-06-30;1.581
16617;2015-07-01;1.594
16618;2015-07-02;1.6046
16619;2015-07-03;1.5967
16622;2015-07-06;1.5985
16623;2015-07-07;1.5994
16624;2015-07-08;1.5941
16625;2015-07-09;1.5861
16626;2015-07-10;1.5821
16629;2015-07-13;1.6204
16630;2015-07-14;1.6395
16631;2015-07-15;1.6487
16632;2015-07-16;1.6697
16633;2015-07-17;1.6837
16636;2015-07-20;1.698
16637;2015-07-21;1.6955
16638;2015-07-22;1.6754
16639;2015-07-23;1.6662
16640;2015-07-24;1.6653
16643;2015-07-27;1.6275
16644;2015-07-28;1.6288
16645;2015-07-29;1.6403
16646;2015-07-30;1.6608
16647;2015-07-31;1.6627
16651;2015-08-04;1.6643
16652;2015-08-05;1.6783
16653;2015-08-06;1.6718
16654;2015-08-07;1.6574
16657;2015-08-10;1.6533
16658;2015-08-11;1.6497
16659;2015-08-12;1.6157
16660;2015-08-13;1.6197
16661;2015-08-14;1.611
16664;2015-08-17;1.6264
16665;2015-08-18;1.6368
16666;2015-08-19;1.6334
16667;2015-08-20;1.6003
16668;2015-08-21;1.5561
16671;2015-08-24;1.4761
16672;2015-08-25;1.4501
16673;2015-08-26;1.4422
16674;2015-08-27;1.4954
16675;2015-08-28;1.5142
16678;2015-08-31;1.5241
16679;2015-09-01;1.4954
16680;2015-09-02;1.4677
16681;2015-09-03;1.4986
16682;2015-09-04;1.4995
16685;2015-09-07;1.4836
16686;2015-09-08;1.4911
16687;2015-09-09;1.5223
16688;2015-09-10;1.4973
16689;2015-09-11;1.4812
16692;2015-09-14;1.4814
16693;2015-09-15;1.4785
16694;2015-09-16;1.508
16695;2015-09-17;1.506
16696;2015-09-18;1.4873
16699;2015-09-21;1.4885
16700;2015-09-22;1.4995
16701;2015-09-23;1.4868
16702;2015-09-24;1.4713
16703;2015-09-25;1.4831
16706;2015-09-28;1.4749
16707;2015-09-29;1.4382
16708;2015-09-30;1.448
16709;2015-10-01;1.4715
16710;2015-10-02;1.4745
16713;2015-10-05;1.485
16714;2015-10-06;1.5021
16715;2015-10-07;1.4961
16716;2015-10-08;1.4909
16717;2015-10-09;1.4967
16720;2015-10-12;1.4959
16721;2015-10-13;1.4955
16722;2015-10-14;1.4859
16723;2015-10-15;1.4894
16724;2015-10-16;1.5166
16727;2015-10-19;1.5261
16728;2015-10-20;1.5204
16729;2015-10-21;1.5238
16730;2015-10-22;1.5208
16731;2015-10-23;1.5706
16735;2015-10-27;1.5884
16736;2015-10-28;1.5838
16737;2015-10-29;1.6092
16738;2015-10-30;1.6006
16741;2015-11-02;1.6
16742;2015-11-03;1.6151
16743;2015-11-04;1.6281
16744;2015-11-05;1.6302
16745;2015-11-06;1.6243
16748;2015-11-09;1.6327
16749;2015-11-10;1.6252
16750;2015-11-11;1.6329
16751;2015-11-12;1.6263
16752;2015-11-13;1.5953
16755;2015-11-16;1.5893
16756;2015-11-17;1.6234
16757;2015-11-18;1.6237
16758;2015-11-19;1.639
16759;2015-11-20;1.6417
16762;2015-11-23;1.6526
16763;2015-11-24;1.6447
16764;2015-11-25;1.6574
16765;2015-11-26;1.6574
16766;2015-11-27;1.6605
16769;2015-11-30;1.6605
16770;2015-12-01;1.6558
16771;2015-12-02;1.6698
16772;2015-12-03;1.6701
16773;2015-12-04;1.5977
16776;2015-12-07;1.6339
16777;2015-12-08;1.6152
16778;2015-12-09;1.5999
16779;2015-12-10;1.5837
16780;2015-12-11;1.5794
16783;2015-12-14;1.5588
16784;2015-12-15;1.5574
16785;2015-12-16;1.5822
16786;2015-12-17;1.6146
16787;2015-12-18;1.5952
16790;2015-12-21;1.5732
16791;2015-12-22;1.5666
16792;2015-12-23;1.5817
16793;2015-12-24;1.5905
16798;2015-12-29;1.5884
16799;2015-12-30;1.606
16800;2015-12-31;1.6007
16804;2016-01-04;1.5725
16805;2016-01-05;1.5758
16806;2016-01-06;1.5752
16807;2016-01-07;1.5196
16808;2016-01-08;1.52
16811;2016-01-11;1.5041
16812;2016-01-12;1.5095
16813;2016-01-13;1.5263
16814;2016-01-14;1.4741
16815;2016-01-15;1.4857
16818;2016-01-18;1.4626
16819;2016-01-19;1.4709
16820;2016-01-20;1.4491
16821;2016-01-21;1.438
16822;2016-01-22;1.4706
16825;2016-01-25;1.4947
16826;2016-01-26;1.4767
16827;2016-01-27;1.488
16828;2016-01-28;1.4719
16829;2016-01-29;1.4776
16832;2016-02-01;1.5146
16833;2016-02-02;1.5085
16834;2016-02-03;1.4854
16835;2016-02-04;1.4486
16836;2016-02-05;1.4441
16839;2016-02-08;1.4194
16840;2016-02-09;1.3849
16841;2016-02-10;1.3812
16842;2016-02-11;1.3676
16843;2016-02-12;1.3643
16846;2016-02-15;1.4078
16847;2016-02-16;1.4097
16848;2016-02-17;1.4276
16849;2016-02-18;1.459
16850;2016-02-19;1.446
16853;2016-02-22;1.4599
16854;2016-02-23;1.4752
16855;2016-02-24;1.4576
16856;2016-02-25;1.4632
16857;2016-02-26;1.4796
16860;2016-02-29;1.4899
16861;2016-03-01;1.4952
16862;2016-03-02;1.5219
16863;2016-03-03;1.5189
16864;2016-03-04;1.5122
16867;2016-03-07;1.5138
16868;2016-03-08;1.5026
16869;2016-03-09;1.506
16870;2016-03-10;1.513
16871;2016-03-11;1.5012
16874;2016-03-14;1.5189
16875;2016-03-15;1.5184
16876;2016-03-16;1.5131
16878;2016-03-18;1.5027
16881;2016-03-21;1.5038
16882;2016-03-22;1.5101
16883;2016-03-23;1.5155
16884;2016-03-24;1.5077
16889;2016-03-29;1.5058
16890;2016-03-30;1.5132
16891;2016-03-31;1.5057
16892;2016-04-01;1.4867
16895;2016-04-04;1.5091
16896;2016-04-05;1.4979
16897;2016-04-06;1.4903
16898;2016-04-07;1.5025
16899;2016-04-08;1.4953
16902;2016-04-11;1.4965
16903;2016-04-12;1.4924
16904;2016-04-13;1.5188
16905;2016-04-14;1.5393
16906;2016-04-15;1.5349
16909;2016-04-18;1.5275
16910;2016-04-19;1.5428
16911;2016-04-20;1.5376
16912;2016-04-21;1.5428
16913;2016-04-22;1.5427
16916;2016-04-25;1.5359
16917;2016-04-26;1.5296
16918;2016-04-27;1.5279
16919;2016-04-28;1.5187
16920;2016-04-29;1.5029
16924;2016-05-03;1.4747
16925;2016-05-04;1.4727
16926;2016-05-05;1.4723
16927;2016-05-06;1.471
16930;2016-05-09;1.4834
16931;2016-05-10;1.4943
16932;2016-05-11;1.5001
16933;2016-05-12;1.495
16934;2016-05-13;1.4918
16937;2016-05-16;1.4891
16938;2016-05-17;1.5024
16939;2016-05-18;1.4974
16940;2016-05-19;1.502
16941;2016-05-20;1.4991
16944;2016-05-23;1.5048
16945;2016-05-24;1.5104
16946;2016-05-25;1.5374
16947;2016-05-26;1.5407
16948;2016-05-27;1.5454
16951;2016-05-30;1.556
16952;2016-05-31;1.5556
16953;2016-06-01;1.5506
16954;2016-06-02;1.5461
16955;2016-06-03;1.5605
16959;2016-06-07;1.5407
16960;2016-06-08;1.5378
16961;2016-06-09;1.5408
16962;2016-06-10;1.5348
16965;2016-06-13;1.5147
16966;2016-06-14;1.5066
16967;2016-06-15;1.5074
16968;2016-06-16;1.5012
16969;2016-06-17;1.5039
16972;2016-06-20;1.5103
16973;2016-06-21;1.5195
16974;2016-06-22;1.5265
16975;2016-06-23;1.5225
16976;2016-06-24;1.5379
16979;2016-06-27;1.5058
16980;2016-06-28;1.486
16981;2016-06-29;1.5107
16982;2016-06-30;1.5266
16983;2016-07-01;1.5462
16986;2016-07-04;1.5515
16987;2016-07-05;1.5449
16988;2016-07-06;1.5398
16989;2016-07-07;1.5486
16990;2016-07-08;1.5484
16993;2016-07-11;1.5713
16994;2016-07-12;1.5729
16995;2016-07-13;1.5797
16996;2016-07-14;1.582
16997;2016-07-15;1.5785
17000;2016-07-18;1.5874
17001;2016-07-19;1.5877
17002;2016-07-20;1.5943
17003;2016-07-21;1.6039
17004;2016-07-22;1.6027
17007;2016-07-25;1.613
17008;2016-07-26;1.6111
17009;2016-07-27;1.6121
17010;2016-07-28;1.6014
17011;2016-07-29;1.5964
17015;2016-08-02;1.59
17016;2016-08-03;1.5774
17017;2016-08-04;1.5893
17018;2016-08-05;1.5949
17021;2016-08-08;1.6115
17022;2016-08-09;1.6097
17023;2016-08-10;1.6036
17024;2016-08-11;1.609
17025;2016-08-12;1.615
17028;2016-08-15;1.6143
17029;2016-08-16;1.6023
17030;2016-08-17;1.5937
17031;2016-08-18;1.5884
17032;2016-08-19;1.5873
17035;2016-08-22;1.5881
17036;2016-08-23;1.5892
17037;2016-08-24;1.5982
17038;2016-08-25;1.5875
17039;2016-08-26;1.5764
17042;2016-08-29;1.5876
17043;2016-08-30;1.5952
17044;2016-08-31;1.5962
17045;2016-09-01;1.5923
17046;2016-09-02;1.5942
17049;2016-09-05;1.6076
17050;2016-09-06;1.6063
17051;2016-09-07;1.5994
17052;2016-09-08;1.5934
17053;2016-09-09;1.5836
17056;2016-09-12;1.5577
17057;2016-09-13;1.5752
17058;2016-09-14;1.5602
17059;2016-09-15;1.5579
17060;2016-09-16;1.5685
17063;2016-09-19;1.5742
17064;2016-09-20;1.5729
17065;2016-09-21;1.5827
17066;2016-09-22;1.5873
17067;2016-09-23;1.5942
17070;2016-09-26;1.5838
17071;2016-09-27;1.5754
17072;2016-09-28;1.5887
17073;2016-09-29;1.5956
17074;2016-09-30;1.5841
17077;2016-10-03;1.5882
17078;2016-10-04;1.5953
17079;2016-10-05;1.58
17080;2016-10-06;1.584
17081;2016-10-07;1.5839
17084;2016-10-10;1.5769
17085;2016-10-11;1.5925
17086;2016-10-12;1.5826
17087;2016-10-13;1.5755
17088;2016-10-14;1.5814
17091;2016-10-17;1.5804
17092;2016-10-18;1.5803
17093;2016-10-19;1.5885
17094;2016-10-20;1.5915
17095;2016-10-21;1.5999
17098;2016-10-24;1.5995
17099;2016-10-25;1.6075
17100;2016-10-26;1.5898
17101;2016-10-27;1.5873
17102;2016-10-28;1.5836
17106;2016-11-01;1.5655
17107;2016-11-02;1.5481
17108;2016-11-03;1.5436
17109;2016-11-04;1.5276
17112;2016-11-07;1.533
17113;2016-11-08;1.5556
17114;2016-11-09;1.5442
17115;2016-11-10;1.5779
17116;2016-11-11;1.569
17119;2016-11-14;1.5757
17120;2016-11-15;1.5729
17121;2016-11-16;1.5863
17122;2016-11-17;1.5901
17123;2016-11-18;1.6055
17126;2016-11-21;1.6014
17127;2016-11-22;1.6113
17128;2016-11-23;1.6097
17129;2016-11-24;1.6179
17130;2016-11-25;1.6186
17133;2016-11-28;1.6186
17134;2016-11-29;1.616
17135;2016-11-30;1.6154
17136;2016-12-01;1.6021
17137;2016-12-02;1.581
17140;2016-12-05;1.5821
17141;2016-12-06;1.5876
17142;2016-12-07;1.5907
17143;2016-12-08;1.6026
17144;2016-12-09;1.6345
17147;2016-12-12;1.6394
17148;2016-12-13;1.643
17149;2016-12-14;1.6463
17150;2016-12-15;1.664
17151;2016-12-16;1.666
17154;2016-12-19;1.6666
17155;2016-12-20;1.6761
17156;2016-12-21;1.6751
17157;2016-12-22;1.6636
17158;2016-12-23;1.6601
17163;2016-12-28;1.6663
17164;2016-12-29;1.6548
17165;2016-12-30;1.6404
17169;2017-01-03;1.6585
17170;2017-01-04;1.6649
17171;2017-01-05;1.6682
17172;2017-01-06;1.6545
17175;2017-01-09;1.6626
17176;2017-01-10;1.6544
17177;2017-01-11;1.6596
17178;2017-01-12;1.6458
17179;2017-01-13;1.6439
17182;2017-01-16;1.6493
17183;2017-01-17;1.6328
17184;2017-01-18;1.6323
17185;2017-01-19;1.6353
17186;2017-01-20;1.6306
17189;2017-01-23;1.6211
17190;2017-01-24;1.6159
17191;2017-01-25;1.6249
17192;2017-01-26;1.6349
17193;2017-01-27;1.635
17196;2017-01-30;1.64
17197;2017-01-31;1.6232
17198;2017-02-01;1.6207
17199;2017-02-02;1.6199
17200;2017-02-03;1.6326
17203;2017-02-06;1.6408
17204;2017-02-07;1.6467
17205;2017-02-08;1.6534
17206;2017-02-09;1.6485
17207;2017-02-10;1.6595
17210;2017-02-13;1.6674
17211;2017-02-14;1.6758
17212;2017-02-15;1.6902
17213;2017-02-16;1.6886
17214;2017-02-17;1.6874
17217;2017-02-20;1.6951
17218;2017-02-21;1.7075
17219;2017-02-22;1.7211
17220;2017-02-23;1.7136
17221;2017-02-24;1.7041
17224;2017-02-27;1.7094
17225;2017-02-28;1.7055
17226;2017-03-01;1.7105
17227;2017-03-02;1.7234
17228;2017-03-03;1.714
17231;2017-03-06;1.7081
17232;2017-03-07;1.7024
17233;2017-03-08;1.6999
17234;2017-03-09;1.7005
17235;2017-03-10;1.6985
17238;2017-03-13;1.6919
17239;2017-03-14;1.6947
17240;2017-03-15;1.6968
17241;2017-03-16;1.6963
17245;2017-03-20;1.6949
17246;2017-03-21;1.6867
17247;2017-03-22;1.6707
17248;2017-03-23;1.6755
17249;2017-03-24;1.6735
17252;2017-03-27;1.6659
17253;2017-03-28;1.6705
17254;2017-03-29;1.683
17255;2017-03-30;1.6919
17256;2017-03-31;1.7011
17259;2017-04-03;1.7056
17260;2017-04-04;1.703
17261;2017-04-05;1.6995
17262;2017-04-06;1.6941
17263;2017-04-07;1.7003
17266;2017-04-10;1.7062
17267;2017-04-11;1.7052
17268;2017-04-12;1.7069
17269;2017-04-13;1.6988
17274;2017-04-18;1.6967
17275;2017-04-19;1.6862
17276;2017-04-20;1.6822
17277;2017-04-21;1.6946
17280;2017-04-24;1.6842
17281;2017-04-25;1.6963
17282;2017-04-26;1.6949
17283;2017-04-27;1.6977
17284;2017-04-28;1.6962
17288;2017-05-02;1.7122
17289;2017-05-03;1.7182
17290;2017-05-04;1.711
17291;2017-05-05;1.7116
17294;2017-05-08;1.7216
17295;2017-05-09;1.732
17296;2017-05-10;1.7356
17297;2017-05-11;1.7349
17298;2017-05-12;1.7337
17301;2017-05-15;1.724
17302;2017-05-16;1.7192
17303;2017-05-17;1.7166
17304;2017-05-18;1.6857
17305;2017-05-19;1.6826
17308;2017-05-22;1.6829
17309;2017-05-23;1.6906
17310;2017-05-24;1.6968
17311;2017-05-25;1.6966
17312;2017-05-26;1.6992
17315;2017-05-29;1.7054
17316;2017-05-30;1.7088
17317;2017-05-31;1.7064
17318;2017-06-01;1.7064
17319;2017-06-02;1.7195
17323;2017-06-06;1.7179
17324;2017-06-07;1.7184
17325;2017-06-08;1.7103
17326;2017-06-09;1.7103
17329;2017-06-12;1.7009
17330;2017-06-13;1.7038
17331;2017-06-14;1.7113
17332;2017-06-15;1.7096
17333;2017-06-16;1.7082
17336;2017-06-19;1.7087
17337;2017-06-20;1.7276
17338;2017-06-21;1.7135
17339;2017-06-22;1.7143
17340;2017-06-23;1.7137
17343;2017-06-26;1.7212
17344;2017-06-27;1.707
17345;2017-06-28;1.6833
17346;2017-06-29;1.6838
17347;2017-06-30;1.6717
17350;2017-07-03;1.6705
17351;2017-07-04;1.6714
17352;2017-07-05;1.673
17353;2017-07-06;1.6663
17354;2017-07-07;1.6476
17358;2017-07-11;1.6562
17359;2017-07-12;1.6539
17360;2017-07-13;1.6767
17361;2017-07-14;1.6758
17364;2017-07-17;1.6781
17365;2017-07-18;1.6654
17366;2017-07-19;1.6702
17367;2017-07-20;1.6819
17368;2017-07-21;1.6644
17371;2017-07-24;1.6579
17372;2017-07-25;1.6617
17373;2017-07-26;1.6666
17374;2017-07-27;1.668
17375;2017-07-28;1.658
17378;2017-07-31;1.653
17379;2017-08-01;1.6437
17380;2017-08-02;1.6444
17381;2017-08-03;1.6442
17382;2017-08-04;1.6351
17386;2017-08-08;1.6392
17387;2017-08-09;1.6429
17388;2017-08-10;1.6396
17389;2017-08-11;1.6166
17392;2017-08-14;1.6182
17393;2017-08-15;1.6315
17394;2017-08-16;1.6402
17395;2017-08-17;1.6429
17396;2017-08-18;1.617
17399;2017-08-21;1.6117
17400;2017-08-22;1.6139
17401;2017-08-23;1.6216
17402;2017-08-24;1.6175
17403;2017-08-25;1.6138
17406;2017-08-28;1.6007
17407;2017-08-29;1.5869
17408;2017-08-30;1.6036
17409;2017-08-31;1.622
17410;2017-09-01;1.6288
17413;2017-09-04;1.6264
17414;2017-09-05;1.6267
17415;2017-09-06;1.6156
17416;2017-09-07;1.6176
17417;2017-09-08;1.6126
17420;2017-09-11;1.6226
17421;2017-09-12;1.6392
17422;2017-09-13;1.6388
17423;2017-09-14;1.6476
17424;2017-09-15;1.6379
17427;2017-09-18;1.6427
17428;2017-09-19;1.6403
17429;2017-09-20;1.6374
17430;2017-09-21;1.6423
17431;2017-09-22;1.6345
17434;2017-09-25;1.6471
17435;2017-09-26;1.6522
17436;2017-09-27;1.656
17437;2017-09-28;1.6564
17438;2017-09-29;1.6555
17441;2017-10-02;1.668
17442;2017-10-03;1.6759
17443;2017-10-04;1.6746
17444;2017-10-05;1.6758
17445;2017-10-06;1.6868
17448;2017-10-09;1.6796
17449;2017-10-10;1.6785
17450;2017-10-11;1.6768
17451;2017-10-12;1.674
17452;2017-10-13;1.6799
17455;2017-10-16;1.6845
17456;2017-10-17;1.6862
17457;2017-10-18;1.691
17458;2017-10-19;1.6784
17459;2017-10-20;1.681
17462;2017-10-23;1.6919
17463;2017-10-24;1.6841
17464;2017-10-25;1.6783
17465;2017-10-26;1.6722
17466;2017-10-27;1.7017
17470;2017-10-31;1.712
17471;2017-11-01;1.7219
17472;2017-11-02;1.7206
17473;2017-11-03;1.7198
17476;2017-11-06;1.7317
17477;2017-11-07;1.7331
17478;2017-11-08;1.7265
17479;2017-11-09;1.7233
17480;2017-11-10;1.7186
17483;2017-11-13;1.7147
17484;2017-11-14;1.7087
17485;2017-11-15;1.6877
17486;2017-11-16;1.6991
17487;2017-11-17;1.7105
17490;2017-11-20;1.7121
17491;2017-11-21;1.7249
17492;2017-11-22;1.732
17493;2017-11-23;1.7193
17494;2017-11-24;1.7207
17497;2017-11-27;1.7106
17498;2017-11-28;1.7135
17499;2017-11-29;1.7283
17500;2017-11-30;1.7198
17501;2017-12-01;1.7102
17504;2017-12-04;1.7167
17505;2017-12-05;1.7081
17506;2017-12-06;1.7088
17507;2017-12-07;1.7176
17508;2017-12-08;1.7251
17511;2017-12-11;1.7254
17512;2017-12-12;1.7334
17513;2017-12-13;1.7381
17514;2017-12-14;1.7262
17515;2017-12-15;1.7236
17518;2017-12-18;1.7402
17519;2017-12-19;1.7426
17520;2017-12-20;1.7326
17521;2017-12-21;1.7236
17522;2017-12-22;1.7284
17527;2017-12-27;1.7183
17528;2017-12-28;1.7196
17529;2017-12-29;1.7136
17533;2018-01-02;1.7021
17534;2018-01-03;1.7162
17535;2018-01-04;1.7218
17536;2018-01-05;1.7323
17539;2018-01-08;1.7502
17540;2018-01-09;1.7624
17541;2018-01-10;1.7529
17542;2018-01-11;1.7536
17543;2018-01-12;1.7369
17546;2018-01-15;1.7328
17547;2018-01-16;1.739
17548;2018-01-17;1.7323
17549;2018-01-18;1.7358
17550;2018-01-19;1.736
17553;2018-01-22;1.742
17554;2018-01-23;1.7544
17555;2018-01-24;1.749
17556;2018-01-25;1.7392
17557;2018-01-26;1.7375
17560;2018-01-29;1.7491
17561;2018-01-30;1.7378
17562;2018-01-31;1.7222
17563;2018-02-01;1.7206
17564;2018-02-02;1.7022
17567;2018-02-05;1.6733
17568;2018-02-06;1.6277
17569;2018-02-07;1.6441
17570;2018-02-08;1.653
17571;2018-02-09;1.607
17574;2018-02-12;1.6236
17575;2018-02-13;1.6253
17576;2018-02-14;1.6309
17577;2018-02-15;1.6373
17578;2018-02-16;1.6495
17581;2018-02-19;1.6596
17582;2018-02-20;1.6611
17583;2018-02-21;1.6617
17584;2018-02-22;1.6594
17585;2018-02-23;1.6612
17588;2018-02-26;1.675
17589;2018-02-27;1.6844
17590;2018-02-28;1.678
17591;2018-03-01;1.6653
17592;2018-03-02;1.634
17595;2018-03-05;1.6395
17596;2018-03-06;1.6463
17597;2018-03-07;1.641
17598;2018-03-08;1.6518
17599;2018-03-09;1.667
17602;2018-03-12;1.6888
17603;2018-03-13;1.6847
17604;2018-03-14;1.6721
17605;2018-03-15;1.6686
17606;2018-03-16;1.6742
17610;2018-03-20;1.6592
17611;2018-03-21;1.6618
17612;2018-03-22;1.6526
17613;2018-03-23;1.6201
17616;2018-03-26;1.6032
17617;2018-03-27;1.6298
17618;2018-03-28;1.6153
17619;2018-03-29;1.6266
17624;2018-04-03;1.6216
17625;2018-04-04;1.6208
17626;2018-04-05;1.643
17627;2018-04-06;1.6571
17630;2018-04-09;1.6414
17631;2018-04-10;1.6446
17632;2018-04-11;1.6518
17633;2018-04-12;1.6517
17634;2018-04-13;1.6649
17637;2018-04-16;1.6573
17638;2018-04-17;1.6656
17639;2018-04-18;1.6816
17640;2018-04-19;1.6807
17641;2018-04-20;1.6804
17644;2018-04-23;1.6736
17645;2018-04-24;1.6797
17646;2018-04-25;1.6648
17647;2018-04-26;1.6725
17648;2018-04-27;1.694
17651;2018-04-30;1.6995
17652;2018-05-01;1.6975
17653;2018-05-02;1.708
17654;2018-05-03;1.7009
17655;2018-05-04;1.7029
17659;2018-05-08;1.7286
17660;2018-05-09;1.728
17661;2018-05-10;1.738
17662;2018-05-11;1.7446
17665;2018-05-14;1.745
17666;2018-05-15;1.7491
17667;2018-05-16;1.7542
17668;2018-05-17;1.7574
17669;2018-05-18;1.7558
17672;2018-05-21;1.759
17673;2018-05-22;1.7591
17674;2018-05-23;1.7626
17675;2018-05-24;1.7656
17676;2018-05-25;1.7653
17679;2018-05-28;1.7696
17680;2018-05-29;1.7716
17681;2018-05-30;1.7517
17682;2018-05-31;1.7603
17683;2018-06-01;1.7503
17687;2018-06-05;1.7772
17688;2018-06-06;1.7678
17689;2018-06-07;1.7673
17690;2018-06-08;1.7683
17693;2018-06-11;1.7719
17694;2018-06-12;1.773
17695;2018-06-13;1.7765
17696;2018-06-14;1.7603
17697;2018-06-15;1.7967
17700;2018-06-18;1.7811
17701;2018-06-19;1.7814
17702;2018-06-20;1.7892
17703;2018-06-21;1.7928
17704;2018-06-22;1.7792
17707;2018-06-25;1.7715
17708;2018-06-26;1.7541
17709;2018-06-27;1.7574
17710;2018-06-28;1.7535
17711;2018-06-29;1.7607
17714;2018-07-02;1.7505
17715;2018-07-03;1.7569
17716;2018-07-04;1.7534
17717;2018-07-05;1.7486
17718;2018-07-06;1.7535
17721;2018-07-09;1.7617
17722;2018-07-10;1.7727
17723;2018-07-11;1.768
17724;2018-07-12;1.7756
17725;2018-07-13;1.8031
17728;2018-07-16;1.7919
17729;2018-07-17;1.7892
17730;2018-07-18;1.807
17731;2018-07-19;1.8092
17732;2018-07-20;1.798
17735;2018-07-23;1.7918
17736;2018-07-24;1.7997
17737;2018-07-25;1.8033
17738;2018-07-26;1.8176
17739;2018-07-27;1.8292
17742;2018-07-30;1.8126
17743;2018-07-31;1.8033
17744;2018-08-01;1.8048
17745;2018-08-02;1.8086
17746;2018-08-03;1.8269
17750;2018-08-07;1.8396
17751;2018-08-08;1.8413
17752;2018-08-09;1.8401
17753;2018-08-10;1.8493
17756;2018-08-13;1.85
17757;2018-08-14;1.8505
17758;2018-08-15;1.8615
17759;2018-08-16;1.8446
17760;2018-08-17;1.8506
17763;2018-08-20;1.856
17764;2018-08-21;1.8471
17765;2018-08-22;1.8407
17766;2018-08-23;1.8433
17767;2018-08-24;1.8442
17770;2018-08-27;1.8463
17771;2018-08-28;1.8445
17772;2018-08-29;1.85
17773;2018-08-30;1.8513
17774;2018-08-31;1.8511
17777;2018-09-03;1.8562
17778;2018-09-04;1.8584
17779;2018-09-05;1.8457
17780;2018-09-06;1.8329
17781;2018-09-07;1.825
17784;2018-09-10;1.83
17785;2018-09-11;1.8322
17786;2018-09-12;1.8404
17787;2018-09-13;1.841
17788;2018-09-14;1.8406
17791;2018-09-17;1.8395
17792;2018-09-18;1.8353
17793;2018-09-19;1.843
17794;2018-09-20;1.8362
17795;2018-09-21;1.843
17798;2018-09-24;1.8428
17799;2018-09-25;1.8439
17800;2018-09-26;1.8461
17801;2018-09-27;1.8509
17802;2018-09-28;1.871
17805;2018-10-01;1.8678
17806;2018-10-02;1.8741
17807;2018-10-03;1.8687
17808;2018-10-04;1.8662
17809;2018-10-05;1.8541
17812;2018-10-08;1.845
17813;2018-10-09;1.8422
17814;2018-10-10;1.8391
17815;2018-10-11;1.7798
17816;2018-10-12;1.7677
17819;2018-10-15;1.7714
17820;2018-10-16;1.7766
17821;2018-10-17;1.8042
17822;2018-10-18;1.8048
17823;2018-10-19;1.7947
17826;2018-10-22;1.7951
17827;2018-10-23;1.7821
17828;2018-10-24;1.784
17829;2018-10-25;1.753
17830;2018-10-26;1.7656
17834;2018-10-30;1.7545
17835;2018-10-31;1.7739
17836;2018-11-01;1.7838
17837;2018-11-02;1.7889
17840;2018-11-05;1.7837
17841;2018-11-06;1.7824
17842;2018-11-07;1.7843
17843;2018-11-08;1.8147
17844;2018-11-09;1.816
17847;2018-11-12;1.815
17848;2018-11-13;1.7956
17849;2018-11-14;1.7878
17850;2018-11-15;1.7761
17851;2018-11-16;1.7811
17854;2018-11-19;1.7763
17855;2018-11-20;1.7475
17856;2018-11-21;1.7315
17857;2018-11-22;1.7372
17858;2018-11-23;1.7434
17861;2018-11-26;1.7446
17862;2018-11-27;1.7629
17863;2018-11-28;1.7751
17864;2018-11-29;1.7882
17865;2018-11-30;1.7867
17868;2018-12-03;1.814
17869;2018-12-04;1.8077
17870;2018-12-05;1.7743
17871;2018-12-06;1.757
17872;2018-12-07;1.7569
17875;2018-12-10;1.7232
17876;2018-12-11;1.7301
17877;2018-12-12;1.7499
17878;2018-12-13;1.747
17879;2018-12-14;1.751
17882;2018-12-17;1.7208
17883;2018-12-18;1.6914
17884;2018-12-19;1.6907
17885;2018-12-20;1.6713
17886;2018-12-21;1.6571
17889;2018-12-24;1.6395
17892;2018-12-27;1.6501
17893;2018-12-28;1.6533
17896;2018-12-31;1.6604
17898;2019-01-02;1.6666
17899;2019-01-03;1.6709
17900;2019-01-04;1.6491
17903;2019-01-07;1.6814
17904;2019-01-08;1.6885
17905;2019-01-09;1.7021
17906;2019-01-10;1.697
17907;2019-01-11;1.7046
17910;2019-01-14;1.7035
17911;2019-01-15;1.7085
17912;2019-01-16;1.7279
17913;2019-01-17;1.726
17914;2019-01-18;1.743
17917;2019-01-21;1.7593
17918;2019-01-22;1.7593
17919;2019-01-23;1.7458
17920;2019-01-24;1.7465
17921;2019-01-25;1.7526
17924;2019-01-28;1.7469
17925;2019-01-29;1.7375
17926;2019-01-30;1.7363
17927;2019-01-31;1.7531
17928;2019-02-01;1.7621
17931;2019-02-04;1.7665
17932;2019-02-05;1.7838
17933;2019-02-06;1.7918
17934;2019-02-07;1.7952
17935;2019-02-08;1.7821
17938;2019-02-11;1.7868
17939;2019-02-12;1.7985
17940;2019-02-13;1.8028
17941;2019-02-14;1.8161
17942;2019-02-15;1.8157
17945;2019-02-18;1.8209
17946;2019-02-19;1.8263
17947;2019-02-20;1.831
17948;2019-02-21;1.8336
17949;2019-02-22;1.8358
17952;2019-02-25;1.8397
17953;2019-02-26;1.8366
17954;2019-02-27;1.8342
17955;2019-02-28;1.8331
17956;2019-03-01;1.8377
17959;2019-03-04;1.8447
17960;2019-03-05;1.8392
17961;2019-03-06;1.8443
17962;2019-03-07;1.8347
17963;2019-03-08;1.833
17966;2019-03-11;1.8329
17967;2019-03-12;1.85
17968;2019-03-13;1.8522
17969;2019-03-14;1.8636
17970;2019-03-15;1.8655
17974;2019-03-19;1.876
17975;2019-03-20;1.8678
17976;2019-03-21;1.8567
17977;2019-03-22;1.8804
17980;2019-03-25;1.8515
17981;2019-03-26;1.8579
17982;2019-03-27;1.8703
17983;2019-03-28;1.8693
17984;2019-03-29;1.875
17987;2019-04-01;1.8875
17988;2019-04-02;1.9001
17989;2019-04-03;1.8952
17990;2019-04-04;1.9028
17991;2019-04-05;1.9004
17994;2019-04-08;1.9052
17995;2019-04-09;1.9006
17996;2019-04-10;1.8913
17997;2019-04-11;1.8984
17998;2019-04-12;1.8859
18001;2019-04-15;1.8937
18002;2019-04-16;1.8959
18003;2019-04-17;1.8934
18004;2019-04-18;1.9021
18009;2019-04-23;1.9046
18010;2019-04-24;1.9236
18011;2019-04-25;1.9342
18012;2019-04-26;1.9349
18015;2019-04-29;1.937
18016;2019-04-30;1.9351
18017;2019-05-01;1.9331
18018;2019-05-02;1.9302
18019;2019-05-03;1.9357
18023;2019-05-07;1.9285
18024;2019-05-08;1.9017
18025;2019-05-09;1.8969
18026;2019-05-10;1.8892
18029;2019-05-13;1.8909
18030;2019-05-14;1.8657
18031;2019-05-15;1.8801
18032;2019-05-16;1.8941
18033;2019-05-17;1.9137
18036;2019-05-20;1.9073
18037;2019-05-21;1.9088
18038;2019-05-22;1.9098
18039;2019-05-23;1.9005
18040;2019-05-24;1.8951
18043;2019-05-27;1.8964
18044;2019-05-28;1.8988
18045;2019-05-29;1.8805
18046;2019-05-30;1.877
18047;2019-05-31;1.8735
18051;2019-06-04;1.8456
18052;2019-06-05;1.8715
18053;2019-06-06;1.8842
18054;2019-06-07;1.8912
18057;2019-06-10;1.8963
18058;2019-06-11;1.9073
18059;2019-06-12;1.9095
18060;2019-06-13;1.9156
18061;2019-06-14;1.9184
18064;2019-06-17;1.9248
18065;2019-06-18;1.9356
18066;2019-06-19;1.9481
18067;2019-06-20;1.9483
18068;2019-06-21;1.9514
18071;2019-06-24;1.939
18072;2019-06-25;1.939
18073;2019-06-26;1.9265
18074;2019-06-27;1.9188
18075;2019-06-28;1.9236
18078;2019-07-01;1.9395
18080;2019-07-03;1.971
18081;2019-07-04;1.9789
18085;2019-07-08;1.9789
18086;2019-07-09;1.9697
18087;2019-07-10;1.9673
18088;2019-07-11;1.9705
18089;2019-07-12;1.9728
18092;2019-07-15;1.9732
18093;2019-07-16;1.9803
18094;2019-07-17;1.977
18095;2019-07-18;1.9715
18096;2019-07-19;1.9751
18099;2019-07-22;1.9686
18100;2019-07-23;1.9816
18101;2019-07-24;1.9934
18102;2019-07-25;1.9927
18103;2019-07-26;1.9853
18106;2019-07-29;1.9973
18107;2019-07-30;1.9903
18108;2019-07-31;1.9795
18109;2019-08-01;1.9829
18110;2019-08-02;1.9584
18114;2019-08-06;1.8897
18115;2019-08-07;1.9071
18116;2019-08-08;1.9087
18117;2019-08-09;1.9291
18120;2019-08-12;1.9229
18121;2019-08-13;1.9022
18122;2019-08-14;1.923
18123;2019-08-15;1.8913
18124;2019-08-16;1.911
18127;2019-08-19;1.928
18128;2019-08-20;1.9436
18129;2019-08-21;1.9341
18130;2019-08-22;1.9437
18131;2019-08-23;1.9498
18134;2019-08-26;1.9068
18135;2019-08-27;1.9227
18136;2019-08-28;1.9269
18137;2019-08-29;1.944
18138;2019-08-30;1.9662
18141;2019-09-02;1.9749
18142;2019-09-03;1.9782
18143;2019-09-04;1.9686
18144;2019-09-05;1.9785
18145;2019-09-06;1.993
18148;2019-09-09;1.9982
18149;2019-09-10;1.9795
18150;2019-09-11;1.9895
18151;2019-09-12;1.9946
18152;2019-09-13;1.9913
18155;2019-09-16;1.9935
18156;2019-09-17;1.9891
18157;2019-09-18;1.9904
18159;2019-09-20;1.9986
18162;2019-09-23;1.9986
18163;2019-09-24;2.003
18164;2019-09-25;1.9813
18165;2019-09-26;2.0068
18166;2019-09-27;2.0091
18169;2019-09-30;2.0016
18170;2019-10-01;2.0109
18171;2019-10-02;1.9828
18172;2019-10-03;1.9493
18173;2019-10-04;1.9581
18176;2019-10-07;1.9794
18177;2019-10-08;1.9729
18178;2019-10-09;1.9585
18179;2019-10-10;1.9585
18180;2019-10-11;1.9776
18183;2019-10-14;1.9837
18184;2019-10-15;1.9921
18186;2019-10-17;1.9939
18190;2019-10-21;1.9863
18192;2019-10-23;1.9941
18193;2019-10-24;2.0044
18194;2019-10-25;2.0082
18198;2019-10-29;2.0223
18199;2019-10-30;2.0217
18200;2019-10-31;2.0262
18201;2019-11-01;2.025
18204;2019-11-04;2.0338
18205;2019-11-05;2.0458
18206;2019-11-06;2.0534
18207;2019-11-07;2.0597
18208;2019-11-08;2.071
18211;2019-11-11;2.0704
18212;2019-11-12;2.0725
18213;2019-11-13;2.0732
18214;2019-11-14;2.0766
18215;2019-11-15;2.0659
18218;2019-11-18;2.0789
18219;2019-11-19;2.0781
18220;2019-11-20;2.0651
18221;2019-11-21;2.0565
18222;2019-11-22;2.0609
18225;2019-11-25;2.0749
18226;2019-11-26;2.0861
18227;2019-11-27;2.094
18228;2019-11-28;2.0949
18229;2019-11-29;2.0897
18232;2019-12-02;2.0813
18233;2019-12-03;2.0536
18234;2019-12-04;2.0487
18235;2019-12-05;2.0551
18236;2019-12-06;2.0573
18239;2019-12-09;2.0731
18240;2019-12-10;2.0599
18241;2019-12-11;2.0657
18242;2019-12-12;2.066
18243;2019-12-13;2.0826
18246;2019-12-16;2.0925
18247;2019-12-17;2.0876
18248;2019-12-18;2.0969
18249;2019-12-19;2.0969
18250;2019-12-20;2.1104
18253;2019-12-23;2.1237
18254;2019-12-24;2.1258
18257;2019-12-27;2.1272
18260;2019-12-30;2.1167
18261;2019-12-31;2.1046
18263;2020-01-02;2.1164
18264;2020-01-03;2.1309
18267;2020-01-06;2.1064
18268;2020-01-07;2.1255
18270;2020-01-09;2.1402
18274;2020-01-13;2.1442
18276;2020-01-15;2.1546
18277;2020-01-16;2.1588
18278;2020-01-17;2.1846
18281;2020-01-20;2.1876
18282;2020-01-21;2.1781
18283;2020-01-22;2.1902
18284;2020-01-23;2.1836
18285;2020-01-24;2.197
18288;2020-01-27;2.1685
18289;2020-01-28;2.1544
18290;2020-01-29;2.1739
18291;2020-01-30;2.1662
18292;2020-01-31;2.1653
18295;2020-02-03;2.1419
18296;2020-02-04;2.1688
18297;2020-02-05;2.201
18298;2020-02-06;2.2238
18299;2020-02-07;2.2363
18302;2020-02-10;2.2289
18303;2020-02-11;2.2534
18304;2020-02-12;2.2499
18306;2020-02-14;2.262
18309;2020-02-17;2.2601
18310;2020-02-18;2.2563
18311;2020-02-19;2.2617
18312;2020-02-20;2.2607
18313;2020-02-21;2.251
18316;2020-02-24;2.2033
18317;2020-02-25;2.1574
18318;2020-02-26;2.1017
18319;2020-02-27;2.0829
18320;2020-02-28;1.9872
18323;2020-03-02;1.9602
18324;2020-03-03;2.0372
18325;2020-03-04;2.0331
18326;2020-03-05;2.0422
18327;2020-03-06;1.9404
18330;2020-03-09;1.8853
18331;2020-03-10;1.837
18332;2020-03-11;1.8413
18333;2020-03-12;1.7733
